cod_ibge7,nome_municipio,uf,meses_dado,total_cat,total_obito,total_cid_mental,corr_n_cat_lag0,corr_n_cat_lag1,corr_n_cat_lag2,corr_n_cat_lag3,corr_n_cat_lag6,corr_n_obito_lag0,corr_n_obito_lag1,corr_n_obito_lag2,corr_n_obito_lag3,corr_n_obito_lag6,corr_n_cid_mental_lag0,corr_n_cid_mental_lag1,corr_n_cid_mental_lag2,corr_n_cid_mental_lag3,corr_n_cid_mental_lag6
1100023,ARIQUEMES,RO,24,256,1,0,-0.08047742228289748,-0.24838656580356194,-0.056633215933766634,0.24019850725720931,0.22087406740405743,0.16420494071363728,0.15612777838736241,0.13151272746117285,-0.1995065938018895,-0.18610323617140284,,,,,
1100049,CACOAL,RO,24,549,2,4,-0.27121469349070265,-0.38118038948869704,-0.04390366895583326,0.14056238295237425,0.6418076290747001,-0.1717736338084837,-0.18066417986025618,-0.1696932866035796,-0.179247713966054,-0.15733881028688976,0.04825383367487443,-0.2262404526381345,0.03094135162027918,-0.22495409568451666,0.6658511719679435
1100064,COLORADO DO OESTE,RO,24,27,0,0,-0.026952595591194454,-0.220702850800625,0.09803797874181688,-0.3990671990335369,0.14083575804390605,,,,,,,,,,
1100098,ESPIGAO D'OESTE,RO,24,167,0,0,0.2349519988693264,-0.04973945321468868,0.11725117174643802,0.05592710664274705,0.4021611806502305,,,,,,,,,,
1100114,JARU,RO,24,119,2,0,-0.09398460990347433,-0.07031948106941553,-0.05163486732221591,0.02691746970091405,0.4084750478460431,-0.06079055436800646,0.12843110848653355,0.39145093031665046,0.0,0.1293659042796155,,,,,
1100122,JI-PARANA,RO,24,821,7,3,-0.10799649017110323,-0.21329181184209822,-0.13297157494872527,0.014861613903151409,0.3356553296715097,-0.10924661121816494,0.357437513165116,0.0025269612059900894,0.25975852208525974,-0.09166984970282112,-0.22513928939313688,-0.23753969409062176,-0.2310284308807498,-0.2449489742783178,
1100130,MACHADINHO D'OESTE,RO,24,26,1,0,0.028961615168957695,0.13227350515572056,-0.14250414610539403,0.024691505152969515,0.3369037453061474,-0.10608524687182662,-0.11134924551362411,-0.11716084956187751,-0.12360984849491553,,,,,,
1100148,NOVA BRASILANDIA D'OESTE,RO,24,26,0,0,-0.09227163807459926,-0.10857900462514364,-0.15526495465765805,0.2113323562100148,0.12312646811873461,,,,,,,,,,
1100155,OURO PRETO DO OESTE,RO,24,78,2,2,-0.3566577345227714,-0.3116805425045813,-0.05120116741239588,-0.2651380110195597,0.2140990363940341,0.10942299786241162,0.2568622169730671,-0.0559215614738072,-0.2671939301768366,-0.27128975439762093,-0.16816225395433357,0.35490615515996227,0.2122424897874634,-0.18415070799100533,-0.18610323617140284
1100189,PIMENTA BUENO,RO,24,360,2,0,-0.16661556545317402,-0.21873072711946417,-0.3543936823719954,-0.019927578941999615,-0.21663082997148375,0.24543842165603552,-0.16117733459999695,-0.14823135407896973,0.19549412144051453,-0.15753150945315111,,,,,
1100205,PORTO VELHO,RO,24,1994,8,14,-0.284241092286361,-0.49780075874208574,-0.12308916303591672,0.0325813282829556,0.6090901973430757,0.18139051478608773,-0.04526216786177309,-0.3239748564570617,0.13320174382664401,0.2945709802612615,-0.10105691557184926,-0.1158427324414411,-0.0734135605372793,-0.1725274040978634,0.3324543467423849
1100254,PRESIDENTE MEDICI,RO,24,53,1,0,-0.0058580488744645,0.023507825887475787,-0.31504072090046137,-0.057531721574856094,0.3166057043180908,-0.11883712457469715,-0.1248634111010882,-0.11716084956187751,,,,,,,
1100288,ROLIM DE MOURA,RO,24,423,5,0,-0.17808832936840288,-0.3464208778518346,-0.1417746282985304,0.00037339956203393616,0.6854224897406395,-0.0848700251647707,-0.35244063566756717,-0.08736927124306376,0.12394233388015402,-0.21560984046602585,,,,,
1100304,VILHENA,RO,24,745,5,4,0.03813416015801214,-0.22270964655827347,-0.12741388671135664,0.03344949327077478,0.4793210349783816,0.19180986680019543,0.14731788433293222,0.14161105328963983,-0.1260631283146811,0.1272727272727273,0.5029393537633111,0.17906529329126272,0.325131083564299,0.009771222400810992,0.17108469379751842
1100320,SAO MIGUEL DO GUAPORE,RO,24,81,3,0,-0.1914388033675865,-0.42067049778447274,0.1692619365461523,0.33852015005347885,0.414861764896592,-0.1424807070437933,-0.14956709866438492,0.2623224707405642,0.2583495748430034,-0.12478354962115545,,,,,
1100452,BURITIS,RO,24,35,0,0,-0.20675541306302808,-0.1629053893055084,0.007329088577225987,-0.2764258994778338,-0.11787809253648358,,,,,,,,,,
1100809,CANDEIAS DO JAMARI,RO,24,40,0,0,-0.4863246309081123,-0.4184093451290878,0.01938277075858332,-0.17726899107443328,0.3266066666301137,,,,,,,,,,
1100924,CHUPINGUAIA,RO,24,81,0,0,0.02165292314059829,-0.06585343409002767,0.18444847639641804,0.2031565214175222,0.006950060791578855,,,,,,,,,,
1101104,ITAPUA DO OESTE,RO,24,21,1,0,0.3905573418564984,0.44867076782133286,0.1909900580547736,-0.1301079276509805,0.19421198560948325,0.3871931333870691,0.21320071635561041,0.17390031518436025,0.08197560612767679,,,,,,
1101708,URUPA,RO,24,21,0,0,-0.35606486917659036,-0.4310782895910051,-0.049499388341243046,0.04459336028054224,0.3392489372986924,,,,,,,,,,
1200104,BRASILEIA,AC,24,64,1,0,0.23642358054570953,-0.07712524851847316,-0.024410612111255822,-0.1835157430350965,-0.16623292171469548,-0.14361283900820412,-0.1512186664008184,-0.14564381625088382,0.3521153786082036,-0.12837345383073615,,,,,
1200203,CRUZEIRO DO SUL,AC,24,141,6,5,-0.22262449540878498,-0.21717041799950085,0.028628804264038802,-0.10810791775561472,0.11699447141668005,-0.304819971239475,0.08596253970731511,0.10540334061485307,-0.33621165582406826,-0.18610323617140284,-0.16816225395433357,-0.17745307757998113,-0.17365294618974278,-0.18415070799100533,-0.18610323617140284
1200252,EPITACIOLANDIA,AC,24,25,0,0,0.0854713955645304,0.15562892501789075,-0.06306816687924117,-0.4358626916075164,0.18804081262335434,,,,,,,,,,
1200401,RIO BRANCO,AC,24,1129,7,6,-0.19343384936294045,-0.3546490639002034,-0.0959136753856654,0.042798008385063924,0.47041633464166777,-0.14456082739572798,-0.06699969945027315,-0.4034346459725531,-0.0020472641496261396,-0.0061109669993029015,-0.4423258684646914,0.22780085207476597,-0.4642838300207472,-0.325703680821287,0.1873993730564461
1200450,SENADOR GUIOMARD,AC,24,28,0,1,-0.11388643420538565,-0.26459078782932427,0.07893394666110057,0.2541929476060724,0.3816083415045591,,,,,,0.44065067409966735,-0.09726832530780989,-0.10222556095668148,-0.10771355506504919,0.35302699803452436
1301852,IRANDUBA,AM,24,138,0,0,-0.2941311269641503,-0.37784407202726195,-0.35480303681708336,-0.08220178879832268,0.2209639937946812,,,,,,,,,,
1301902,ITACOATIARA,AM,24,73,5,0,0.05199007890647646,-0.1430073423838704,-0.0697563952066641,0.07016701164690974,0.09504379193029758,0.09865723536929825,-0.20861731638973613,0.3050009531294678,0.09972337429718006,0.13808022255168254,,,,,
1302504,MANACAPURU,AM,24,39,0,3,-0.3000892118435587,-0.33904993425166685,0.041080999984535606,-0.2151552294121285,0.00989331771525965,,,,,,0.09593435041380223,0.03223673378486251,0.22988885405523124,-0.2231374522142017,-0.27081998823669284
1302603,MANAUS,AM,24,11668,44,83,0.15159036380646285,0.02970921601909142,-0.09764605123604066,-0.04332242888591059,-0.20159121746278166,-0.11177263818375693,-0.10649522133867169,-0.165902032409735,-0.09232336462111752,0.17876377430513843,0.23983327077989444,0.22758053951693935,-0.041405175734446166,0.017992871609134164,-0.37879774537937916
1303403,PARINTINS,AM,24,50,0,0,-0.3843610662257028,-0.37084345844642186,-0.12080495616334357,0.08082014724434225,0.6786486740468083,,,,,,,,,,
1303536,PRESIDENTE FIGUEIREDO,AM,24,56,0,0,-0.4333032196946035,-0.5529552055237194,-0.23663533670459055,-0.27752807231828536,0.6231812589221702,,,,,,,,,,
1400100,BOA VISTA,RR,24,1457,6,4,-0.23924419057918153,-0.20917713319564368,-0.02446004553309847,0.08140041175688426,0.6360472589495145,0.08762844602771316,-0.25023663043631567,-0.023520793082183154,0.18207982102498288,-0.14790713033090194,-0.23744482149444854,0.05750779705679304,-0.19030152176409712,-0.2012461179749811,0.5028842431250666
1400472,RORAINOPOLIS,RR,24,56,0,0,-0.1090763269450296,-0.03229265822069518,0.026540869966147487,0.31032470648566707,0.25049834826012146,,,,,,,,,,
1400506,SAO JOAO DA BALIZA,RR,24,29,0,1,-0.24485259180155192,-0.001607478399969992,0.04705118357783149,-0.22737185503064464,0.0941780942834177,,,,,,0.3938904254272368,-0.13810125124221703,-0.13152996260015795,-0.13894392281577547,-0.167169043324589
1500107,ABAETETUBA,PA,24,122,2,0,-0.37535606479547085,-0.04101955123544739,0.018508886646844257,0.012010793545132032,0.5152181349053477,-0.15584561614612077,-0.1642739187739858,-0.15960582506597942,0.21128856368212914,0.39879264893872035,,,,,
1500206,ACARA,PA,24,60,0,0,-0.053045198684219065,0.03712603030653232,0.021877056329580816,-0.06058139700674481,0.29239671571760656,,,,,,,,,,
1500347,AGUA AZUL DO NORTE,PA,24,259,0,0,-0.11419055445083902,-0.17792392825796258,-0.06583941205608079,0.0,0.18717303645318098,,,,,,,,,,
1500602,ALTAMIRA,PA,24,193,2,0,-0.1976468770982145,-0.07793573742609722,0.11510441400234442,0.24099344803036982,0.3465907245500209,-0.1312525635516668,-0.1380498647283479,0.4601438423330581,,,,,,,
1500800,ANANINDEUA,PA,24,1252,8,12,-0.19722666993868437,-0.07866276229365414,0.06908251860575258,0.22521574904271338,0.7829301839446744,-0.26147889421751064,-0.43158604584028193,0.0007896322827985572,0.09814634357195262,-0.18768604913002362,-0.05137776401965857,0.2376352274226341,-0.08881744935148912,-0.009277498988436387,0.7197347293072801
1501303,BARCARENA,PA,24,470,2,0,-0.20718959021081107,-0.14014280942485147,0.24821022282060973,0.19717261904761904,0.48249992370157513,0.19462473604038075,-0.2188133016843699,-0.014455675886984463,0.521168438562221,0.05610990015605434,,,,,
1501402,BELEM,PA,24,4767,27,50,-0.20325684079099487,-0.04585042005724332,-0.05459431011058181,-0.0773357711804655,0.0013060518664261079,-0.16039971511253678,0.11061036237605397,-0.07879789088851799,-0.09110849785239457,0.10436381440957358,-0.16723010599223076,-0.2421635647142761,-0.01267711043699837,-0.12784503403107553,-0.1419800734486741
1501501,BENEVIDES,PA,24,216,6,1,-0.27276344222672494,-0.2163530315326981,0.00689734066162782,0.2524788247184055,0.6974181762474626,-0.22513928939313688,-0.23753969409062176,0.4856847694652128,-0.2449489742783178,0.34562029574689096,-0.15584561614612077,-0.1642739187739858,0.3790638345317012,,
1502152,CANAA DOS CARAJAS,PA,24,277,0,0,-0.0569169323321165,-0.12884823194982756,0.13841272008722016,0.08525758163674951,0.204397579190107,,,,,,,,,,
1502202,CAPANEMA,PA,24,150,1,0,-0.08062166502053168,-0.5462236021901057,-0.1373010260421209,-0.015155941878729737,0.4433470480288033,-0.16816225395433357,0.07098123103199246,0.13506340259202215,-0.18415070799100533,-0.20528572777068282,,,,,
1502301,CAPITAO POCO,PA,24,42,0,0,-0.2751371882521707,0.040351740019389265,0.13013627873163952,-0.001524248570629714,0.23798360526444148,,,,,,,,,,
1502400,CASTANHAL,PA,24,795,8,3,0.08784907299868654,0.12434985798119878,0.14138770357404326,0.09750712829281619,0.12675245166790614,0.24891834842487284,0.2402201901573516,-0.019237061415773537,-0.29111700717899697,0.19558286334562802,-0.010843334143872589,0.25172447134072373,0.21460298801401362,0.05354795526016659,0.384558538860345
1502756,CONCORDIA DO PARA,PA,24,85,0,0,-0.43806620225166126,-0.18522922253630358,-0.05986243230371668,-0.01564586096506115,0.574436340048256,,,,,,,,,,
1502764,CUMARU DO NORTE,PA,24,38,0,0,-0.22422896172595316,-0.061300142967639706,0.3194895690512357,0.19804601129086483,0.24417799101581217,,,,,,,,,,
1502772,CURIONOPOLIS,PA,24,24,0,0,-0.24373665854671717,-0.15796500262992286,-0.10647627942784432,-0.11670448492447143,0.19671450457887285,,,,,,,,,,
1502939,DOM ELISEU,PA,24,24,0,0,-0.27322149606042534,-0.3031957032835445,-0.08018593191159042,-0.14477857033077157,-0.1467663285500499,,,,,,,,,,
1503606,ITAITUBA,PA,24,347,5,0,-0.22921809243454785,-0.3577058801685216,0.2142075241285876,0.2465519586702268,0.19807469298303246,0.15031023818044917,-0.20861731638973613,-0.2200006875032226,-0.2326878733600868,0.034179948273305207,,,,,
1503903,JURUTI,PA,24,26,0,0,-0.01724021823560629,0.013201539389244411,0.17103338519021744,-0.07989413438797195,0.2993223781724722,,,,,,,,,,
1504208,MARABA,PA,24,1020,5,6,-0.050784253603377,-0.12307942615259847,0.07226870624725884,0.09905535463072482,0.6613888814728326,-0.0007312380137361214,0.07277400684867477,-0.20898577616662553,0.32824397594488736,0.4902282117272396,-0.385694607919935,0.012115241634870686,-0.4036867138796656,-0.002048681432004008,0.598765823179765
1504422,MARITUBA,PA,24,215,2,3,-0.4358584318852001,-0.41550353624766323,-0.04986700584941109,0.11614706978413035,0.6796103997580963,0.19462473604038075,-0.2188133016843699,0.40475892483556497,0.29580398915498085,-0.20528572777068282,0.07831639051629698,-0.21858713800462334,0.2067441924074892,0.13413872400955498,0.33358930762735955
1504703,MOJU,PA,24,119,2,0,0.03737159550694232,0.2492245812794757,0.4050970915259431,-0.05939403742042774,0.3922811366139137,-0.2188546613486056,-0.06627719183378276,-0.23155625172468544,-0.2307367257714262,0.22474262977070078,,,,,
1505031,NOVO PROGRESSO,PA,24,135,2,0,-0.2522060343660346,-0.14011060655295848,0.14910707310996346,0.5091119976763565,0.15753988689866,-0.1312525635516668,0.2366569109628821,-0.13146966923801662,-0.13887301496588275,,,,,,
1505304,ORIXIMINA,PA,24,112,1,2,0.06806663484336589,0.12954888212349186,0.04226623272295075,0.07270134609599369,0.3452559471024468,0.34097520463683817,-0.1511670118591232,0.22877433878172254,-0.15397947077242097,-0.14790713033090194,-0.14356850721551082,-0.1511670118591232,0.3535603417535712,-0.15397947077242097,
1505437,OURILANDIA DO NORTE,PA,24,101,0,0,-0.31469413028804544,-0.39647497829396083,0.14483461283656418,0.1469746076143904,0.22429289743408384,,,,,,,,,,
1505502,PARAGOMINAS,PA,24,415,3,3,0.09309269447519546,-0.018608173865540444,0.21260332026754844,0.10147541093574135,0.24997237889636478,0.10316159026629465,0.1520606177423467,0.3886216342362243,0.004553825555391872,-0.14790713033090194,-0.20740340660867612,0.12117330476343252,0.04789351126150651,0.1609018362905128,-0.14790713033090194
1505536,PARAUAPEBAS,PA,24,941,2,6,-0.32627427551664384,-0.30777983713507007,0.19625217362223274,0.2882530298428583,0.6272602737099997,-0.1312525635516668,-0.1380498647283479,0.4367510104014703,-0.15397947077242097,0.18610323617140284,-0.2803397284091163,-0.054649103111574227,-0.04876679028649757,0.041326732017013874,0.15502271679864055
1506138,REDENCAO,PA,24,337,5,1,-0.0010032457340746512,-0.06722436373136077,0.08958915004324534,0.1369939797453845,0.3889020612930823,0.14578022521236725,-0.15573932277730748,0.11124370917535013,0.13475713716396945,0.1293659042796155,-0.15584561614612077,-0.1642739187739858,-0.15960582506597942,0.29580398915498085,0.5028842431250666
1506161,RIO MARIA,PA,24,48,0,0,-0.12659921701473334,0.03857443428773936,-0.15993209263915933,-0.17976126578889215,0.5188304418110224,,,,,,,,,,
1506203,SALINOPOLIS,PA,24,48,0,0,0.04448989004351608,-0.21453467589261216,-0.071518716316492,-0.006471973516930315,-0.12261220736949902,,,,,,,,,,
1506351,SANTA BARBARA DO PARA,PA,24,41,0,0,0.16077909738695212,-0.13243917874310598,0.06245272659245635,0.295487525058422,0.237391452687849,,,,,,,,,,
1506500,SANTA ISABEL DO PARA,PA,24,281,4,1,-0.19333180823791354,-0.2488817715952329,-0.09101675768346985,0.1130002499864408,0.7237404524760533,-0.011628709531095474,-0.29545309099859585,0.027214312928612247,0.07958452886304132,,-0.19319063217188104,-0.20432474352564461,-0.20221507614411266,0.21502005593466966,0.3849107395700303
1506583,SANTA MARIA DAS BARREIRAS,PA,24,79,1,0,-0.2041710050462675,-0.4170843187784803,-0.05371332111175118,-0.4636670763098876,0.5925485791801354,-0.1312525635516668,0.19721409246906846,0.4601438423330581,0.2777460299317655,-0.12837345383073615,,,,,
1506708,SANTANA DO ARAGUAIA,PA,24,133,2,2,-0.42645511183374485,-0.6450197110017079,-0.11926791946533884,-0.16922099999944637,0.31267468236051243,-0.1312968084757456,-0.13810125124221703,-0.14564381625088382,0.19806490046711453,0.4179226083114725,-0.1312968084757456,-0.13810125124221703,-0.14564381625088382,0.19806490046711453,0.4179226083114725
1506807,SANTAREM,PA,24,687,5,6,-0.14872993165499243,-0.14208111301096635,0.17676569732094585,0.2509578268141827,0.18836166286968087,-0.00044095311345590234,0.03491625829491583,-0.046620339946247924,0.014717777039140905,0.1948877233196459,-0.058600329589805565,-0.30706299579511787,0.25852409601187964,0.11504474832710555,0.251000996042554
1507003,SANTO ANTONIO DO TAUA,PA,24,48,0,0,-0.36353525323714436,-0.41605338390154617,-0.12146577624307922,0.26498772457857733,0.5647588773255041,,,,,,,,,,
1507300,SAO FELIX DO XINGU,PA,24,156,1,0,-0.04053925316266355,-0.2129959200177908,-0.05676707346313939,0.16168260744670374,0.47933488924908074,-0.16816225395433357,0.2839249241279698,0.09647385899430154,0.20461189776778368,-0.1670466199882679,,,,,
1507458,SAO GERALDO DO ARAGUAIA,PA,24,88,2,0,0.18833452364426706,0.29376405514267345,0.3597797555345358,0.5021782205967223,0.4178752437781501,-0.14356850721551082,-0.1511670118591232,-0.14558367013382342,-0.15397947077242097,,,,,,
1507607,SAO MIGUEL DO GUAMA,PA,24,66,0,0,-0.0470226011659328,-0.16474031402813852,0.0636805117291489,0.036627214716184096,0.07416687128586709,,,,,,,,,,
1507953,TAILANDIA,PA,24,289,1,0,-0.283625128222293,-0.37374611951582065,-0.14272532324004503,0.02530838170245508,0.6632533691775421,-0.15589041868151407,-0.16432629368963952,0.13970818763867288,0.2747919909638422,-0.18622759518038343,,,,,
1508001,TOME-ACU,PA,24,116,2,0,-0.12207932113266658,-0.2714630224993761,-0.14390319365753812,0.046310690246669756,0.4907826062076111,-0.16816225395433357,-0.17745307757998113,0.40519020777606646,-0.18415070799100533,0.17962501179934748,,,,,
1508084,TUCUMA,PA,24,100,2,0,-0.02129106448836882,-0.10575741788027572,0.12734015083413447,0.24003874084763333,0.3292752674145417,-0.1312525635516668,-0.1380498647283479,-0.13146966923801662,-0.13887301496588275,0.5455871787806285,,,,,
1508100,TUCURUI,PA,24,98,0,0,-0.04925125775397578,0.20208396826752809,0.11363290900769013,0.23980917597596096,0.04254340275213192,,,,,,,,,,
1508126,ULIANOPOLIS,PA,24,51,3,0,0.0398669567670966,-0.003316093196903188,-0.03198120520947898,-0.34332150620414753,0.07819481333138775,0.17101532785339557,0.5074293431990754,-0.19030152176409712,0.15013599277498588,-0.1868108151774625,,,,,
1508407,XINGUARA,PA,24,126,6,0,-0.26606062523193114,-0.4482857994886212,-0.01025343253212079,-0.04136786903439939,0.4069390349598821,-0.20093450923767167,-0.4088051093190469,0.11013346473215285,-0.14430242670265883,0.23927558936323223,,,,,
1600303,MACAPA,AP,24,993,5,2,-0.30845729265768934,-0.30566337730066695,-0.1675107529059139,-0.1361559411850059,0.19424309334846107,-0.07527994849800138,0.07777364859777568,-0.201636825795931,-0.1436067394758882,-0.41440493332397826,-0.16816225395433357,-0.17745307757998113,-0.187812056606337,0.23931721056523975,0.07491420992356691
1600402,MAZAGAO,AP,24,34,1,0,-0.07062958819928572,0.021514554484121505,0.060466079034904634,-0.15145903149176898,0.39276521975612805,-0.10603951061323537,-0.11129646084817227,0.3044586811155281,,,,,,,
1600600,SANTANA,AP,24,95,0,1,,,,,,,,,,,,,,,
1700301,AGUIARNOPOLIS,TO,24,36,0,0,-0.06550238191131025,-0.20721984669975743,0.09804741516365859,-0.17613297139249595,0.10257909074225711,,,,,,,,,,
1700707,ALVORADA,TO,24,36,0,0,-0.1511018670272529,-0.08753197454262433,0.09454334624302912,-0.14352999118337154,-0.2309840078367746,,,,,,,,,,
1702109,ARAGUAINA,TO,24,989,8,3,-0.13088370252128242,-0.1582508358279413,-0.07857565379091136,-0.037791247230496886,0.4987039729402171,-0.19287740073395543,0.4852381993978889,-0.12492857734719952,-0.16964104917380451,0.14980783816461407,-0.1524099856197375,-0.1074531746341439,-0.3162100218445592,0.33621165582406826,0.2053458319229795
1703867,CARIRI DO TOCANTINS,TO,24,57,1,0,-0.012241819118672287,-0.1015887836846026,0.10918117878702586,-0.19201263981230632,0.09275734784033558,-0.14370162593415578,0.17023740135648383,-0.14576433246203113,0.28635803500935286,0.2230556482892539,,,,,
1703909,CASEARA,TO,24,19,0,0,-0.22987724442467475,-0.09070478287481915,0.08354712747462252,-0.16590246694364777,0.32471681597952523,,,,,,,,,,
1708205,FORMOSO DO ARAGUAIA,TO,24,38,0,0,-0.1476250205082747,-0.39428822438172906,0.08898085027682782,0.11203806467617294,0.48859710321372174,,,,,,,,,,
1709500,GURUPI,TO,24,185,2,2,-0.06621421844892698,-0.022783152561674572,0.18245995393422856,0.1519341600075361,0.14796457486305023,0.42566562296071425,-0.2377854672490602,0.1301010829828602,0.4598545046137243,-0.1670466199882679,0.4006264686689075,0.03963091120817669,-0.2312908141917514,0.18394180184548972,
1711902,LAGOA DA CONFUSAO,TO,24,36,2,0,0.2579692291719192,-0.16883077085971143,0.23456425840358772,0.0037662178857735475,-0.05486173302309421,0.06085655933247438,0.15430334996209188,-0.2520054983617653,-0.014867838833500562,0.33442224102789225,,,,,
1714880,NOVA OLINDA,TO,24,50,1,0,0.17892562337686885,0.19296460872175017,-0.025341169985763672,-0.08855632874477659,-0.12164470381441411,-0.15584561614612077,-0.1642739187739858,0.29926092199871146,,,,,,,
1716109,PARAISO DO TOCANTINS,TO,24,189,4,2,-0.23616045061420843,-0.5036773720526925,-0.2736586199113974,0.16796949218116602,0.3321910557488703,-0.21506531412287283,-0.22642797065842277,-0.21283325259742883,0.3465594400082269,-0.18731716231633883,0.40110661618285454,-0.18081392226462883,0.13582576087238327,-0.17935201872551595,0.30439038876405056
1716505,PEDRO AFONSO,TO,24,22,0,0,0.10361468154608774,-0.38883442118815836,0.008416153053885433,-0.266977068304821,0.0,,,,,,,,,,
1718204,PORTO NACIONAL,TO,24,118,0,0,-0.09944967531389555,-0.18373320875049767,0.11212896596672221,-0.11972564745320383,0.3294850111935361,,,,,,,,,,
1721000,PALMAS,TO,24,1260,14,13,-0.2862271460906194,-0.03214916029411889,-0.01720283651242368,0.036939442566909376,0.2104755363112609,-0.1572067390733255,-0.16586730154701393,0.36187343222787294,0.1917976334054485,-0.16840826742715195,-0.13214605626093112,0.278177258598395,-0.14680094608748354,0.2664318214721315,0.4803844614152614
2100055,ACAILANDIA,MA,24,169,3,3,-0.20474009908141066,-0.4291782565596893,-0.110250363509952,-0.1762555784016863,0.6281732302274156,-0.304819971239475,0.0,0.3630559510067161,0.014844107232046476,0.03875567919966014,-0.2429322767894185,-0.25659672623858565,-0.2513615506166574,-0.2668597287575176,0.45196500213054974
2101202,BACABAL,MA,24,78,4,0,-0.25223081846089707,-0.16109528351439703,-0.18772437386966778,0.1250408669609436,0.44425097685856113,-0.2597252018974261,0.2501862197651135,0.09273478567519511,0.015958349864271443,0.10146258389042641,,,,,
2101400,BALSAS,MA,24,315,4,0,-0.2911351366107873,-0.3995608819432952,0.002309411340831716,0.11524702383839966,0.5294977254344608,0.010615894693111676,-0.26860859091488476,0.07588914483419168,-0.22554842722407933,-0.21560984046602585,,,,,
2101608,BARRA DO CORDA,MA,24,37,1,4,-0.1803356167112418,-0.1797876504508583,-0.2678486340888862,-0.1950946519732728,-0.1628336741344347,-0.16816225395433357,0.17745307757998113,-0.17365294618974278,-0.16903085094570333,-0.14790713033090194,-0.021762683129052073,-0.25659672623858565,0.015234033370706508,-0.2449489742783178,-0.14790713033090194
2103000,CAXIAS,MA,24,57,1,0,-0.28111215038309284,-0.2845297048201012,0.10423909805613951,-0.05187763197097155,0.2986826978732812,0.29437505272045034,-0.1642739187739858,0.139655096932732,0.4225771273642583,,,,,,
2103307,CODO,MA,24,44,2,0,0.18413181663493758,0.06502367773374082,0.411292345004314,0.2864331426505277,0.5254404498615624,0.033906784013365505,-0.07195186466194835,-0.3355568881677895,0.19529301700453572,0.5096246800221047,,,,,
2103505,COLINAS,MA,24,27,0,0,-0.2201187741790952,-0.02583246719001064,-0.24083041061375574,0.28101657248156653,0.36778424183673314,,,,,,,,,,
2104800,GRAJAU,MA,24,41,0,0,-0.17882640541638334,-0.025267093643563804,0.09708786890558041,0.4237864189431313,0.5657448405649657,,,,,,,,,,
2105302,IMPERATRIZ,MA,24,721,5,9,-0.3308022303935219,-0.21178105427260496,0.1540264508892126,0.09036844095119193,0.2585791988671439,-0.2429322767894185,-0.25659672623858565,0.3262622146892977,0.08612933044554802,0.28226787568468886,-0.031386759957720306,0.0964398342576088,-0.0397316118744047,0.03536144239907901,0.11940233834809666
2105401,ITAPECURU MIRIM,MA,24,31,0,0,-0.3261634805547128,-0.15148460290111002,-0.0336808283587418,-0.036616600945502314,0.5166606090938216,,,,,,,,,,
2107506,PACO DO LUMIAR,MA,24,67,0,0,-0.22356931766368943,-0.08554131876652825,0.0834445087553572,0.006899292904706973,0.4486069910061765,,,,,,,,,,
2109106,PRESIDENTE DUTRA,MA,24,40,0,0,-0.24349162673705946,-0.16685125626753358,-0.19776307260689605,0.27472719693387804,0.4817861803615926,,,,,,,,,,
2109601,ROSARIO,MA,24,26,3,0,-0.04771669590016949,-0.17230091265303873,-0.40304204113634423,0.17013643537727713,0.7153688811226379,-0.1312525635516668,-0.1380498647283479,-0.13146966923801662,-0.13887301496588275,0.384558538860345,,,,,
2109908,SANTA INES,MA,24,78,0,1,-0.17727049522312763,-0.23962438169132372,-0.027681171945839776,-0.11133709615327493,0.39700776515828434,,,,,,0.1770914128242243,0.27243299136752613,0.27574783110560813,0.03909455562448539,0.3337969573876654
2111201,SAO JOSE DE RIBAMAR,MA,24,151,2,2,-0.22025596153915172,-0.20028856741170176,-0.024065462118980026,-0.1975897356594642,0.03665369698883576,0.05007830858361344,-0.2377854672490602,-0.2312908141917514,0.5824823725107175,-0.20528572777068282,0.15023492575084033,-0.2377854672490602,-0.2312908141917514,0.03065696697424829,0.16832970046816306
2111300,SAO LUIS,MA,24,4659,27,39,-0.2100388607842002,-0.05193255447291531,0.1582797202458897,0.03567945948882644,0.1749877636590715,-0.1427735164423144,-0.1907986484577546,0.30843463124244486,-0.2606122823421444,0.5135915333099111,-0.13693948131214012,-0.039406829764958455,0.3804412386836917,-0.13428814732719038,0.2389696910096087
2111607,SAO RAIMUNDO DAS MANGABEIRAS,MA,24,41,0,1,-0.00558730718221335,0.33292964941946196,0.033254056010558204,0.13643563818878437,-0.01908173752274977,,,,,,-0.1312968084757456,-0.13810125124221703,-0.13152996260015795,-0.13894392281577547,-0.12837345383073615
2112209,TIMON,MA,24,170,2,2,0.04067468205354079,0.09924977352189113,0.11517317238227884,0.07305260677337172,-0.38673254729230655,-0.14356850721551082,0.4157092826125888,-0.14558367013382342,0.17597653802562396,-0.1670466199882679,0.4670993664969138,-0.2188133016843699,0.030138683028602894,0.14362514877844298,-0.24351020133702336
2200400,ALTOS,PI,24,67,3,0,-0.28327181806730584,-0.30282080198708405,0.018550304375301266,0.06542581198920726,0.33495393432595794,-0.304819971239475,-0.02149063492682878,-0.3162100218445592,0.2614979545298308,-0.018703300052018118,,,,,
2201150,BAIXA GRANDE DO RIBEIRO,PI,24,37,2,0,-0.050935837140980184,0.0040751854984700945,0.21211245588606373,0.03709292884127122,0.31758770871328246,0.20589148682698394,-0.21799234196876,0.3792566630111542,-0.2307367257714262,0.31795708809584483,,,,,
2201903,BOM JESUS,PI,24,22,0,0,-0.2925229416745938,-0.17606863371592227,-0.10824247260806401,-0.05755844086553475,-0.0965129361485635,,,,,,,,,,
2202208,CAMPO MAIOR,PI,24,27,0,0,-0.00485494523495327,-0.014722523550807288,-0.019530638921605198,0.27850408404668403,0.03799430468127456,,,,,,,,,,
2203701,ESPERANTINA,PI,24,16,0,1,-0.36969150747560925,-0.15484510853588762,0.19066533411071884,0.1480927869424327,0.24988518943137336,,,,,,-0.14356850721551082,-0.1511670118591232,0.3535603417535712,-0.15397947077242097,0.5028842431250666
2203909,FLORIANO,PI,24,82,0,1,-0.21609705598880455,-0.502115143454879,-0.31791731214153174,-0.06914263828197297,0.3877697263796097,,,,,,0.14774627424162584,-0.19076793510255108,-0.187812056606337,-0.19943100880436643,0.3849107395700303
2207009,OEIRAS,PI,24,21,0,0,-0.19444788639529656,0.14671157549171507,0.17123194487777968,0.23529911907803336,0.5888180333261003,,,,,,,,,,
2207702,PARNAIBA,PI,24,362,3,10,-0.040251711103604586,0.12153294826324354,0.18659991869458648,0.17162567848060833,0.4425354022843377,0.021798416632577595,0.0898955799664385,0.06892069718758204,0.10652357826919225,,-0.12438877269988775,0.29048350937689277,0.12134626793022615,-0.0020100756305184244,-0.378528178725907
2208007,PICOS,PI,24,166,5,0,0.07885674139891448,-0.09832638222856876,0.035985798275804386,-0.18917821549392988,-0.4014018671083757,-0.19183269254018775,-0.20174196763566252,0.17275587987989208,-0.22495409568451666,-0.21523648981281396,,,,,
2208403,PIRIPIRI,PI,24,52,0,2,-0.26917714597128134,-0.20079355352753767,0.019651945762796417,0.06987322754943963,0.18295141547747026,,,,,,0.03127960592323921,-0.23209210055749657,-0.23169663139912886,0.3420345309433452,
2211001,TERESINA,PI,24,2731,16,13,0.04442263603824636,0.262691132643956,0.18917776913478018,0.14770978917519928,,0.39903464779106723,-0.01576200832875677,0.3035814152197567,-0.20173664619648224,,0.09064328222212227,-0.2212478340571402,0.24265730860868603,-0.1716037667440205,
2211100,UNIAO,PI,24,166,1,4,0.12885411678069167,0.16077629781670688,0.017229500990429625,-0.1741864332495011,-0.19289415703684865,0.2692740731403827,-0.1512186664008184,-0.14564381625088382,-0.15405047814108908,,0.14276887770021043,0.5472201782738588,0.21105794120443452,-0.22351992641890323,-0.2157882516181635
2211209,URUCUI,PI,24,28,1,0,0.022777999799769973,-0.28325942350332595,0.17669426489770104,0.005839454948814495,0.29489189805680455,0.04828566607306649,-0.20426810464901227,-0.20214987702065615,0.1563213473469431,0.36120409418331667,,,,,
2301000,AQUIRAZ,CE,24,623,0,4,-0.37525705832951933,-0.24320190515390638,0.19332623108217503,0.026888338587233863,0.3568407216757413,,,,,,0.09402035633558006,-0.2262404526381345,0.027139376633288255,0.11640423658229626,0.031256727809072765
2301109,ARACATI,CE,24,101,0,3,-0.2182250968895682,-0.344836202751959,-0.12823956043214207,-0.0960490594495428,0.4380682235809787,,,,,,0.0232333476705839,-0.2760088324239586,0.026585729990710506,0.027544969439561983,0.3337969573876654
2301901,BARBALHA,CE,24,208,0,0,-0.32926953206202286,-0.3451001103209213,0.13160211740609012,0.2568956017987598,0.4427942936470795,,,,,,,,,,
2302206,BEBERIBE,CE,24,40,0,0,-0.12056138705964535,0.16314202917532164,0.2224613718717104,0.1727738173987528,0.05327026674083568,,,,,,,,,,
2302503,BREJO SANTO,CE,24,40,0,4,-0.33033905731714375,-0.275086705536214,-0.0282325214098984,-0.007532980948385035,0.2669828536505195,,,,,,-0.19314266429226595,0.13617873643267484,-0.20214987702065615,-0.2149418526020468,
2302602,CAMOCIM,CE,24,47,0,2,-0.13957442979380033,-0.07582299780551943,-0.17628235542780707,0.16909693021795638,0.24604274237879975,,,,,,0.20594099782609493,0.2683704581515894,-0.21678559606105302,-0.21502005593466966,0.2824435793280246
2302800,CANINDE,CE,24,42,1,0,-0.5472829404680214,-0.19722587307508516,-0.4425455776483428,0.07652145119441896,0.27180334601836487,-0.16816225395433357,-0.17745307757998113,-0.17365294618974278,-0.18415070799100533,-0.20528572777068282,,,,,
2303501,CASCAVEL,CE,24,242,3,0,-0.25864720111855316,-0.4139863201033601,-0.08534026042481943,-0.25461064648695964,0.23185689265315415,-0.18967533954949783,0.2021747511605508,-0.1903887960276917,-0.20134887321168685,0.23216906029647782,,,,,
2303709,CAUCAIA,CE,24,668,1,8,-0.2566011785688398,-0.32601168573568723,0.11047109881979046,0.0961513605275557,0.14678597395082568,-0.18057877962865382,-0.19076793510255108,-0.187812056606337,0.279203412326113,0.4245138562335459,0.08559852892167269,-0.2183747799609368,-0.23110924527934512,0.0630673785776144,0.0951489719685467
2304103,CRATEUS,CE,24,109,0,2,-0.4325281713474278,-0.31989413683315604,-0.14146831056665493,-0.02768970259203959,0.37979416380511866,,,,,,-0.180625434785001,-0.19082284025122073,-0.18787532494453266,-0.1995065938018895,
2304202,CRATO,CE,24,243,1,0,-0.12482331002805186,-0.18720866205627776,0.014725031778737059,0.21881232963072592,0.4961737105725913,0.3867731840949672,-0.17745307757998113,-0.17365294618974278,0.20461189776778368,0.39879264893872035,,,,,
2304251,CRUZ,CE,24,36,0,1,-0.2660034889861204,-0.3588333904856218,-0.0658461432038115,0.2664244932604233,-0.03452792023520396,,,,,,0.11269453543359728,0.13621649568376307,-0.20221507614411266,-0.21502005593466966,
2304285,EUSEBIO,CE,24,825,1,5,-0.25706849003635135,-0.18914629366708383,0.09905923579766171,0.04973505553950904,0.5338787423772058,0.24375476088166695,-0.1380498647283479,-0.13146966923801662,0.23145502494313785,0.4172137249498924,-0.23744482149444854,-0.25023663043631567,-0.23882651437293667,0.0949965608890004,0.5455871787806285
2304350,FORQUILHA,CE,24,29,2,0,-0.25519256600177015,-0.2865621663011924,-0.11385874140787372,-0.24347606135567784,-0.034120530673794905,-0.10603951061323537,-0.11129646084817227,-0.10222556095668148,-0.10771355506504919,-0.12837345383073615,,,,,
2304400,FORTALEZA,CE,24,11617,58,135,-0.2901199094314321,-0.1649988756199301,0.28344876294237636,0.13349667528129017,0.282719390344145,-0.3158129829916393,-0.151254039507011,0.3517947106446686,0.012653295355658426,0.28057652740421174,-0.3690431479349415,-0.12196076701691172,0.195683259235427,-0.045883146774112364,0.21736749007147171
2305233,HORIZONTE,CE,24,958,1,2,-0.1583439378807565,-0.17230364887028762,-0.024759212512873933,-0.016165144065307797,0.34817462303602276,-0.19314266429226595,-0.20426810464901227,0.018377261547332373,0.19540168418367887,-0.20528572777068282,0.3379996625114654,-0.20426810464901227,-0.20214987702065615,-0.2149418526020468,
2305357,ICAPUI,CE,24,56,0,0,-0.1443466587475698,-0.21772216980789516,0.02964734302019775,0.04538770095794222,0.36049359823953436,,,,,,,,,,
2305506,IGUATU,CE,24,126,2,0,-0.21332668429354654,-0.06838744205282365,0.30581545256739806,0.2075422354796441,0.23154481787488554,-0.015841615217391917,-0.21805099724816637,-0.21678559606105302,0.3846966900564399,-0.2650281835588347,,,,,
2306256,ITAITINGA,CE,24,282,0,0,-0.005373159524453815,0.05108427161294145,0.11046301797539705,0.09318256722472416,0.1836299397499938,,,,,,,,,,
2306306,ITAPAGE,CE,24,45,0,0,-0.05712204270839298,-0.40155242319718115,-0.05644806419195927,0.1682426685730539,0.26593037409787224,,,,,,,,,,
2306405,ITAPIPOCA,CE,24,198,0,0,0.194146159574515,-0.12694547547381566,0.04690142188173483,-0.07977552737989285,-0.03789575773187835,,,,,,,,,,
2306900,JAGUARIBE,CE,24,22,0,0,-0.016801621636364828,-0.1115765830288914,0.16879268210272613,0.2111668186050766,0.054984200676130114,,,,,,,,,,
2307254,JIJOCA DE JERICOACOARA,CE,24,53,0,0,0.15655848910356004,-0.21560003474818873,0.03166985978915471,0.02095746147486784,0.07782405139451817,,,,,,,,,,
2307304,JUAZEIRO DO NORTE,CE,24,808,1,9,-0.31010988019381736,-0.26860155518836976,0.06037125229770505,-0.17363283874493718,0.2945233540387488,-0.19314266429226595,-0.20426810464901227,0.055131784641997125,0.19540168418367887,0.4245138562335459,-0.43281520664221557,0.06388795161967682,-0.17206190852768413,-0.4645043700163753,-0.20020969572296968
2307403,JUCAS,CE,24,26,0,0,-0.041312464533452324,-0.350308802128387,-0.3903119058232814,0.12764459599167322,0.0742527964512125,,,,,,,,,,
2307601,LIMOEIRO DO NORTE,CE,24,297,0,0,-0.04289157833297467,-0.013679209354918382,0.18108466257695316,0.07184259963528374,0.3172938173556274,,,,,,,,,,
2307650,MARACANAU,CE,24,1572,9,9,-0.3995966683303087,-0.152822489014277,-0.07718265943897049,-0.07661274365864129,0.15250133821106515,-0.3507557611764376,0.31118267393798904,0.03261412371763512,-0.04742040651261272,-0.3068842366708962,-0.3934459272337693,0.20672328679708402,-0.18511838852477802,-0.008763841367493648,-0.2093239017686106
2307700,MARANGUAPE,CE,24,176,2,0,-0.11882666113468567,-0.16055833479443343,0.2155082781754394,0.07468345578525297,0.28976286932415984,-0.11879247414119364,-0.12481171852545074,-0.11709949273674157,-0.12353796140044059,,,,,,
2307809,MARCO,CE,24,42,0,0,-0.3426665827244444,-0.39431866512810637,-0.055305920434078525,-0.015531596998392431,0.4618090889515525,,,,,,,,,,
2308005,MASSAPE,CE,24,44,0,0,-0.2596629136645543,-0.28304136589138684,-0.2755728202899978,-0.011834836119803675,0.42943331069607443,,,,,,,,,,
2308708,MORADA NOVA,CE,24,161,4,0,-0.1557251507721246,0.2708988436030295,0.16437375354682052,0.16131733374262158,0.33293555819647475,-0.1342123198723443,-0.1408749938779911,0.2408759503783258,0.2932411821607718,0.7276068751089989,,,,,
2309607,PACAJUS,CE,24,128,0,0,-0.02457414144537625,-0.21049711223301656,0.012812985445281684,0.1505920319038098,0.4540072571354784,,,,,,,,,,
2309706,PACATUBA,CE,24,173,0,0,-0.24912271416994372,-0.25412234183656646,0.04703442524606636,-0.08957778478865894,0.6067140362352983,,,,,,,,,,
2310209,PARACURU,CE,24,49,0,0,-0.2561684721520781,-0.301706676972457,0.23771291998471444,0.07510241001252295,-0.143929644967126,,,,,,,,,,
2310258,PARAIPABA,CE,24,43,0,0,-0.2865226023668031,-0.07231516155533438,0.004218222429422248,-0.09311971715930951,0.12970586974177314,,,,,,,,,,
2310803,PEREIRO,CE,24,66,2,0,-0.2563489322754522,-0.10796097525207554,-0.03168555524365134,-0.02270624575056198,0.22038555579388922,-0.1341431204246545,-0.14079529090477774,0.37577178899027386,-0.09096678634074566,0.6420060662726461,,,,,
2310852,PINDORETAMA,CE,24,22,1,0,-0.21333227572085459,-0.16778775466504575,0.2416048088528905,-0.32527340703418006,0.020880411638822163,-0.11879247414119364,-0.12481171852545074,0.39813827530492135,-0.12353796140044059,-0.14790713033090194,,,,,
2311306,QUIXADA,CE,24,104,0,2,-0.38394637565163486,-0.03546873082705021,0.13463612652074156,0.05926403242096017,0.47890810187181104,,,,,,-0.15584561614612077,-0.1642739187739858,0.4189652907981961,-0.16903085094570333,
2311405,QUIXERAMOBIM,CE,24,166,0,0,0.11476921274819335,0.03607082514923989,0.21235290334607856,0.03401092987613274,0.11790535926624551,,,,,,,,,,
2311504,QUIXERE,CE,24,51,1,0,-0.42513969328021595,-0.44976602516280684,0.07403200049722891,-0.0016634928849702346,0.33740106256832114,-0.1312525635516668,-0.1380498647283479,0.4601438423330581,,,,,,,
2311801,RUSSAS,CE,24,177,0,1,-0.0746104145747993,0.05943919852222731,0.3583968901719255,0.14165298773601048,0.009228478275990073,,,,,,-0.1312525635516668,-0.1380498647283479,-0.13146966923801662,,
2312205,SANTA QUITERIA,CE,24,61,0,0,-0.14874888868891983,-0.08488715413179203,0.07458869385645901,0.20680842078648326,0.19628181948429446,,,,,,,,,,
2312403,SAO GONCALO DO AMARANTE,CE,24,214,0,3,-0.4527268187538525,-0.4259942157904204,-0.2517764442427148,-0.13211684798941478,0.6244116659667444,,,,,,-0.06943296507508848,-0.34654716375821165,0.04559903787045129,-0.04854793875029461,0.3943001861728198
2312908,SOBRAL,CE,24,773,5,5,-0.010936733411221339,-0.03332020245377116,0.14908208704159628,0.15064104785412405,0.5250017249266721,0.21760024914098902,-0.208499568581271,0.13589829176390023,0.06524942261985155,0.10146258389042641,0.15721147271898303,-0.2807524790355467,0.009590468671717766,0.16368951821422695,0.23957013724347614
2313104,TABULEIRO DO NORTE,CE,24,25,0,2,0.28936828717787066,0.201996025563063,0.018031793492113438,0.01935800439216577,,,,,,,0.6595051082089965,-0.06572716413465648,-0.04761904761904761,-0.05000000000000001,
2313302,TAUA,CE,24,97,0,0,-0.031376790330043695,-0.1893158636332506,-0.014691181086195515,-0.02034122159207798,0.3370937612920923,,,,,,,,,,
2313401,TIANGUA,CE,24,109,2,1,-0.06630626928114558,-0.2061835126359856,-0.31974363901331193,0.04020696388677985,0.6317486308208725,-0.11879247414119364,-0.12481171852545074,-0.11709949273674157,-0.12353796140044059,,-0.11879247414119364,-0.12481171852545074,-0.11709949273674157,-0.12353796140044059,-0.10793353340882884
2313500,TRAIRI,CE,24,58,0,0,-0.43072527365507174,-0.18566104126299213,-0.0186349027596018,-0.02469400815890668,0.18999681024103596,,,,,,,,,,
2313807,URUBURETAMA,CE,24,28,0,0,-0.28884245969156264,-0.28063604886486565,0.3481145854490011,0.16207838770822222,0.3614535588989346,,,,,,,,,,
2313906,URUOCA,CE,24,69,0,0,-0.07547882731960089,-0.016820770327038888,0.08069734334980315,-0.22753376043647583,0.17836860141247196,,,,,,,,,,
2314003,VARZEA ALEGRE,CE,24,30,0,0,-0.02661044969967978,-0.1330482968656643,-0.06517892134217847,-0.001486703290566629,0.3486896671555681,,,,,,,,,,
2400208,ACU,RN,24,38,0,0,-0.11065918312713287,0.07466908381257022,0.2553267295181294,-0.09540154639193338,0.44919073115119756,,,,,,,,,,
2401008,APODI,RN,24,51,0,0,-0.20796852384452225,-0.33281673005845636,0.12264833785943467,0.22471048928454512,0.1786523114496769,,,,,,,,,,
2401107,AREIA BRANCA,RN,24,42,0,0,0.31186291943070066,0.14610224143551362,0.1999232942915589,-0.2252320367078636,0.20182135364614,,,,,,,,,,
2401206,ARES,RN,24,63,0,0,0.03244782124155144,-0.02399803305846527,-0.04638941362708508,0.24045888098235804,0.17107590888593702,,,,,,,,,,
2401404,BAIA FORMOSA,RN,24,41,1,0,-0.28336844625654006,-0.41229098426709815,-0.10806673347716164,0.10081093937857646,-0.0984324518541782,-0.14361283900820412,-0.1512186664008184,-0.14564381625088382,-0.15405047814108908,-0.12849851324064712,,,,,
2401453,BARAUNA,RN,24,69,1,0,0.13454089028425548,-0.06955919278316282,-0.09050242061695403,-0.025185983568347295,0.1896305750918588,0.2134112850156818,-0.19076793510255108,-0.187812056606337,-0.19943100880436643,0.34562029574689096,,,,,
2402006,CAICO,RN,24,67,1,2,0.2625248744951397,0.24530831689002253,0.18132460438851142,0.15286017302110197,-0.0803257521412321,-0.11879247414119364,-0.12481171852545074,-0.11709949273674157,0.4447366610415861,,0.12883022535636277,0.09033208993012809,0.27150925856572733,-0.179247713966054,-0.12478354962115545
2402600,CEARA-MIRIM,RN,24,28,1,1,0.06118264057738428,0.1129089080154707,0.22771536402136083,-0.08440652673539607,0.32566422690027713,0.25346584347827067,0.03354630726894867,-0.21678559606105302,-0.23081801403386398,0.22474262977070078,0.25346584347827067,0.03354630726894867,-0.21678559606105302,-0.23081801403386398,0.22474262977070078
2403103,CURRAIS NOVOS,RN,24,51,1,0,0.1929467640159393,0.039613387717914415,0.2303071231213792,-0.07870161878617203,-0.034750070827473487,-0.14356850721551082,0.3401257766830273,0.4367510104014703,0.21997067253202993,-0.12837345383073615,,,,,
2403251,PARNAMIRIM,RN,24,694,4,23,-0.3798908005742656,-0.3890271348764549,0.09410347945774769,0.006696428571428572,0.4070028768165052,0.020291031398236414,-0.2740134787903624,0.4003126491982484,0.16329931618554522,-0.20528572777068282,-0.0968865287408608,-0.25313872011250127,-0.042881192866088165,0.07695174804487283,-0.09020715091401403
2404200,GOIANINHA,RN,24,46,0,2,-0.13117518887684115,0.06438492219490877,-0.3794840459263324,-0.09420317007976348,-0.10492073417491397,,,,,,-0.18057877962865382,-0.19076793510255108,-0.187812056606337,-0.19943100880436643,
2404507,GUAMARE,RN,24,22,0,0,-0.36491789394557117,-0.062006297832537784,-0.09278332391222739,0.11186486496740491,0.2871920231739025,,,,,,,,,,
2406106,JUCURUTU,RN,24,30,0,0,-0.3261686200303,-0.21189465185976553,0.11731175633879416,-0.2569590379515823,0.13440582387498473,,,,,,,,,,
2407104,MACAIBA,RN,24,250,1,5,-0.45828318776148796,-0.40286492629805626,0.18032051338903599,0.04255319425631893,0.44854759432219343,-0.15584561614612077,-0.1642739187739858,0.40519020777606646,,,-0.2819353276246014,-0.2977717651767463,0.5013311327234811,0.005914033881256509,-0.020188183031017066
2408003,MOSSORO,RN,24,816,8,3,-0.3330874658292219,-0.5063828700806448,-0.1965225263596069,-0.03570783782568909,0.48892653561754595,-0.22637077545745748,-0.23829847024844342,-0.251538656513593,-0.2663182451513092,0.258731808559231,0.1665845446283394,-0.20218006145805978,-0.2132300889143164,-0.22554842722407933,0.0909090909090909
2408102,NATAL,RN,24,3913,12,67,-0.2956190106074763,-0.2630964370044891,-0.06752555303145202,-0.2542987804702958,0.11985220428957628,0.003487582336524136,-0.22041112985385483,0.004471778227049961,-0.19245008972987526,0.06672398344005442,-0.2880603555553355,-0.05312839546023687,-0.11409100485628353,-0.3029782773914681,0.0488109765387772
2408300,NOVA CRUZ,RN,24,31,0,0,-0.10785157893255003,-0.20541558050647865,-0.32029853891583504,-0.1843408754511676,-0.07146964580538114,,,,,,,,,,
2408904,PARELHAS,RN,24,33,2,0,0.17672869945106337,-0.07449612747543573,0.08527174516913565,-0.11104027858667803,-0.19356563480244363,-0.03561599279702234,-0.1129969900622951,0.4900629807151174,0.11578983643489289,0.1497195385517849,,,,,
2409407,PAU DOS FERROS,RN,24,50,0,0,0.34007710209562897,-0.0021108323432916304,0.2298243230237275,0.01761675792919714,-0.09761659659973218,,,,,,,,,,
2412005,SAO GONCALO DO AMARANTE,RN,24,191,1,10,-0.4608871927957211,-0.6078921616412433,-0.030292419542541246,-0.08327210412271524,0.4050679437371413,-0.11879247414119364,0.41603906175150246,-0.13146966923801662,0.23145502494313785,0.36193434330791374,-0.32591755487910706,0.019127019193505086,-0.0884396428344599,0.03489024271738316,-0.030997331392245732
2412203,SAO JOSE DE MIPIBU,RN,24,164,0,0,-0.26491563639904037,-0.2518954650780338,0.06769619418850013,-0.018839867610321078,0.46034396976315145,,,,,,,,,,
2414407,TOUROS,RN,24,28,0,0,-0.08229313869835074,-0.13284866181733945,-0.08703079618134776,-0.15155598017434455,0.012196794272844865,,,,,,,,,,
2500601,ALHANDRA,PB,24,32,0,0,-0.308961037513535,-0.07065777430456383,0.22323933485347952,0.23359753971738983,0.09503258174520275,,,,,,,,,,
2501807,BAYEUX,PB,24,121,2,0,-0.1856820003430152,0.07878196606477761,0.27309406190207164,0.18596519935258538,0.207430882448296,-0.07860336953666276,-0.08233397804228353,-0.06892827280530912,-0.07245688373094719,,,,,,
2503001,CAAPORA,PB,24,78,1,0,-0.11318265698356997,0.194908726010423,-0.1671583232979987,-0.17734393044562613,-0.2643820829872717,-0.10608524687182662,-0.11134924551362411,-0.11716084956187751,-0.12360984849491553,-0.10793353340882884,,,,,
2503209,CABEDELO,PB,24,228,0,1,0.07779100731603028,0.19728395578487543,0.07632973608135028,-0.26713377111468783,-0.299712353008994,,,,,,-0.09281641882036987,-0.0973233880494449,-0.10228935226457879,0.4580990851161268,-0.12849851324064712
2503704,CAJAZEIRAS,PB,24,82,0,2,-0.2081006923802034,-0.07621015127632953,0.22408683931821838,0.17542174531222005,0.12343887871568325,,,,,,-0.15589041868151407,-0.16432629368963952,-0.1596665001584833,0.42275690917514186,0.3337969573876654
2504009,CAMPINA GRANDE,PB,24,1203,6,17,-0.16352928518543777,-0.23488011565773115,0.002537567439005894,0.03063274896555154,0.2914053594491659,-0.41191171618443995,-0.018981381562606276,-0.1214129699351451,0.12591721838615097,0.16988823412631449,-0.0764198735518429,-0.03197017802619233,-0.29376116846674755,-0.2363972991317648,0.17350844616788919
2504603,CONDE,PB,24,160,0,1,-0.27626490179251506,-0.0438551705057235,0.22473983556506372,-0.3109869491956249,0.2970723322776993,,,,,,-0.1312968084757456,-0.13810125124221703,-0.14564381625088382,-0.15405047814108908,0.29264336385488826
2506301,GUARABIRA,PB,24,340,1,1,-0.09808052587770874,-0.21282776373968712,0.0918022764148742,0.17811413896832778,0.3621566308437818,-0.2320543517754017,-0.24622263452910204,0.33479792283952925,0.07523547938632788,0.3095043150309844,0.10829203082852079,-0.24622263452910204,-0.246693206302811,0.3009419175453115,
2506806,INGA,PB,24,45,1,0,-0.3357498930656628,-0.27496511704012944,-0.031927969836496845,-0.07085196940629448,0.5505253713467817,-0.15584561614612077,-0.1642739187739858,-0.17365294618974278,-0.18415070799100533,0.436232171512701,,,,,
2507507,JOAO PESSOA,PB,24,2851,13,67,-0.41927085202069286,-0.48009078938834737,-0.0443976505939898,-0.15991438086980433,0.16305849269874412,-0.1248834475459011,0.05685850842114953,-0.11285381134894264,-0.031585419498741066,-0.15188833841711732,-0.28054885442695243,-0.20589274963119591,0.09903145196695189,-0.49064876529210655,-0.28780550224636814
2508604,LUCENA,PB,24,61,0,0,0.2050868667524795,-0.02947266366705064,0.18688034518251306,0.03838354466331647,0.3813368901402975,,,,,,,,,,
2508901,MAMANGUAPE,PB,24,72,0,0,-0.020262878000739833,0.26874321648433774,-0.05006642717953568,0.04423182593392895,-0.31557337422343906,,,,,,,,,,
2510808,PATOS,PB,24,155,2,6,-0.054774429909562106,-0.17409232851274772,-0.1684106342544073,0.0703955373339519,0.3597152387625822,-0.27935319258086394,-0.29575878491481944,-0.2930374852163721,-0.3119838877558582,0.4365037135069471,-0.13682762891794803,-0.43773061444646966,-0.3268816496887303,0.02761027477263708,-0.2994390771035698
2511202,PEDRAS DE FOGO,PB,24,91,0,0,-0.17615396914243478,-0.009378573729329792,-0.05460166914393648,0.20274041448916635,0.16437581912278487,,,,,,,,,,
2512507,QUEIMADAS,PB,24,48,1,0,-0.303840909033362,-0.07374881281240858,-0.05719357834167872,0.04099248818736788,0.34790126687012357,-0.1312525635516668,-0.1380498647283479,-0.13146966923801662,0.4629100498862757,,,,,,
2512903,RIO TINTO,PB,24,30,0,1,-0.19313020552928029,-0.19498795458904888,-0.08909935412112295,0.1376900286288809,-0.039926828487398536,,,,,,-0.10603951061323537,-0.11129646084817227,0.39813827530492135,0.3459062919212336,-0.12837345383073615
2513703,SANTA RITA,PB,24,350,2,2,-0.021546212317983014,0.1639010830647361,0.03183204232305786,0.2792907353079707,0.4032034665018119,-0.22535238862626047,-0.03963091120817669,-0.2312908141917514,0.06131393394849658,0.142047617446597,-0.15584561614612077,-0.1642739187739858,-0.15960582506597942,0.253546276418555,-0.1670466199882679
2516201,SOUSA,PB,24,59,0,0,-0.31081740449886097,-0.5383197826291364,-0.29849835774833033,0.008629332984030368,0.10543068309707253,,,,,,,,,,
2600054,ABREU E LIMA,PE,24,196,0,5,-0.3625956347777174,-0.48487659733303023,0.08190103403733234,0.010918633886732887,0.31738975561627614,,,,,,-0.15318788335166178,-0.1609344164950321,-0.1695007813951502,-0.1790235141109993,-0.14790713033090194
2600104,AFOGADOS DA INGAZEIRA,PE,24,56,2,0,-0.21087420152760264,-0.12244700752491193,0.33714984184031943,-0.03925804220903142,0.19002247153925406,-0.15602505848091566,-0.1644837195220285,0.17983005915089956,-0.16931905379939433,,,,,,
2601102,ARARIPINA,PE,24,110,0,1,-0.30673230123155804,-0.2500418305030954,-0.10031962024136677,-0.31401781782494087,0.2245835614280925,,,,,,-0.14356850721551082,0.37791752964780806,-0.14558367013382342,-0.15397947077242097,-0.1670466199882679
2601201,ARCOVERDE,PE,24,220,4,1,0.16395849664594073,0.0038321805938731574,-0.22953595172657318,0.00722656167022898,-0.14780924020206707,0.10942299786241162,0.051372443394613415,0.0559215614738072,-0.07422053616023239,-0.1670466199882679,0.1849784793497669,0.3194155396439661,0.2894215769829046,0.24553427732134045,0.41761654997066977
2601706,BELO JARDIM,PE,24,288,1,0,-0.6728634670985215,-0.6151970380135274,-0.2960132640802466,-0.1002527895433563,0.5327360708582202,-0.11879247414119364,-0.12481171852545074,0.4601438423330581,,,,,,,
2601904,BEZERROS,PE,24,104,0,0,-0.15840526101000701,-0.21938661904012705,-0.4218886369445294,-0.2360557483745621,0.11542736169169934,,,,,,,,,,
2602902,CABO DE SANTO AGOSTINHO,PE,24,772,5,3,-0.2218736685047164,-0.23248710916513596,0.12776315227076188,0.04373764658300637,0.1778051182142918,-0.3069623803034422,-0.14977421324382498,0.21463914913425192,0.0375119567539049,0.3062521366451578,-0.20740340660867612,-0.21858713800462334,0.0725244599102813,0.15634801073512095,0.3062521366451578
2603454,CAMARAGIBE,PE,24,114,4,5,-0.2690628237763971,-0.45518042156461036,-0.005578126058836284,-0.04584335983910723,0.23889099952366055,-0.13901025150593743,-0.1370555647187388,-0.0914976140225163,0.005764287198883956,0.018703300052018118,-0.3042169637819907,-0.32166101923785634,-0.0914976140225163,-0.132578605574331,0.41147260114439854
2603603,CAMUTANGA,PE,24,85,3,0,-0.4319988736414461,-0.3253226151152108,-0.27879508990268687,-0.08837486141932598,0.046356196370650936,-0.20740340660867612,-0.21858713800462334,0.14111111545273075,-0.2449489742783178,0.1375593591043519,,,,,
2603702,CANHOTINHO,PE,24,70,0,0,-0.3776306284152093,-0.32481514127428435,-0.3511316361931837,-0.08758764452136096,0.10263182553325938,,,,,,,,,,
2604007,CARPINA,PE,24,87,0,1,-0.644023816053009,-0.7192448505615189,-0.1745221446587289,-0.10410527985786858,0.5631209522845131,,,,,,0.31950828251323377,0.2839249241279698,0.20659326226697072,0.23931721056523975,0.02445823754583422
2604106,CARUARU,PE,24,1167,5,13,-0.36221436498354537,-0.42371230265971677,0.1019985910071025,0.0931469494139562,0.5845046238658337,-0.07919498276079574,-0.09430806766675953,-0.043500302991605316,0.1275833529960805,,-0.1272746846070338,-0.3933454554515856,-0.04929005503111542,0.03625542767321207,0.6025536418359311
2605103,CUSTODIA,PE,24,35,0,0,-0.10279384435890497,0.037285490528957466,0.19067530637779143,-0.2057592623713288,0.1421925281954613,,,,,,,,,,
2605202,ESCADA,PE,24,89,1,0,-0.04262077459273412,0.0024418857924207397,0.47620078532699806,0.20308295910014357,0.14050985295374244,-0.18057877962865382,-0.19076793510255108,0.0939060283031685,-0.19943100880436643,0.17962501179934748,,,,,
2605707,FLORESTA,PE,24,19,0,0,-0.052011527418761035,-0.04704012521400251,0.027946377322000275,-0.11350603870781313,0.5654508687737059,,,,,,,,,,
2606002,GARANHUNS,PE,24,215,1,6,-0.5129583883179447,-0.43292872678594546,-0.2777803165759576,-0.047272104431276094,0.42180277900612106,-0.16816225395433357,-0.17745307757998113,-0.17365294618974278,-0.18415070799100533,0.32462824300212334,-0.23032730129979934,-0.4365717759399443,-0.11360785043931437,0.07748751900686214,0.36017155661915357
2606101,GLORIA DO GOITA,PE,24,48,0,0,-0.37026324741748184,-0.3487241603623483,-0.16905129767002738,-0.30649196640884674,0.2505067267905591,,,,,,,,,,
2606200,GOIANA,PE,24,420,0,15,-0.43996691433726404,-0.4880745671651453,-0.1892202631177102,-0.3100269739495704,0.057982904991396245,,,,,,-0.042700145861278634,0.32305495330917716,0.14457908026436614,-0.04273858898450574,-0.306508842968706
2606408,GRAVATA,PE,24,111,0,6,-0.2025621821923802,-0.1859705447611559,-0.025752832859237764,0.17638549018097147,0.34403810839531035,,,,,,-0.19253814742825118,-0.20255884825620574,-0.21367482666972182,-0.22607526112832707,0.38109891506245747
2606804,IGARASSU,PE,24,498,7,2,-0.4293447964750271,-0.33548419663262863,-0.05061593844498237,0.03565580802419492,0.3803193918441757,-0.32080516201045733,-0.33882199931855406,-0.055939344910443105,0.12666653901300318,0.16988823412631449,-0.18979089332840635,-0.1998263134713633,0.21097078120022028,-0.15397947077242097,
2607208,IPOJUCA,PE,24,383,0,4,-0.44237064068240417,-0.7122494081469554,-0.13762407416708208,-0.1977871045117057,0.236304158810071,,,,,,-0.2819353276246014,-0.012946598485945492,-0.3154562424128684,-0.11059243357949672,-0.1211290981861024
2607752,ITAPISSUMA,PE,24,102,2,5,0.1180866087860149,0.09303687959022015,0.18832491370463889,-0.016368603742109473,-0.7056905341979204,-0.14356850721551082,-0.1511670118591232,-0.14558367013382342,-0.15397947077242097,-0.14790713033090194,-0.05140394620886558,-0.011913629512624454,0.07785142501127491,0.21108423122536318,-0.21523648981281396
2607901,JABOATAO DOS GUARARAPES,PE,24,2190,11,21,-0.15599493024714908,-0.17564169181804484,0.045197234834788394,-0.022292420854727112,0.14013048043144577,0.14083168012081432,-0.22204384476391514,0.415262578519352,-0.350646854219839,-0.2920084632009392,-0.17000587157576627,0.24740400107909086,-0.03963956767656482,-0.5210260492953508,-0.24521765612261515
2608503,LAGOA DO ITAENGA,PE,24,172,0,0,-0.3228909019947935,-0.2366551508757842,-0.015193568370275851,0.1348418206155711,0.6422464770246101,,,,,,,,,,
2608750,LAGOA GRANDE,PE,24,95,1,0,-0.16668790633672423,-0.3049986533801198,-0.18225502488327863,-0.04636468244584608,0.10998199489256857,-0.15589041868151407,-0.16432629368963952,0.11580979297430012,-0.18422417725704063,0.07698214791400605,,,,,
2608909,LIMOEIRO,PE,24,51,0,2,-0.3214615373592562,-0.370103280923838,-0.06633171742927658,-0.0170068629472793,0.7550180802904818,,,,,,-0.11883712457469715,-0.1248634111010882,-0.11716084956187751,-0.12360984849491553,0.2960590387431259
2609402,MORENO,PE,24,113,1,1,-0.31526574460463747,-0.23549477365329902,-0.13799296140108816,0.19687851541793183,0.5603145256195513,-0.1312525635516668,-0.1380498647283479,-0.14558367013382342,-0.15397947077242097,,-0.1312525635516668,-0.1380498647283479,-0.14558367013382342,-0.15397947077242097,-0.1670466199882679
2609501,NAZARE DA MATA,PE,24,82,0,0,-0.20351082698198092,-0.4057625351079217,0.14032450806365931,-0.08417770056735534,-0.2333354236000066,,,,,,,,,,
2609600,OLINDA,PE,24,1003,5,12,-0.4098353764339014,-0.4407877560383564,-0.07169814950898092,-0.23672612926944,0.27819258410028164,-0.15684142926501066,0.08775473125218297,-0.1137123129442067,-0.10998533626601496,0.09517474186010713,-0.2453864724633274,-0.2976403009439393,0.08544306558997393,-0.10719521133955241,-0.2847251458369632
2609907,OURICURI,PE,24,60,0,0,-0.2529458753733856,-0.2649082491965671,-0.02340306230990088,-0.052719884473286405,0.6963707186657089,,,,,,,,,,
2610004,PALMARES,PE,24,98,0,0,-0.25049625179771545,-0.01408928253734605,-0.021361897715701093,-0.2430413922285405,-0.16271509256778738,,,,,,,,,,
2610608,PAUDALHO,PE,24,46,1,0,-0.13231730270615155,-0.17637823057782043,0.22789930292394694,0.006521122796347462,0.603373196486294,-0.18057877962865382,-0.19076793510255108,0.3944053188733077,,,,,,,
2610707,PAULISTA,PE,24,814,4,6,-0.34762085962171213,-0.38737501870024993,0.035207831248664556,0.122278359309352,0.49435682514101054,0.0015183267299338657,-0.25659672623858565,-0.08711773898950376,-0.2890029883456696,-0.22474262977070078,-0.2250497619701974,-0.21427333950071586,0.21081851067789198,-0.019943100880436642,0.33020575477208713
2610905,PESQUEIRA,PE,24,34,0,2,-0.09420125743165582,-0.08702346596821389,-0.05227821887053705,-0.22379781341848323,0.03101018337950934,,,,,,0.07511746287542016,-0.2377854672490602,-0.25164702663213245,0.16328517955251126,-0.22474262977070078
2611101,PETROLINA,PE,24,1355,6,13,-0.34013597240506743,-0.473042567361033,-0.0180457305246034,-0.16418575356712808,0.3512062127268528,0.27189521526381805,-0.18520605199313905,0.2745001877394335,-0.010006255865485198,0.0,-0.2808853829017703,-0.28017917183130625,0.008738487821055463,-0.12788889544374163,0.095320645422707
2611309,POMBOS,PE,24,28,0,2,-0.34106111232615755,-0.37845395188757824,-0.35070325840244687,-0.20479888452675463,0.24417799101581217,,,,,,-0.11879247414119364,-0.12481171852545074,-0.11709949273674157,-0.12353796140044059,0.5028842431250666
2611408,PRIMAVERA,PE,24,182,1,0,-0.3123681881385357,-0.3542400425864691,0.06277202703554302,-0.09877661929335739,0.546949761819682,-0.1312968084757456,-0.13810125124221703,-0.14564381625088382,-0.15405047814108908,0.21283153734900964,,,,,
2611606,RECIFE,PE,24,8852,36,153,-0.4056211505419014,-0.31295195095111983,-0.12127767928907404,0.05635106688501206,0.6718383341809077,-0.3808583326876223,-0.42955155297335884,0.019532722605933014,-0.028686921005936183,0.3501369815364642,-0.30811705832185926,-0.3858963849994635,-0.41374134699739146,-0.1338846730347884,0.3216563561717445
2611903,RIO FORMOSO,PE,24,223,1,0,0.017768943110131087,-0.0590956784946895,0.09497564098354871,0.1316718579841238,0.1507391840342972,0.15134602855890017,0.2484343086119736,0.2817180849095055,-0.19943100880436643,0.07698214791400605,,,,,
2612208,SALGUEIRO,PE,24,54,0,0,-0.21052125118363935,-0.12274756325774572,-0.07810924451578549,0.06478843326859877,-0.11981602300127095,,,,,,,,,,
2612505,SANTA CRUZ DO CAPIBARIBE,PE,24,60,0,0,-0.11557386563245298,0.10573704706522587,0.41214930706935965,0.005022257744913286,-0.049343571219842626,,,,,,,,,,
2612604,SANTA MARIA DA BOA VISTA,PE,24,21,2,0,-0.05555991994813994,0.09166728584828673,-0.08691994480571674,-0.08691908539489254,-0.08144889383265899,-0.09276856296835104,-0.09726832530780989,-0.10222556095668148,-0.10771355506504919,-0.12837345383073615,,,,,
2613008,SAO BENTO DO UNA,PE,24,46,0,0,-0.3211963166915929,-0.3899501207407902,-0.329343162537678,-0.25001771730274014,0.4200778476384195,,,,,,,,,,
2613107,SAO CAITANO,PE,24,29,1,0,0.06329478224901297,-0.02136438394623215,-0.18419264354997705,-0.24488712933612908,0.1381134858527617,-0.10603951061323537,0.3561486747141512,-0.10222556095668148,-0.10771355506504919,-0.10793353340882884,,,,,
2613503,SAO JOSE DO BELMONTE,PE,24,25,0,0,-0.2313341523982277,-0.36415936710160945,-0.03477028681700054,-0.27692907255960386,0.11898145404523604,,,,,,,,,,
2613701,SAO LOURENCO DA MATA,PE,24,96,0,1,-0.3860945936803644,-0.2627541439143982,0.0479473295209174,0.03635972294587734,0.5072434750619513,,,,,,-0.16816225395433357,-0.17745307757998113,-0.17365294618974278,-0.18415070799100533,-0.20528572777068282
2613909,SERRA TALHADA,PE,24,170,0,3,-0.13617849740901228,-0.23730405515832348,0.09406885049213272,0.009707441221944453,0.5745388458063612,,,,,,0.1344581867209012,-0.23753969409062176,-0.2310284308807498,0.07581753965757455,-0.1670466199882679
2614204,SIRINHAEM,PE,24,98,1,0,0.07522387767370235,0.3189425159108257,-0.16457373570617334,0.021921406314501825,0.301247572126994,0.3775738119508216,-0.19076793510255108,0.16903085094570333,-0.19943100880436643,0.23094644374201817,,,,,
2614501,SURUBIM,PE,24,39,0,1,-0.17162598676499624,-0.05532651908684456,-0.07002142032189264,0.3128821953364995,0.5314010426445941,,,,,,0.3532364743207176,0.14200524117059518,0.23161958594860024,0.2251628833141608,0.3851503354473063
2614857,TAMANDARE,PE,24,26,1,0,0.0026250788355825644,-0.1507570783884877,0.2773764409058651,0.2182978304670431,0.5097722300360836,0.29437505272045034,-0.1642739187739858,0.25935946573221663,-0.16903085094570333,-0.1670466199882679,,,,,
2615300,TIMBAUBA,PE,24,54,0,1,-0.3789550255190129,-0.1151844285234434,-0.037704333616153864,0.12176450254173014,0.3107455600871929,,,,,,-0.1312525635516668,-0.1380498647283479,-0.13146966923801662,0.23145502494313785,-0.1670466199882679
2615607,TRINDADE,PE,24,23,0,0,0.006718941823114077,0.4449331391125029,-0.25361504835842474,0.33315721265846426,0.18208675045638184,,,,,,,,,,
2616308,VICENCIA,PE,24,43,1,0,-0.047882461074132666,-0.20239679582854783,0.15535865808677363,-0.06286916775669174,0.48094364387868,0.26299493201212193,0.13131873841552108,0.36700664510471803,0.07523547938632788,0.02380802423315265,,,,,
2616407,VITORIA DE SANTO ANTAO,PE,24,625,4,6,-0.4261218586702731,-0.2615479978107779,-0.0003277012841529808,-0.15763550134416,0.2783362415248319,-0.2597252018974261,0.14892036890780566,-0.28993837966622105,-0.30779350562554625,0.027134402863131343,-0.3069623803034422,-0.3242171204336917,-0.04635154548972922,0.0,-0.05245984553538727
2700300,ARAPIRACA,AL,24,506,1,7,-0.28761923068828465,-0.16251248312039757,-0.05276692150330773,0.02016844101658185,0.2690799488462056,-0.18057877962865382,-0.19076793510255108,0.24415567358823811,-0.18415070799100533,-0.18610323617140284,0.15498810797804796,0.06965572451957962,-0.1301645252386409,0.09158722069801756,0.058032854622148466
2701407,CAMPO ALEGRE,AL,24,196,1,0,-0.3039603631850354,-0.3035450654835184,-0.04945049415835165,-0.02577286673759533,-0.04258222322730251,0.04926148221409118,-0.19082284025122073,0.07353275496149549,0.27366188937139774,-0.22474262977070078,,,,,
2702306,CORURIPE,AL,24,178,0,0,-0.11268076663111116,-0.15114614421355138,0.043890913088188745,-0.05454399577500006,0.07397198137623323,,,,,,,,,,
2703205,IGREJA NOVA,AL,24,107,0,0,-0.09558278648651816,0.12583132127682353,0.06775070509587242,0.2827104316292715,-0.1703335966952975,,,,,,,,,,
2704302,MACEIO,AL,24,3494,20,35,-0.27047594138464,-0.16134546579775436,0.029598650212009827,-0.2543496035657844,-0.10038061879223273,0.033854591915823115,-0.4664690581673437,0.17271312261843608,0.20121826962253678,0.19287084589078665,-0.09962692322824755,-0.07343580698319417,-0.22775569215843658,-0.2692485816742675,0.15421505680888656
2704500,MARAGOGI,AL,24,29,0,0,-0.16982874845506712,0.019371478756036665,0.0012906597272726058,0.2444499232835756,0.41629381131264587,,,,,,,,,,
2704708,MARECHAL DEODORO,AL,24,182,2,0,-0.029311883578232757,0.15985505748995418,-0.22647189848471308,-0.07592456552365213,-0.12727949116225842,0.5422596952240182,-0.1998263134713633,0.5080470687000028,0.13433209885189348,0.1293659042796155,,,,,
2705101,MATRIZ DE CAMARAGIBE,AL,24,50,1,0,-0.09042948339317441,-0.21756071037092245,-0.31758056542760343,0.012648248715314558,0.027905269209420793,0.016099219347656755,0.13621649568376307,-0.20221507614411266,-0.21502005593466966,0.32481959476822514,,,,,
2706307,PALMEIRA DOS INDIOS,AL,24,51,1,1,-0.350956411461537,0.04035272001146816,0.3817792200424392,0.35456013421806654,0.5965604291269058,0.2134112850156818,-0.19076793510255108,0.1314684396244359,0.39886201760873286,,-0.18057877962865382,-0.19076793510255108,0.24415567358823811,-0.19943100880436643,
2706703,PENEDO,AL,24,125,0,0,-0.39618648439697857,-0.2614124032080864,-0.10511468729639825,0.01482554048652876,0.2317268636467511,,,,,,,,,,
2706901,PILAR,AL,24,57,0,0,0.06512123429945037,0.30795004240588936,0.12083543614830887,-0.03229089830759209,0.060611091570762166,,,,,,,,,,
2707701,RIO LARGO,AL,24,256,2,0,-0.4013523935924197,-0.32776034109485197,-0.22112147391094594,-0.020031226097337786,0.12190393515397259,-0.1533328790143649,-0.16110092912777269,-0.1696932866035796,-0.179247713966054,0.17248787237282068,,,,,
2708006,SANTANA DO IPANEMA,AL,24,51,0,0,-0.10960793029517038,-0.053248397639307686,0.0382247804422698,-0.08636323515138912,0.36407604808897504,,,,,,,,,,
2708303,SAO JOSE DA LAJE,AL,24,111,2,0,-0.3141044496755572,-0.2293637115871215,-0.20145458143371983,-0.08055176050776032,-0.09510264168744108,-0.10603951061323537,-0.11129646084817227,-0.10222556095668148,-0.10771355506504919,-0.12837345383073615,,,,,
2708501,SAO LUIS DO QUITUNDE,AL,24,138,2,0,-0.3784672449598618,-0.27078530004459717,-0.08506441630784799,-0.17930105356371318,-0.1647076805830819,-0.11879247414119364,-0.12481171852545074,-0.11709949273674157,-0.12353796140044059,,,,,,
2708600,SAO MIGUEL DOS CAMPOS,AL,24,178,1,5,-0.19320941489943597,-0.00028141325164841787,0.2114921405249498,0.11042186225931667,0.26450460594697434,-0.15584561614612077,-0.1642739187739858,-0.17365294618974278,-0.18415070799100533,0.12830357985667676,-0.049364732347045,-0.35232830398800713,0.6341920282315344,0.13779698943327665,0.527289152511279
2709301,UNIAO DOS PALMARES,AL,24,35,0,0,-0.4237588593684855,-0.3066035538951796,0.08897302415513446,-0.214875563494194,0.48376050393136993,,,,,,,,,,
2800308,ARACAJU,SE,24,2802,8,21,-0.2967485433683234,-0.14191172583022316,0.10866206118817842,-0.053741723204460454,0.26265198747679513,-0.15548328360568417,-0.07652380997938578,0.018539723745342608,-0.2247542119345329,0.2984196060026462,-0.25610521215508514,-0.10878422195406812,-0.3743343250296834,0.3041475694781434,0.33426866019727697
2800605,BARRA DOS COQUEIROS,SE,24,49,0,0,0.01570476158105152,-0.015636340459240713,0.038594381602079765,-0.10737996764458246,-0.05300556300661161,,,,,,,,,,
2801306,CAPELA,SE,24,29,1,0,-0.10863248456597817,-0.1189714394776502,0.12430552735826829,-0.20036875034640023,0.4022937086293819,-0.14356850721551082,-0.1511670118591232,-0.14558367013382342,-0.15397947077242097,0.47329875663342574,,,,,
2802106,ESTANCIA,SE,24,162,1,0,-0.29743919559803433,-0.34531972097724767,-0.10403184134188738,-0.07801733361669835,0.25266501454681345,-0.11879247414119364,-0.12481171852545074,-0.13146966923801662,-0.13887301496588275,0.4172137249498924,,,,,
2802908,ITABAIANA,SE,24,141,2,1,-0.18282577089147345,-0.1659254066753621,0.07025724913120382,0.0706675840320852,0.6084758556016956,-0.26111648393354675,0.012551608624469869,0.09525793444156803,0.057872984169219384,-0.18610323617140284,-0.18057877962865382,0.20811047465732843,-0.187812056606337,0.279203412326113,-0.18610323617140284
2803203,ITAPORANGA D'AJUDA,SE,24,23,0,0,-0.043848831648308655,0.04908296865948862,0.04464137969873386,0.062278054403167124,0.13430613567811708,,,,,,,,,,
2803500,LAGARTO,SE,24,126,2,0,-0.35812324023796505,-0.5184975211151379,-0.36935429469544984,-0.0720049339955125,0.2975575745194355,-0.14356850721551082,-0.1511670118591232,-0.14558367013382342,-0.15397947077242097,,,,,,
2803609,LARANJEIRAS,SE,24,97,0,0,0.12033363567798992,-0.1702214879382361,-0.19066441777345955,-0.14288634265263397,0.1598241483604584,,,,,,,,,,
2804508,NOSSA SENHORA DA GLORIA,SE,24,48,0,0,-0.26822362977908376,-0.3478493913070178,-0.060944153122310815,-0.23882457293298107,0.418436664495906,,,,,,,,,,
2804805,NOSSA SENHORA DO SOCORRO,SE,24,276,4,3,-0.34412746560445473,-0.3270248879421416,0.10754030080660577,0.004656833021738665,0.2784593406983561,0.0009422413551367006,-0.25023663043631567,0.2026426798087597,-0.013351713420881406,-0.09587489011639741,-0.18961142199433853,-0.1996197745908794,0.16283793828912213,0.22769127776959358,0.45196500213054974
2805505,POCO VERDE,SE,24,29,0,0,-0.649303229920645,-0.12225442115890528,-0.2561581681742254,-0.1821029543259057,0.2452906262376647,,,,,,,,,,
2805703,PROPRIA,SE,24,23,0,0,0.06734460248283708,0.13531577873975523,-0.31535485619623477,-0.23493700971582637,0.11960060398457519,,,,,,,,,,
2806701,SAO CRISTOVAO,SE,24,113,1,1,-0.2516395234999386,-0.0258695377146791,0.1280586646013869,0.09719191578545246,0.25548458791180895,0.4127594582445936,-0.1511670118591232,0.21945800946572175,0.1267731382092775,0.45196500213054974,0.30508307783296046,-0.1511670118591232,0.3790638345317012,-0.16903085094570333,-0.18610323617140284
2807105,SIMAO DIAS,SE,24,69,0,0,0.03488869724990629,-0.09574213052205566,0.05559205518046889,0.3946152693430377,-0.0040124310432034065,,,,,,,,,,
2900702,ALAGOINHAS,BA,24,363,2,3,-0.17202080945747866,-0.1272588373109471,0.24731704921746914,0.07008643582537542,0.18472610868049544,-0.1533328790143649,-0.16110092912777269,0.23757060124501145,-0.12353796140044059,0.5028842431250666,0.11532776166577341,-0.20218006145805978,-0.2132300889143164,0.43606029263322005,0.21560984046602585
2901353,ANDORINHA,BA,24,17,0,0,0.24435950363355127,-0.06058853173783972,0.19039411386413108,0.02398005688555841,0.12404986400524853,,,,,,,,,,
2902807,BARRA DA ESTIVA,BA,24,37,0,0,-0.03221788432962528,-0.08996772429158657,0.12847580530502564,-0.01932540169068452,0.28809257909528996,,,,,,,,,,
2903201,BARREIRAS,BA,24,421,4,3,0.01894613676276411,0.2244602934203617,0.05500425511698269,-0.24135746240283157,-0.23458987184783672,-0.1135528043650453,0.35716420665052856,-0.09977324263038548,-0.105,-0.08560080883635282,0.26913022441605405,0.2326599312557098,-0.12551362431627985,0.35276684147527876,-0.1084652289093281
2903904,BOM JESUS DA LAPA,BA,24,40,0,0,0.09022534522956217,-0.07285817997227312,-0.14099110759060615,-0.26598665331320825,0.36471343506791204,,,,,,,,,,
2904605,BRUMADO,BA,24,129,3,0,-0.2347340872081355,-0.5039298739309415,-0.16046309899573555,-0.05338227072546826,0.6451223146420941,-0.26032037765138444,-0.08012151855305295,-0.05051568202827216,-0.28125640624110326,-0.24368866248324708,,,,,
2905008,CACULE,BA,24,52,0,0,0.21358752633523925,-0.06858739976272951,-0.025359092135383395,0.4053698420908981,0.44351490072009553,,,,,,,,,,
2905206,CAETITE,BA,24,50,2,0,0.25247433029228455,-0.12163949441079863,0.3325551017012407,0.1394013205169452,-0.04788315383173351,-0.16816225395433357,-0.17745307757998113,-0.17365294618974278,-0.18415070799100533,,,,,,
2905602,CAMACAN,BA,24,31,0,2,-0.4220509438203293,-0.27704927432274334,0.16141620154664513,0.23052648935959827,0.2478175747195634,,,,,,-0.17183819822865823,-0.18073900453932268,0.1270700160967397,-0.20160103219992734,-0.167169043324589
2905701,CAMACARI,BA,24,1204,1,10,-0.021844917582315455,-0.1298427362209394,0.3389201989797426,0.1770214845089553,0.237919140266426,-0.16816225395433357,-0.17745307757998113,0.32801112058062526,0.16368951821422695,0.3849107395700303,-0.11685409909214116,-0.08372489242911722,-0.3897938983308447,0.18563715383027588,0.0640124733949786
2906006,CAMPO FORMOSO,BA,24,38,0,2,-0.27320113967881876,-0.05786023810165802,0.30988480880115216,0.013677140686574175,0.5294837050222403,,,,,,0.2858758317223671,0.2484343086119736,-0.17365294618974278,-0.18415070799100533,0.2924479425550616
2906501,CANDEIAS,BA,24,158,0,2,-0.2738912925921989,-0.33944591925828743,0.09394771892889918,0.06139527590528048,0.517442286792227,,,,,,-0.14356850721551082,-0.1511670118591232,0.3535603417535712,-0.15397947077242097,
2906873,CAPIM GROSSO,BA,24,48,0,2,-0.15592337180025231,0.04196514920360573,0.27408509745379883,0.13032804307088733,0.010326370929651229,,,,,,0.054225969522401815,0.21409962157646067,0.2381470634531264,-0.20149814827784027,0.2573104303901197
2907202,CASA NOVA,BA,24,191,0,0,-0.15384773315399605,-0.15498765597755068,0.16987257707030723,0.30201672198365637,0.6412800101992513,,,,,,,,,,
2907509,CATU,BA,24,97,0,0,-0.2284677680257753,-0.1354690311160842,-0.24814771661759785,0.06585120868912844,0.4398267559566001,,,,,,,,,,
2908101,COCOS,BA,24,29,0,0,0.25585522080214596,0.3921899057013855,0.1020026811415225,-0.03255195875098001,-0.1850619831313978,,,,,,,,,,
2908200,CONCEICAO DA FEIRA,BA,24,34,0,0,-0.060378353133449324,-0.1803851195176738,0.5734243802802883,-0.215791042807609,0.518749395564229,,,,,,,,,,
2908408,CONCEICAO DO COITE,BA,24,118,0,0,0.27431086412091216,0.30890917422842035,0.19431651707752545,-0.0343381508356526,0.28751276013808547,,,,,,,,,,
2908507,CONCEICAO DO JACUIPE,BA,24,196,2,3,-0.1714748233418347,-0.19239593148927286,0.1324466905853739,0.2218001885828824,0.2679798833909503,-0.16816225395433357,-0.17745307757998113,0.24415567358823811,,,-0.2429322767894185,0.037931689965703966,-0.27185677415164294,-0.2890029883456696,-0.18610323617140284
2909307,CORRENTINA,BA,24,52,3,0,0.1967117435275402,0.3971161140375984,0.3579196517131812,-0.048103419959196175,0.21526419295572294,0.1710796072497092,0.25905314812653174,0.13798426139837322,-0.17912768840792184,0.40554653626875514,,,,,
2909802,CRUZ DAS ALMAS,BA,24,104,3,2,-0.2680404859784804,-0.3812344077786281,-0.05015294335538463,0.14572406086602915,0.7913873823852693,-0.1960630024602503,0.2384516843643032,0.002899291810377875,-0.12464379456109857,-0.047762485475119916,-0.23210759356841051,-0.24628611851482343,-0.24676635477181752,0.15052168217162645,0.30721044518728
2910057,DIAS D'AVILA,BA,24,234,0,4,-0.3265306138016132,-0.41540863326103916,0.14571142817245442,-0.06208013283609059,0.33701368873037096,,,,,,-0.14356850721551082,0.18895876482390403,-0.15960582506597942,-0.16903085094570333,-0.20528572777068282
2910602,ESPLANADA,BA,24,66,0,0,-0.2118317914620769,-0.36239223408915827,0.25700887322850774,-0.040428954189157325,0.20880732215001688,,,,,,,,,,
2910701,EUCLIDES DA CUNHA,BA,24,27,1,0,-0.35835570213826723,-0.4480777921293009,-0.3746557662151399,0.05102348901276923,0.28368539654998454,0.2332988242252051,0.26454227075346565,-0.15960582506597942,-0.16903085094570333,0.34562029574689096,,,,,
2910727,EUNAPOLIS,BA,24,327,2,4,-0.02388898033735298,0.006082671047613609,0.15488361831519207,0.14469073073920785,0.6074846968473903,-0.1312525635516668,-0.1380498647283479,0.24102772693636382,-0.13887301496588275,,-0.18979089332840635,0.18555300536626593,0.2381470634531264,0.06716604942594674,0.6037075533048725
2910800,FEIRA DE SANTANA,BA,24,2215,11,17,-0.024904131196776043,0.10186016920831344,0.33380768021640267,0.13349667528129017,0.11101440864621917,-0.26955698531561834,0.10838095009258093,0.13307401710545916,0.16083607192932675,0.21909663065604384,-0.00946590940016466,0.2964919849579159,-0.013540908990569468,0.27607419690132934,-0.2717227489725293
2911105,FORMOSA DO RIO PRETO,BA,24,20,2,0,0.1269543584968311,0.3983365813967875,0.39193206376212525,0.13604667975832616,-0.07865648646593157,-0.11879247414119364,-0.12481171852545074,-0.11709949273674157,-0.12353796140044059,,,,,,
2911204,GANDU,BA,24,28,2,0,-0.14118898910021851,-0.03172430578887164,-0.04130111127272339,0.07071988703685735,0.3700530452843791,-0.18057877962865382,0.17342539554777373,-0.187812056606337,-0.19943100880436643,,,,,,
2911600,GOVERNADOR MANGABEIRA,BA,24,36,0,1,-0.05381397415247646,-0.08733940309643669,0.4469852979655029,0.10416410794396654,0.4456107446837525,,,,,,-0.11879247414119364,-0.12481171852545074,0.49181786949431466,-0.12353796140044059,
2911709,GUANAMBI,BA,24,84,0,4,-0.14066250705646455,-0.41273763179640155,0.0449991893429258,-0.13650558808277985,0.07596848857533677,,,,,,-0.11879247414119364,-0.12481171852545074,-0.13146966923801662,-0.13887301496588275,-0.1670466199882679
2912202,IBICOARA,BA,24,130,0,0,0.006895549669236886,-0.06267415494635414,-0.17363098469555766,-0.13930758613859046,0.07062943829784132,,,,,,,,,,
2912806,IBIRAPUA,BA,24,32,0,0,-0.19740656885652752,-0.20051132353232773,-0.16128664772747192,0.013441257397348555,0.5138904927431075,,,,,,,,,,
2913606,ILHEUS,BA,24,281,1,9,-0.09171670744681941,0.0314948127025158,0.18666982724076261,-0.01983411596692831,0.2790578819413921,-0.15584561614612077,0.10951594584932384,0.32801112058062526,0.24553427732134045,-0.18610323617140284,-0.07189529416374846,-0.05981002329514491,-0.1856844718211975,0.06301590376246133,0.08170414569182505
2913903,IPIAU,BA,24,40,2,0,-0.14995952079755945,0.08404771061750671,0.20070837720144183,-0.34802272626651526,-0.2047617218787379,0.29698118535298407,-0.12481171852545074,-0.11709949273674157,-0.12353796140044059,-0.12837345383073615,,,,,
2914000,IPIRA,BA,24,40,0,0,-0.3562780677472548,-0.14990592340614212,0.23928516593289453,-0.09690076732685093,0.11703789062204958,,,,,,,,,,
2914604,IRECE,BA,24,191,0,3,-0.27677206776758634,-0.13238667721717,0.2199598721149939,0.25982307805423366,0.5824377150043593,,,,,,-0.2608695652173913,0.10358003141747066,-0.27185677415164294,0.06881023532039754,0.4245138562335459
2914703,ITABERABA,BA,24,153,1,6,-0.5913518972720886,-0.3190293058749713,0.05227233482002105,0.28030474857030674,0.5845297048494899,-0.15584561614612077,-0.1642739187739858,-0.17365294618974278,0.40922379553556737,,-0.2819353276246014,-0.1184374009640199,0.1752534680071491,0.20876539600835478,0.05610990015605434
2914802,ITABUNA,BA,24,534,1,19,0.021818214813616697,-0.08190309944423567,-0.018116496960639463,0.00859568508638303,0.23476269370832803,-0.18057877962865382,0.03468507910955474,-0.20214987702065615,-0.2149418526020468,-0.20528572777068282,0.1726062986637188,0.34584761907570005,-0.31112438923415425,-0.22319755545330366,-0.22588793903145568
2915601,ITAMARAJU,BA,24,44,2,2,-0.16072997742910022,-0.05571204210541108,-0.03613007317810288,-0.26340664182419543,0.14381400733549832,-0.03647433262080387,-0.2568622169730671,-0.25164702663213245,0.07422053616023239,0.2232176845589381,-0.03647433262080387,-0.2568622169730671,0.16776468442142162,-0.18415070799100533,-0.1670466199882679
2916401,ITAPETINGA,BA,24,579,1,0,-0.2745285345985596,-0.16598154965172332,0.14071940173915834,-0.10917666600556322,0.38288106781949505,-0.16820784491462742,0.3195117926338392,-0.18787532494453266,-0.1995065938018895,,,,,,
2917508,JACOBINA,BA,24,135,1,6,-0.3040611934468377,-0.3080644628575294,-0.062271315499555065,0.020446479847085624,0.1485145068981296,0.14774627424162584,-0.19076793510255108,-0.187812056606337,0.39886201760873286,,-0.18865940754391936,-0.035578403348241,-0.10518185218056537,0.03458572319330373,-0.20528572777068282
2917706,JAGUARARI,BA,24,60,1,0,-0.23847658863088253,-0.4571331381407147,0.016727889526500807,-0.08534296996840017,0.16280641717878805,0.11774549144023921,-0.17750655146324398,0.09647385899430154,0.2864566568748972,-0.18610323617140284,,,,,
2918001,JEQUIE,BA,24,228,1,3,-0.07805913745436144,-0.09262911843551302,-0.01084017420379562,0.21271614746779924,0.27653238698488014,0.049248758080541945,0.31216571198599274,-0.187812056606337,-0.19943100880436643,0.45196500213054974,0.2479748752681731,-0.04200571681917717,-0.07979831627328977,-0.12136984687573651,0.04902248741509503
2918407,JUAZEIRO,BA,24,885,3,14,-0.05973541896147583,-0.08840219104871205,0.31240159128160727,0.2374678450729888,0.23263053616745022,0.508133345617867,0.26329055387959227,-0.011425525028029881,0.0014119562368122625,-0.22474262977070078,0.16015399736853037,-0.23069104820773179,-0.22004268856784703,0.08242779884004395,0.276951471979877
2919207,LAURO DE FREITAS,BA,24,1295,8,12,-0.15474809433861966,-0.032211786421536985,0.3385735895824074,0.2585882258911744,0.48937247504900266,0.11662354462983351,-0.23197791111565738,-0.0178469396210285,0.511191075986304,0.15189686483138914,-0.03857799779016525,0.30035401701225845,0.435912927562787,0.11177466833680372,0.21513470439961876
2919553,LUIS EDUARDO MAGALHAES,BA,24,483,11,2,0.09442558820519255,0.1860728558139888,0.24493625838517505,0.3317134416082986,-0.019168518675777336,-0.17552271547702353,-0.16085136686378992,0.2196999828070232,0.03684688819976404,0.35572681925231214,-0.1533328790143649,-0.16110092912777269,-0.1696932866035796,0.4447366610415861,0.48140045186526054
2921005,MATA DE SAO JOAO,BA,24,290,0,0,-0.43350056271777,-0.5480578148842826,-0.3315235845467356,-0.08665094609240699,0.3055136596645236,,,,,,,,,,
2921104,MEDEIROS NETO,BA,24,88,0,0,-0.1637027912111543,-0.20178232414254402,0.16521670642512126,-0.10549976896390896,0.14108711601302493,,,,,,,,,,
2921906,MUCUGE,BA,24,124,2,0,-0.42869015893099494,-0.24679287665439745,-0.22864080005528448,-0.08310379904624512,0.3118569948042549,-0.29800527950124445,-0.08504530793944909,0.47166928044166667,0.23106239527122238,0.1251521872030709,,,,,
2922003,MUCURI,BA,24,107,4,0,-0.23874574210129287,-0.3734439061309951,0.020304718013073226,-0.062413866893358684,0.27552448306109906,-0.18979089332840635,0.0713665405254869,-0.1905176507625011,-0.20149814827784027,-0.14790713033090194,,,,,
2922300,MURITIBA,BA,24,38,0,1,-0.2223872327986228,-0.37897516677701654,-0.29312076121890096,-0.37907811494979304,-0.04275509026109088,,,,,,-0.11879247414119364,-0.12481171852545074,0.41632061925371927,,
2922409,MUTUIPE,BA,24,59,0,0,-0.3363201882171126,-0.36390931306496166,-0.2017324484441019,-0.34534268791943135,0.5161277758408702,,,,,,,,,,
2922508,NAZARE,BA,24,39,0,0,-0.24655240656186714,-0.33435273488890976,-0.035200759130940895,-0.33257726261372056,0.1313676622558503,,,,,,,,,,
2923001,NOVA VICOSA,BA,24,81,1,0,-0.21033936236376258,-0.4938625330322567,-0.21485714865811295,-0.11395160932872479,0.3416670510955966,-0.15584561614612077,-0.1642739187739858,0.4189652907981961,-0.16903085094570333,0.28226787568468886,,,,,
2924009,PAULO AFONSO,BA,24,124,1,5,-0.14407228986424964,-0.10257920296425568,0.023426245635897586,0.14833895423149454,0.522784899128185,-0.14356850721551082,-0.1511670118591232,-0.15960582506597942,-0.16903085094570333,-0.1670466199882679,-0.20740340660867612,-0.21858713800462334,0.14111111545273075,-0.2449489742783178,-0.1670466199882679
2925204,POJUCA,BA,24,93,0,0,0.14069392955146823,-0.27730963737912884,0.17345281454993156,-0.24690585692370703,-0.10896088814021686,,,,,,,,,,
2925303,PORTO SEGURO,BA,24,418,0,3,-0.33657707250247465,-0.21300919023390003,0.21682773631161367,0.27412677650606515,0.5760585248760332,,,,,,-0.2074674496568626,0.12359146932741868,0.16283793828912213,-0.15397947077242097,
2926301,RIACHAO DO JACUIPE,BA,24,40,0,0,-0.2718827344486353,-0.5256921556518648,-0.05549563890783426,0.002248077816002967,0.29621325636658574,,,,,,,,,,
2926509,RIBEIRA DO AMPARO,BA,24,26,0,0,-0.32429656584098554,0.009245403649846206,-0.5022988043279986,-0.08900453719249544,0.3515652582965523,,,,,,,,,,
2926608,RIBEIRA DO POMBAL,BA,24,23,0,0,-0.17699144898032695,-0.22572483806636898,0.18155375530918405,-0.06337160573401766,0.11398386355175139,,,,,,,,,,
2927200,RUY BARBOSA,BA,24,36,0,0,-0.2814339331304131,0.141560876690781,0.08594805101970755,0.31054514609902184,0.30357264290108793,,,,,,,,,,
2927408,SALVADOR,BA,24,10714,26,135,-0.3194061706237918,-0.23566339462622266,-0.12024363702538904,-0.0336661854462746,0.5154914705772563,-0.05864831536306595,-0.019352298325026347,0.11954581123241495,0.19725455350861257,0.07842209631540832,-0.2886607128616979,-0.16790803774269383,-0.2819367157507367,-0.2871442456042225,0.18383308031036769
2927705,SANTA CRUZ CABRALIA,BA,24,37,2,0,-0.08087398551459103,-0.17683574817456868,-0.07465073843788803,0.07687257069800135,0.334017503283729,0.36426955361697155,0.2682982670384738,-0.21671809314923093,-0.2307367257714262,,,,,,
2928604,SANTO AMARO,BA,24,99,0,0,-0.2844102832381538,-0.14821451962526208,0.3533278801503731,0.1503076475877691,0.406950920004132,,,,,,,,,,
2928703,SANTO ANTONIO DE JESUS,BA,24,454,3,1,-0.42294644412218046,-0.46470075052553833,0.11961096871583798,0.04387025744955396,0.5937114500304818,0.052313735047862034,-0.0663151984460054,-0.036328898053568794,-0.025717224993681984,-0.015772007446912793,0.19047797528970317,-0.1642739187739858,-0.15960582506597942,-0.16903085094570333,-0.20528572777068282
2928802,SANTO ESTEVAO,BA,24,147,2,0,-0.09112144416798142,-0.38429392160404796,-0.07605335723771073,-0.0966545666958261,-0.09929711961082235,-0.022901430620717225,0.2427250368850073,-0.3140543535541282,0.16739401457531636,0.1247879557421512,,,,,
2928901,SAO DESIDERIO,BA,24,47,2,0,-0.13916678419086684,0.04140617310842365,-0.09957965693336289,-0.3555013579012227,0.08777415290203545,-0.1341431204246545,0.6687776317976942,0.20369100357565098,-0.15628725202922028,-0.12837345383073615,,,,,
2929206,SAO FRANCISCO DO CONDE,BA,24,41,0,0,-0.26384381791177974,-0.48244347092522644,-0.07949571762231758,-0.16219931271477664,0.09116294804875812,,,,,,,,,,
2929305,SAO GONCALO DOS CAMPOS,BA,24,187,3,0,-0.005245084420391694,-0.027073910833183935,0.061070056526470476,0.16197685633763628,0.5543270539861572,0.13442207270722376,0.051259606492710066,0.012361288848837262,-0.027534525848877747,0.49468428690952954,,,,,
2929503,SAO SEBASTIAO DO PASSE,BA,24,39,0,3,-0.031041866162096716,-0.04015046825430095,-0.2832627078538125,-0.04210563639510706,-0.14280948377860586,,,,,,-0.12205480718094266,-0.31530122108882663,0.1372856584823124,0.06371182478422788,-0.07109622210716779
2929602,SAPEACU,BA,24,41,0,0,-0.4126255506641486,-0.273478679190776,0.09179382082830607,0.12110729680923421,0.18839099427790712,,,,,,,,,,
2929909,SEABRA,BA,24,55,0,0,-0.3123949645277961,-0.151771263999423,0.23437642524630284,-0.17616357903468285,0.12242964576841879,,,,,,,,,,
2930105,SENHOR DO BONFIM,BA,24,29,0,0,0.0387729442953592,-0.2832063398689072,0.3005777730084978,-0.06964275355104754,-0.16950406405555554,,,,,,,,,,
2930501,SERRINHA,BA,24,60,0,1,-0.5810209642078259,-0.61015835873581,-0.3680785271493962,-0.25341310627607283,0.33614843201380645,,,,,,-0.16816225395433357,-0.17745307757998113,-0.187812056606337,-0.19943100880436643,0.4245138562335459
2930709,SIMOES FILHO,BA,24,941,11,3,-0.15250895325489738,-0.21185390919718866,0.3130445089035711,-0.05823797520170876,0.1189120938327779,-0.05950841432971986,-0.07349455544050747,0.2839183207769022,-0.05119256247249403,-0.06461987757371916,-0.15318788335166178,-0.1609344164950321,0.6148255616060448,-0.1790235141109993,-0.14790713033090194
2930774,SOBRADINHO,BA,24,19,0,0,0.3011485062724054,0.2066063026397266,0.13988277435180946,0.07098628983644091,-0.16377854723421556,,,,,,,,,,
2931350,TEIXEIRA DE FREITAS,BA,24,505,3,7,-0.16871482638694166,-0.25598606742024743,-0.25950527386108013,-0.06849698987269225,0.4660884108186082,-0.09416472308615166,-0.1326303968920108,0.31485044979759624,-0.07715167498104596,-0.08556076330124147,-0.3332119433425537,-0.11744276799600234,-0.34348934762915123,0.09346059512984978,0.1070306134068249
2932101,UBAIRA,BA,24,96,0,1,-0.061849400954378846,-0.17762309441550328,0.09354586163342489,-0.13656860692650027,-0.2641762049880479,,,,,,-0.18057877962865382,0.34685079109554745,-0.187812056606337,-0.19943100880436643,
2932804,UTINGA,BA,24,37,0,0,-0.5202127592871136,-0.3699529073971481,-0.3148772327736954,-0.09011480930639582,0.5025626303429785,,,,,,,,,,
2932903,VALENCA,BA,24,147,0,0,-0.13033900159334777,-0.1601967411393421,0.06574080998480385,0.09097015800940454,0.6261599687136675,,,,,,,,,,
2933307,VITORIA DA CONQUISTA,BA,24,966,13,1,-0.15710831809917147,-0.21568513494968622,0.2560070724153594,0.03793408224652997,0.33303625787295665,0.165525931561204,0.003997250836811309,-0.0033428554618788187,0.5266059881193527,0.1690010646928889,-0.14356850721551082,-0.1511670118591232,-0.15960582506597942,-0.16903085094570333,0.23094644374201817
3100203,ABAETE,MG,24,35,0,0,-0.22056399837880267,-0.0014956495300458103,-0.08938762418536471,0.017806518509045143,0.29484555864738565,,,,,,,,,,
3101102,AIMORES,MG,24,103,0,0,-0.08321554001870123,-0.17432535213768843,-0.0836758574909397,-0.17200324493250274,0.33786357297043895,,,,,,,,,,
3101508,ALEM PARAIBA,MG,24,62,1,1,-0.4322567702702372,-0.5736180545141742,0.05116445100966509,0.17357770908016665,0.3343073323945022,-0.10603951061323537,-0.11129646084817227,-0.11709949273674157,0.29649110736105744,-0.14790713033090194,-0.10603951061323537,-0.11129646084817227,-0.11709949273674157,0.29649110736105744,-0.14790713033090194
3101607,ALFENAS,MG,24,496,0,1,-0.10627517144156787,-0.11904289718425658,0.019823075183760114,0.008971539374331329,0.22491271079605082,,,,,,0.3562569582116671,-0.1380498647283479,-0.13146966923801662,0.4166190448976482,
3101706,ALMENARA,MG,24,88,0,0,-0.3417348996431431,-0.4662278652265403,-0.2699621846700616,-0.4055534778250865,-0.02253079013613547,,,,,,,,,,
3101904,ALPINOPOLIS,MG,24,66,0,0,-0.17527408004264705,-0.38117217462875125,-0.01326425957240508,0.1842508435326583,0.4180569846032408,,,,,,,,,,
3102308,ALVINOPOLIS,MG,24,55,0,1,-0.25472958806275625,-0.2656433170962632,-0.0832532832203513,0.04152784842695209,0.30021116023417643,,,,,,-0.18067212612216063,0.1041151597277158,-0.18793865726554423,-0.19958226480548363,-0.22500781290692462
3102605,ANDRADAS,MG,24,173,2,2,-0.14783011949241565,-0.33625936919522137,-0.2989722564706082,0.15314294568502235,0.3126400012879964,-0.24316221747202585,-0.2568622169730671,-0.25164702663213245,0.47501143142548724,-0.03875567919966014,-0.24316221747202585,-0.051372443394613415,-0.25164702663213245,0.1335969650884183,-0.27128975439762093
3102803,ANDRELANDIA,MG,24,22,0,0,-0.36621804337233566,-0.0636406953625259,0.10708623288410461,0.0836534902150215,0.05302706988971196,,,,,,,,,,
3103405,ARACUAI,MG,24,91,0,0,-0.21379646934696822,-0.14395696287306534,-0.10835919082859653,0.07527713323778706,0.45773282874261445,,,,,,,,,,
3103504,ARAGUARI,MG,24,862,8,2,-0.41311770839193207,-0.5219858739484268,0.07591951957187301,-0.05046825528926824,0.5666679954289167,-0.25359551674973063,-0.002904741140584257,-0.282406893484698,0.17463655204796996,0.12041885926748788,-0.11879247414119364,-0.12481171852545074,-0.13146966923801662,-0.13887301496588275,-0.1670466199882679
3103751,ARAPORA,MG,24,69,0,0,-0.2226649087872874,-0.1429280547586039,0.32885574311707066,0.04840158404338587,-0.14523328072902494,,,,,,,,,,
3104007,ARAXA,MG,24,573,0,3,-0.01087109343101353,-0.1581203625279306,0.05077599785318099,-0.08558164961018219,0.09053433805336228,,,,,,0.23060255010196543,-0.18047744680791858,-0.19030152176409712,0.15013599277498588,
3104106,ARCEBURGO,MG,24,29,0,0,0.15538560061721604,0.14680687542897697,-0.25352707182042594,0.2435868934773784,-0.0378576097061574,,,,,,,,,,
3104205,ARCOS,MG,24,214,5,0,-0.14223139677922814,-0.2927271009475192,0.0325163022725402,-0.020143225274328668,0.3013780312130127,-0.25398899335059977,0.03491625829491583,0.06071174813480986,0.01785349965750132,0.1293659042796155,,,,,
3104304,AREADO,MG,24,30,2,0,-0.0689185863180554,-0.23094908933185057,-0.032528863597393175,-0.0003756212513473756,0.3884409036451409,-0.18057877962865382,-0.19076793510255108,-0.187812056606337,-0.18415070799100533,,,,,,
3104502,ARINOS,MG,24,22,1,0,-0.27331051288499963,0.06249783318406313,0.008482257811989738,-0.1606422881856724,-0.07732386740226482,-0.09281641882036987,-0.0973233880494449,0.48587442325674934,,,,,,,
3104601,ASTOLFO DUTRA,MG,24,22,0,1,0.11290465666448159,0.18416607120525383,0.2643648193869613,0.0,-0.08806281418935301,,,,,,-0.10603951061323537,0.3116300903748823,-0.10222556095668148,-0.10771355506504919,
3104908,BAEPENDI,MG,24,39,0,0,-0.13597364188582928,-0.17268764851901336,0.11336966234029,0.009891542390413056,0.15137699463152565,,,,,,,,,,
3105103,BAMBUI,MG,24,154,1,1,-0.3507788153403025,-0.5131838092781058,-0.22024915736923095,-0.3560134312712737,0.2874691053583088,0.11771357776803347,0.35490615515996227,-0.17365294618974278,-0.18415070799100533,-0.18610323617140284,-0.16816225395433357,-0.17745307757998113,-0.17365294618974278,-0.18415070799100533,
3105400,BARAO DE COCAIS,MG,24,163,0,0,-0.27441880456611595,-0.41993213782750877,-0.2444068461775,-0.14410939792796443,0.31492108527485263,,,,,,,,,,
3105608,BARBACENA,MG,24,742,5,2,-0.1656748792951973,-0.16060956453208938,-0.13468522778687508,-0.12789295392073355,0.2902431976455563,-0.03306648904239152,0.1323430067452206,-0.037340548896407255,0.06839855680567694,-0.21523648981281396,-0.15584561614612077,-0.1642739187739858,-0.15960582506597942,-0.16903085094570333,
3105905,BARROSO,MG,24,59,0,2,0.007206568072731162,-0.3074090128011424,-0.19830890599807563,0.3048148148148148,-0.20676775301682213,,,,,,-0.012171311866494875,-0.2571722499368198,-0.2520054983617653,0.4162994873380157,0.3621995938699428
3106002,BELA VISTA DE MINAS,MG,24,30,0,0,0.08563085426531969,-0.29842484261603763,-0.3495976143505667,-0.322324342305559,0.5591418845727629,,,,,,,,,,
3106200,BELO HORIZONTE,MG,24,20790,57,145,-0.3859874556115356,-0.36980151727824784,0.024891230778579115,0.11294826566395072,0.588000160944167,-0.3564621536732465,-0.2405478160706207,-0.18626397326527214,0.02269385047897111,0.48554719812286234,-0.47904001208781255,-0.3610960019593702,-0.08627327809832243,-0.07021529247974631,0.4804546330552074
3106309,BELO ORIENTE,MG,24,93,0,0,0.30024039938175157,0.07879577552476145,0.1415652649735835,-0.05502440899700174,0.32873743559481067,,,,,,,,,,
3106408,BELO VALE,MG,24,51,0,0,-0.022937669268474174,-0.06618304713191246,0.13916186458446006,0.37819519248818256,0.3825700767085952,,,,,,,,,,
3106705,BETIM,MG,24,3935,19,8,-0.2005665851213761,-0.14899592779124468,0.20539087154443808,0.0693612857066558,0.21148362693183673,0.021703332478505064,0.09858768123889886,0.24243914591021293,-0.02674172158048448,-0.23577807572135173,0.11308894487009005,-0.20197983178370585,-0.21299970704638949,0.0328982578016618,0.13753721083745518
3107109,BOA ESPERANCA,MG,24,135,0,1,0.0627484033598083,0.040237300200705754,0.15158241918879217,0.16521141842253279,0.33045836755812796,,,,,,0.08410392245731371,0.35501310292648797,0.19301632162383353,0.25365414550508514,-0.14790713033090194
3107307,BOCAIUVA,MG,24,166,1,0,-0.28410874991399204,-0.42804267317648514,-0.3065184720736417,-0.1376297784823507,0.26017104413419667,0.16151457061744967,-0.1511670118591232,-0.14558367013382342,-0.15397947077242097,-0.1670466199882679,,,,,
3107406,BOM DESPACHO,MG,24,239,0,0,-0.15504537584306916,-0.619796618039261,-0.1458986246611913,0.06946442590760174,0.305035921045957,,,,,,,,,,
3108008,BOM SUCESSO,MG,24,21,0,0,-0.0032703056566146067,0.16680795317797578,0.3452510074865299,0.43450071659366524,0.14530430455665114,,,,,,,,,,
3108305,BORDA DA MATA,MG,24,68,0,0,-0.2272610295916844,-0.4355475911849025,-0.10867267303557522,-0.09801611014092122,0.03892980588403456,,,,,,,,,,
3108909,BRASOPOLIS,MG,24,29,0,0,-0.36851319603966104,-0.5340354932430408,-0.1648891687631792,0.3215606048473788,0.6024544412320132,,,,,,,,,,
3109006,BRUMADINHO,MG,24,198,2,3,0.05204703883812055,0.05990968529753,0.103963478096223,0.014834155809398937,0.11503066110551677,-0.14356850721551082,0.4157092826125888,-0.14558367013382342,-0.15397947077242097,,-0.05421667071936295,-0.27460851418988047,0.0631185258864746,0.0797917493213572,0.1637430011573489
3109105,BUENO BRANDAO,MG,24,37,0,0,0.08773786782902497,-0.11921800804800606,0.41541986547042853,0.09396470770809362,0.28294499256468336,,,,,,,,,,
3109303,BURITIS,MG,24,57,0,0,-0.022448672265255834,-0.008701604857586233,-0.23632730554186865,-0.23893563863660314,0.10112820060121172,,,,,,,,,,
3109402,BURITIZEIRO,MG,24,57,1,0,0.053593239460891284,0.06528928612948494,-0.017215630778817853,-0.24206351446499152,-0.0016400474164243086,-0.11879247414119364,0.24962343705090148,-0.11709949273674157,-0.12353796140044059,0.5396676670441443,,,,,
3109709,CACHOEIRA DE MINAS,MG,24,56,0,1,0.1581828362751532,0.07509470941693994,0.1434208404998715,0.11910239245465266,-0.257318654417466,,,,,,-0.15589041868151407,-0.16432629368963952,-0.1596665001584833,,
3109907,CAETANOPOLIS,MG,24,34,0,1,-0.17235632276315418,-0.048177624654627466,-0.19451112501648576,-0.45049473670959106,0.1844949341461489,,,,,,-0.1312525635516668,-0.1380498647283479,-0.13146966923801662,-0.12353796140044059,0.5028842431250666
3110004,CAETE,MG,24,142,0,0,-0.32497334846666653,-0.23323620171921083,-0.1180835291591401,-0.020976323711860013,0.10626219822184124,,,,,,,,,,
3110301,CALDAS,MG,24,66,0,0,-0.34237397512083456,-0.16498244337914172,-0.12291382723626292,0.13894215094226461,0.28350899171705063,,,,,,,,,,
3110509,CAMANDUCAIA,MG,24,111,3,0,-0.3490984594210608,-0.14156023643642648,0.056646848066197256,0.08212410995914571,0.3632221801910823,-0.3049026118730225,-0.021497110935692607,-0.12887211010589306,0.24914503091731197,-0.30801874788446926,,,,,
3110608,CAMBUI,MG,24,212,0,0,-0.07766231667757725,0.11943068367217322,0.2581713872253797,-0.013809105667680338,0.370248702729492,,,,,,,,,,
3110905,CAMPANHA,MG,24,35,0,0,-0.06743841816428833,-0.376812533225973,-0.008471250567599026,0.33051115034660566,0.2896431418569761,,,,,,,,,,
3111002,CAMPESTRE,MG,24,40,0,0,-0.036282109408344816,-0.13748364134071062,-0.05959754075436985,0.2513292178035955,0.12136235867409619,,,,,,,,,,
3111101,CAMPINA VERDE,MG,24,64,0,0,-0.2123473745630841,-0.20348092359716713,-0.18423322903274053,-0.2681274453038277,-0.18682415800938018,,,,,,,,,,
3111200,CAMPO BELO,MG,24,184,2,2,-0.17952834530649975,-0.39352794208944764,-0.3582855769928281,-0.34775691743005493,0.09511233506805844,-0.20766382210939702,-0.21888807130954352,0.09045340337332909,0.07982854514960828,0.14215171978189414,0.17951604876025515,-0.1512186664008184,-0.14564381625088382,-0.15405047814108908,-0.167169043324589
3111408,CAMPO FLORIDO,MG,24,30,0,0,-0.08333164298488473,-0.3110605238432586,-0.08767567381973482,0.40321312721145425,0.37339912754250976,,,,,,,,,,
3111606,CAMPOS GERAIS,MG,24,29,0,0,0.062159262420202324,0.09804672568020996,0.016466753874701603,-0.1030073599085942,-0.042270085474938685,,,,,,,,,,
3111804,CANAPOLIS,MG,24,25,0,0,-0.2719693239474171,-0.3583471363799165,-0.22598836181630277,-0.008199251655047772,0.14672264726165066,,,,,,,,,,
3112000,CANDEIAS,MG,24,38,0,0,-0.11699177616891947,-0.20705859001235435,0.22933086970276148,-0.12712779980932895,0.4586956135276387,,,,,,,,,,
3112307,CAPELINHA,MG,24,155,3,0,-0.21251321274238993,-0.400753072412525,-0.15996814070942267,-0.05514384355057928,0.426769759818868,-0.15318788335166178,-0.1609344164950321,0.1874858035653072,-0.10771355506504919,,,,,,
3112604,CAPINOPOLIS,MG,24,77,1,2,-0.2926672626762311,-0.3339224145541904,-0.3400153551568196,-0.1508886305742718,0.2949514711822851,-0.11879247414119364,-0.12481171852545074,-0.11709949273674157,-0.12353796140044059,0.5455871787806285,-0.11879247414119364,-0.12481171852545074,-0.11709949273674157,-0.12353796140044059,-0.12837345383073615
3112802,CAPITOLIO,MG,24,29,0,0,-0.04638733344985689,-0.3221972798622383,0.05293223950253446,0.3702693526492869,0.4105837930639399,,,,,,,,,,
3113206,CARANDAI,MG,24,32,1,0,-0.09440090805881175,-0.10716094551553895,0.15218298976896125,0.28323376656030874,0.3571323127172919,-0.09276856296835104,-0.09726832530780989,0.6050500627608509,,,,,,,
3113305,CARANGOLA,MG,24,112,0,0,-0.02535479539625523,0.05848760274569943,0.15271338450799915,-0.03209369497733733,0.33886354088324616,,,,,,,,,,
3113404,CARATINGA,MG,24,348,6,3,-0.1924088559905154,-0.343088205645902,-0.020984748032389727,0.05803571428571429,0.3695279104218869,0.14373989364401724,0.1012029120949713,-0.13839340866641747,0.18449162737262476,-0.0009471735699719019,0.0037807912663039927,0.04276704874003501,-0.2310284308807498,-0.2449489742783178,0.12041885926748788
3113602,CAREACU,MG,24,51,0,1,0.02735504394842271,-0.01956987052751804,0.10703993704122008,-0.10228022375147645,-0.21451677031222915,,,,,,-0.1684363572396799,-0.17777464790277955,-0.1739623227866818,0.26652735218654544,
3113701,CARLOS CHAGAS,MG,24,78,1,0,-0.190833799552444,-0.30536396041269526,0.017085520302137006,0.02159003499490116,0.29126331771541897,0.15589041868151407,0.18258477076626614,0.32812774676051704,-0.18422417725704063,0.28226787568468886,,,,,
3113909,CARMO DA CACHOEIRA,MG,24,37,1,0,-0.16304963348734874,0.15043705063616666,0.421151600815924,0.2226377106924643,0.3485745319120813,-0.10608524687182662,0.37858743474632195,0.374914718598008,-0.12360984849491553,-0.12849851324064712,,,,,
3114006,CARMO DA MATA,MG,24,40,2,0,-0.21666610941746406,-0.21680149214846195,-0.08526687622847812,0.059599093938423664,0.382037286741447,-0.16820784491462742,-0.17750655146324398,-0.1737146894614502,-0.18422417725704063,,,,,,
3114204,CARMO DO CAJURU,MG,24,154,0,0,0.053305279634879424,0.12873281454190097,0.15005846226136196,0.162563813570625,0.06003664579042765,,,,,,,,,,
3114303,CARMO DO PARANAIBA,MG,24,89,0,0,-0.27697763031643885,-0.09889547908142657,-0.1366041383672217,-0.17329842769780485,0.12711765271569114,,,,,,,,,,
3114402,CARMO DO RIO CLARO,MG,24,48,0,0,0.05146951512948743,-0.011882395488596716,-0.013243945500254923,-0.27467078621664687,0.24080272945554446,,,,,,,,,,
3114501,CARMOPOLIS DE MINAS,MG,24,62,4,0,0.09625437967391501,-0.11207921232155532,0.27457530487512694,0.10485534827489693,0.4276069057157879,-0.11960658581093869,-0.3217579488827378,-0.3155684046359372,0.2561798324991595,0.1948877233196459,,,,,
3114550,CARNEIRINHO,MG,24,38,2,0,0.28278969238614704,0.26719818688070796,0.13662465280378142,0.4291569450533708,0.27894929942657265,0.28722567801640825,0.3402419994018414,0.27036967310567206,0.3959472105576539,0.4172137249498924,,,,,
3115102,CASSIA,MG,24,43,1,0,-0.31969964139040485,-0.3011705307303039,0.14119502831977676,0.04527898958648345,0.3727965668382507,-0.1312968084757456,-0.13810125124221703,-0.14564381625088382,-0.15405047814108908,-0.18622759518038343,,,,,
3115300,CATAGUASES,MG,24,369,2,15,0.16371480875689168,0.46026610144349767,0.3610380673392867,0.380067031676218,-0.23423001012707276,-0.1312525635516668,-0.1380498647283479,-0.13146966923801662,-0.13887301496588275,-0.10793353340882884,0.2387571474367173,0.35898696791666096,0.48112101280681246,0.11209407610878132,-0.2725188134193338
3115359,CATAS ALTAS,MG,24,21,0,0,0.04019917250948095,-0.053342866730725885,0.19144467061759704,0.3486224974381829,0.13034734112681648,,,,,,,,,,
3115508,CAXAMBU,MG,24,36,0,0,-0.06311642286368423,0.08949000388637217,-0.0604675859960131,-0.08653576066928038,0.1158711598277549,,,,,,,,,,
3116605,CLAUDIO,MG,24,231,4,2,0.21148487140335764,0.21507514031398112,0.11266013442346184,0.07022707100424581,0.12714711516059507,0.1946848332275597,0.0,0.13568010505999364,-0.15405047814108908,,0.4128869121485868,0.1512186664008184,-0.14564381625088382,-0.15405047814108908,
3116902,COMENDADOR GOMES,MG,24,48,0,0,-0.22364175602875022,-0.2646553426676936,-0.0760454760957414,0.04502206424356272,0.16780276628417906,,,,,,,,,,
3117306,CONCEICAO DAS ALAGOAS,MG,24,50,1,1,-0.17582721012934402,-0.40764543391211666,-0.3287247657303627,-0.23440819910509175,0.01999590437259273,0.12121325700253838,-0.1642739187739858,-0.17365294618974278,0.40922379553556737,0.12830357985667676,-0.15584561614612077,-0.1642739187739858,0.09647385899430154,-0.18415070799100533,-0.20528572777068282
3117504,CONCEICAO DO MATO DENTRO,MG,24,81,3,3,-0.3328750772787638,-0.41355685452887037,-0.2766917227827075,-0.45329428829600554,0.17692960809148492,0.11619508338471127,-0.18047744680791858,-0.1695007813951502,0.21312323108452297,0.10283521179945555,-0.17161120007588127,0.16478375578114304,-0.1695007813951502,-0.1790235141109993,-0.14790713033090194
3117603,CONCEICAO DO PARA,MG,24,69,0,0,-0.23701798181481937,-0.30530199488433946,-0.007871261849356131,-0.10307190026268011,-0.035938935152200514,,,,,,,,,,
3117702,CONCEICAO DO RIO VERDE,MG,24,37,0,0,0.13903266132046294,-0.07917352004097504,-0.09753726825209255,-0.05508942890845555,0.1051020247583171,,,,,,,,,,
3117801,CONCEICAO DOS OUROS,MG,24,28,2,0,-0.023664694250171415,0.03669763583017469,0.24665098005182856,0.35284609973219916,0.16078211276656104,-0.1312968084757456,-0.13810125124221703,-0.13146966923801662,0.23145502494313785,0.5455871787806285,,,,,
3117876,CONFINS,MG,24,148,0,1,-0.31021963304207945,-0.30037744403773203,-0.27858576593501694,0.003820566564406325,0.3097865433788928,,,,,,-0.09276856296835104,-0.09726832530780989,0.5366841950225778,,
3117900,CONGONHAL,MG,24,32,0,0,0.2594644745243771,0.2256533221166735,0.2349365362441743,-0.05297785203887383,-0.08494566940211391,,,,,,,,,,
3118007,CONGONHAS,MG,24,243,0,12,-0.11597994313590251,-0.21303080257329102,-0.13825828649043267,-0.1732888839164489,-0.1120321001381762,,,,,,-0.22724268064022254,-0.38745256475572737,-0.532664032087547,-0.0352798911745353,0.2880416890583381
3118304,CONSELHEIRO LAFAIETE,MG,24,373,0,2,-0.2104054210295321,-0.3147919414826867,-0.20373296468739663,-0.0148906499723244,0.28953524835737227,,,,,,0.4006264686689075,-0.2377854672490602,0.1301010829828602,0.09197090092274486,-0.21560984046602585
3118601,CONTAGEM,MG,24,5677,24,14,-0.40170326267254697,-0.4550825274338328,0.06382151745321535,-0.14511318861952513,0.3957337155271107,-0.3040282094872678,-0.3447059549546095,-0.06657518863027174,-0.24980295429555685,0.063041653898653,-0.20484657071277254,-0.2260687545839866,-0.10050263010180033,-0.09233342356187153,0.5193063182384963
3119104,CORINTO,MG,24,41,0,1,-0.27015713345840353,-0.09228632549308631,-0.011641063016893865,0.06138127491766568,-0.02554558295068515,,,,,,0.31875622576833373,-0.1380498647283479,0.4601438423330581,0.32403703492039304,-0.10793353340882884
3119302,COROMANDEL,MG,24,61,0,2,-0.13980783567765662,-0.07079921316395293,-0.07668316122885435,0.18392623490295693,-0.09761103044035367,,,,,,-0.10608524687182662,-0.11134924551362411,-0.11716084956187751,-0.12360984849491553,0.44408855811468884
3119401,CORONEL FABRICIANO,MG,24,364,1,3,0.011424633508680873,-0.13685718121969254,-0.19036760510914572,-0.27979805072279806,-0.06301649537273106,-0.14356850721551082,-0.1511670118591232,-0.14558367013382342,-0.15397947077242097,0.32539568672798425,0.2602400194529422,0.06865212854747012,-0.26509780872319333,-0.2811267651158746,0.21560984046602585
3119955,CORREGO FUNDO,MG,24,32,0,0,-0.00772252931482063,0.11801981822360716,0.29117400291818185,0.24785110139997618,0.2256235344995647,,,,,,,,,,
3120805,CRUZILIA,MG,24,57,0,1,-0.3680081178688366,-0.26487918952857553,-0.34304450772017603,-0.15574068965128268,0.007415742226991765,,,,,,0.08410392245731371,0.1242545860242708,-0.17365294618974278,-0.18415070799100533,-0.18610323617140284
3120904,CURVELO,MG,24,444,1,5,-0.1475336278607666,-0.22480748582124638,-0.03569789925519219,-0.23664316881333947,0.0717416402194424,-0.1312968084757456,-0.13810125124221703,-0.13152996260015795,-0.13894392281577547,0.5455871787806285,-0.011696849364121834,-0.29619418585695323,0.020908357474756313,0.09504506564625288,0.48140045186526054
3121209,DELFINOPOLIS,MG,24,45,0,0,-0.16750760922045307,0.04715868238096188,-0.11404812855130195,-0.1737684489521962,0.45511365341643306,,,,,,,,,,
3121605,DIAMANTINA,MG,24,297,0,0,-0.15027215558114562,-0.31358670793723115,-0.15454003915897072,-0.3497415880724215,0.1058764902404742,,,,,,,,,,
3122306,DIVINOPOLIS,MG,24,1589,6,9,-0.23322762743014125,-0.37827924086803927,-0.164610804644176,-0.24841101731741266,0.17217893023829936,-0.3516695858110864,0.054976897673949,-0.3598924647307651,-0.18483066473740298,-0.30801874788446926,-0.06917830829291734,-0.16095243740892184,-0.13244988088180254,-0.3108570947054506,0.10980679237196841
3123106,DORES DE GUANHAES,MG,24,25,0,0,-0.49425366372324464,-0.2760226817731372,-0.22238407987991518,0.23241039645360662,0.2701175807622914,,,,,,,,,,
3123205,DORES DO INDAIA,MG,24,20,0,0,-0.24110566641936626,-0.38009062791469544,-0.29358714426709137,-0.27245122982350123,0.30686059395841886,,,,,,,,,,
3123601,ELOI MENDES,MG,24,64,0,0,-0.021165822126062113,0.12403125909121024,-0.06066750357495237,-0.23180951072945855,-0.26317124138469994,,,,,,,,,,
3123908,ENTRE RIOS DE MINAS,MG,24,32,0,1,-0.17786673338893755,0.17244472247153503,0.1534710511376844,0.586433575345148,0.11482127835450133,,,,,,-0.14356850721551082,-0.1511670118591232,0.3790638345317012,,
3124104,ESMERALDAS,MG,24,151,0,2,-0.49547821760748706,-0.56318372068787,-0.04529819593091763,-0.029181598135068945,0.2535610876623342,,,,,,-0.18979089332840635,-0.1998263134713633,-0.21097078120022028,0.17554184850698587,0.39879264893872035
3124203,ESPERA FELIZ,MG,24,40,0,0,0.0051958697750786745,-0.08161886433037518,-0.11935713175793286,0.10192627022965359,0.040398578848654595,,,,,,,,,,
3124302,ESPINOSA,MG,24,32,0,0,-0.19819555464340863,-0.4875668283978868,-0.046176470626232965,-0.2244267281670017,0.13491813961411653,,,,,,,,,,
3124500,ESTIVA,MG,24,28,0,0,0.019504074948842893,-0.11080876739119899,-0.1029529942357681,0.11411865531912492,0.42938207436219217,,,,,,,,,,
3125101,EXTREMA,MG,24,960,2,1,0.00518283616511425,-0.14937296763859984,0.03440863483606298,0.05948509484685281,0.400704034447782,-0.2075997184430728,-0.2188133016843699,0.1301010829828602,-0.16903085094570333,0.436232171512701,-0.14356850721551082,-0.1511670118591232,0.25935946573221663,0.29580398915498085,-0.20528572777068282
3125705,FELIXLANDIA,MG,24,46,0,0,0.09549523880893902,0.02520455437036263,0.30497041634895494,-0.08138145507062587,0.09681523352298345,,,,,,,,,,
3126109,FORMIGA,MG,24,453,3,0,0.07816837415521717,-0.0012809611182988756,-0.03388095482958298,-0.2837358318419443,0.2443477647078038,-0.17161120007588127,-0.18047744680791858,0.25579208828722666,0.1449237971374756,-0.12837345383073615,,,,,
3126604,FRANCISCO DUMONT,MG,24,31,0,0,-0.4032553873103602,0.20177210089041425,-0.008659378536950497,0.3786349406915758,-0.07130085246180884,,,,,,,,,,
3127008,FRONTEIRA,MG,24,41,0,0,-0.14909213922425948,-0.05309564613566373,-0.3217298029925621,0.02957074607592419,0.08119332717240152,,,,,,,,,,
3127107,FRUTAL,MG,24,451,0,1,-0.10763705541006663,-0.18143261737497363,0.11144994189657133,0.06694249808211171,-0.04055042807985813,,,,,,0.19047797528970317,-0.1642739187739858,-0.15960582506597942,0.1267731382092775,-0.14790713033090194
3127701,GOVERNADOR VALADARES,MG,24,1088,15,12,-0.24334926512645194,-0.33975861554247755,-0.22080875776817668,-0.12433936471676686,0.2849553526634384,-0.2072434580549731,-0.05137968583907137,-0.39458947642717246,-0.2680911664975494,-0.09931673187118062,-0.07113298255523315,-0.3434267028295071,-0.3240390434330853,-0.11193665684704997,0.5317252994540504
3128006,GUANHAES,MG,24,131,1,0,-0.23594053111184699,-0.15876820335203976,-0.0076496099736616165,0.02173669940239328,0.2516395405906728,0.35314073330410045,0.07098123103199246,-0.17365294618974278,0.24553427732134045,-0.20528572777068282,,,,,
3128204,GUARACIABA,MG,24,48,0,0,-0.07532503609115619,-0.46993466043282006,-0.025093293066994697,-0.34063961018488387,0.4356326549322306,,,,,,,,,,
3128303,GUARANESIA,MG,24,337,0,0,-0.252201449147101,-0.3224576809976859,0.029331695079923767,0.20881642518557011,0.25894253451031196,,,,,,,,,,
3128709,GUAXUPE,MG,24,532,1,2,-0.05857228338009649,-0.1370365829119624,0.06972390780993162,-0.005400504439314258,0.32313094293758315,-0.16816225395433357,-0.17745307757998113,0.32801112058062526,,,-0.16816225395433357,0.3194155396439661,0.250832033385184,-0.18415070799100533,
3129509,IBIA,MG,24,78,1,0,-0.342182409239845,-0.4473002532858888,-0.07137580807913622,-0.024447840838896586,0.13459368208342598,0.207913679838224,-0.16437871873282672,-0.1596665001584833,0.12682707275254257,-0.1670466199882679,,,,,
3129806,IBIRITE,MG,24,483,0,0,-0.2070829700169954,-0.08652759822651507,0.005404761487115071,0.04812007482595894,0.2448642608141629,,,,,,,,,,
3130101,IGARAPE,MG,24,310,4,1,-0.12493144615231587,-0.3525232100266199,0.11292090395856377,-0.021605531493969887,0.17007930575945232,0.25844071698921794,-0.2977717651767463,0.357480843111193,-0.014656833601216489,-0.20528572777068282,0.39827213015119756,-0.1642739187739858,-0.15960582506597942,0.33806170189140666,
3130200,IGARATINGA,MG,24,63,1,0,0.2510800563571397,-0.01727267185903199,0.12790970729597098,0.2884686501327459,0.0736908476485904,-0.16857391247472456,-0.177936090025866,0.4060569257884023,0.22561347988915093,-0.18672753593276442,,,,,
3130408,IJACI,MG,24,24,0,0,-0.1151733605389822,0.06262323348952539,-0.22136245264142881,0.10493429357707675,0.09051358093310272,,,,,,,,,,
3130705,INDIANOPOLIS,MG,24,36,0,1,-0.014841526816504599,0.04544009110556129,0.11912744085673381,-0.11714511855500052,0.36084029996944944,,,,,,0.5334192370680184,-0.09726832530780989,0.48980243175878413,-0.09096678634074566,-0.08560080883635282
3131307,IPATINGA,MG,24,1794,3,6,0.1769553571904445,0.06157863713474503,-0.02936209932272551,-0.1756105599482447,-0.14497175717329797,0.30508307783296046,0.4157092826125888,-0.14558367013382342,-0.15397947077242097,-0.14790713033090194,0.027150868799425475,0.14344412757808975,0.3210480360527757,0.17964438875745684,-0.2717227489725293
3131703,ITABIRA,MG,24,756,2,0,-0.2329515278829561,-0.3692136863269769,-0.251288099246477,0.04155470508936143,0.717721110292818,-0.18979089332840635,-0.1998263134713633,-0.1905176507625011,-0.20149814827784027,-0.12837345383073615,,,,,
3131901,ITABIRITO,MG,24,345,0,3,-0.3415632977081621,-0.3455942509293714,0.10524946792262103,-0.016927084424631193,0.5069513240947953,,,,,,-0.09144599137184249,-0.12894380956097268,-0.12882630519593152,0.5229959090596616,0.16832970046816306
3132206,ITAGUARA,MG,24,85,2,0,-0.15829306676700605,-0.1486895684221241,-0.0597275223532729,0.17039676790899722,0.18878868647164518,0.4127594582445936,-0.1511670118591232,-0.14558367013382342,-0.15397947077242097,-0.14790713033090194,,,,,
3132404,ITAJUBA,MG,24,848,1,3,-0.28057953154709303,-0.20437488706608173,-0.04113817103256313,-0.10519025985303307,0.24242470301217892,-0.10603951061323537,0.3561486747141512,-0.10222556095668148,-0.10771355506504919,,0.3459832849973203,0.16174404916644783,-0.18614568639604176,0.16388095516167298,-0.18713485846554165
3132503,ITAMARANDIBA,MG,24,81,0,3,-0.30901056765147816,-0.5245682003203627,-0.015931817734335506,0.060952805407598495,0.6960363402364409,,,,,,-0.14356850721551082,-0.1511670118591232,-0.14558367013382342,0.43994134506405985,
3133006,ITAMONTE,MG,24,81,0,0,-0.08331229831188189,-0.24417333842532463,-0.15523525372674646,-0.18034125802794373,0.46751460292569763,,,,,,,,,,
3133105,ITANHANDU,MG,24,88,1,0,0.12120395960411195,-0.00283145046279502,-0.11889427285687573,0.09668619305969088,0.12125740218913024,-0.15593525987866802,0.3470217395470786,-0.1596665001584833,0.3804812182576277,-0.167169043324589,,,,,
3133303,ITAOBIM,MG,24,46,0,0,-0.3892909161193712,-0.435216716806902,-0.19230617167022443,-0.15427046317132845,0.3752446499959772,,,,,,,,,,
3133402,ITAPAGIPE,MG,24,49,0,0,-0.02443751392247796,-0.24483990534815891,0.2537308862516974,-0.22668980138780565,-0.1538098566561306,,,,,,,,,,
3133501,ITAPECERICA,MG,24,82,0,0,0.08304039694072862,0.2714044806460296,0.15537408006905934,0.03603847300785655,0.0316502536248306,,,,,,,,,,
3133600,ITAPEVA,MG,24,51,0,0,-0.2652216115028649,-0.09014145278402944,-0.07004149241829409,-0.05539450804554268,0.4263219434689277,,,,,,,,,,
3133709,ITATIAIUCU,MG,24,70,1,0,0.022974452814411992,-0.08638137807935006,-0.10418558817548065,-0.2435861829420443,0.2894736842105264,-0.015841615217391917,-0.21805099724816637,0.1264582643689476,-0.23081801403386398,0.048186942465242674,,,,,
3133758,ITAU DE MINAS,MG,24,45,0,0,-0.3056955006285085,-0.0890183860840289,-0.08388142932698846,0.01665657149582038,0.008923295860620876,,,,,,,,,,
3133808,ITAUNA,MG,24,724,7,2,-0.1267413735187656,-0.1616616486090973,-0.09141709769334165,-0.10181665088423626,0.013074017911961996,-0.06874396328795515,0.16414978848973424,-0.324145324691145,-0.09504366117494703,0.0020127611035002167,-0.18979089332840635,-0.1998263134713633,0.2381470634531264,0.23508117299081363,0.44372139099270586
3134202,ITUIUTABA,MG,24,557,2,0,-0.16884833360077842,0.039532585381613645,0.27124048904541426,0.17593917272796028,0.08628851821894917,-0.14356850721551082,-0.1511670118591232,-0.14558367013382342,0.4629100498862757,,,,,,
3134400,ITURAMA,MG,24,227,0,0,0.17523442903558675,0.3147930915411204,0.3461473375514557,0.24327328559899355,0.094523932139196,,,,,,,,,,
3134608,JABOTICATUBAS,MG,24,46,1,0,0.14107964570640902,-0.16633394784344455,0.011800696874775208,0.27801015335117396,0.3652937163297882,0.31875622576833373,-0.1380498647283479,-0.13146966923801662,0.4166190448976482,,,,,,
3134905,JACUTINGA,MG,24,120,1,1,-0.10212233819237844,-0.16450482618575016,0.045711849017381616,0.05918763472955342,0.6328125011253369,0.2438369300263847,-0.13810125124221703,-0.13146966923801662,-0.13887301496588275,0.467711978104925,-0.1312968084757456,-0.13810125124221703,-0.13146966923801662,-0.13887301496588275,-0.10793353340882884
3135001,JAGUARACU,MG,24,47,0,0,0.21065443982855891,0.17887869558420705,0.063079207699021,0.010195419349041319,0.4025805241580528,,,,,,,,,,
3135050,JAIBA,MG,24,87,1,0,0.04358063343335199,-0.11811699114553734,0.20383231281647798,-0.2180571938475808,0.12659805460170623,0.19740669742132735,0.1511670118591232,-0.15960582506597942,-0.16903085094570333,-0.18610323617140284,,,,,
3135100,JANAUBA,MG,24,199,2,4,-0.24409060778971445,-0.11899116510273275,0.08808224415335741,0.03276665363871249,0.3091357305941194,0.186088103292524,-0.18066417986025618,0.1696932866035796,0.26887157094908093,-0.10793353340882884,-0.1717736338084837,0.09033208993012809,-0.1696932866035796,-0.179247713966054,-0.10793353340882884
3135209,JANUARIA,MG,24,45,4,2,-0.0888445870881446,-0.20658585795465023,0.0043598403579312,-0.4679443111833222,0.06700663071648161,0.1251957714590336,-0.03963091120817669,0.1301010829828602,-0.24525573579398632,0.4870204026740467,-0.15584561614612077,0.18252657641553977,-0.15960582506597942,-0.16903085094570333,-0.1670466199882679
3135407,JECEABA,MG,24,31,0,0,0.12898625079845827,0.3595913347316715,0.1917146342631377,0.2500673554704378,-0.13200396017820892,,,,,,,,,,
3136207,JOAO MONLEVADE,MG,24,386,2,1,-0.17201480090037283,0.024597965655258954,0.06347566333298085,0.06995818925953803,0.16226133710231136,0.15822705426443337,-0.02571722499368198,0.16800366557451013,0.10407487183450392,-0.2714710372473851,0.2525172609046103,0.21320071635561041,-0.17390031518436025,-0.1844451137872728,
3136306,JOAO PINHEIRO,MG,24,321,2,1,-0.31075211636481087,-0.2862239010074567,-0.04928138884302979,-0.12485532446394156,0.38124053810712705,0.29698118535298407,-0.12481171852545074,-0.11709949273674157,-0.12353796140044059,-0.12837345383073615,-0.11879247414119364,-0.12481171852545074,0.44497807239961795,,
3136652,JUATUBA,MG,24,188,1,2,-0.3272652896438851,-0.5259687655050012,-0.1675137043367757,-0.019665684438815514,0.42072235413639836,-0.11897137857108693,-0.12501887504729522,0.4170859151556118,-0.13915729983856637,0.2513069019561636,0.21504041148337502,-0.18096403762652918,-0.19086786732786865,0.23556240414540783,-0.1675379346374424
3136702,JUIZ DE FORA,MG,24,3292,8,187,-0.20676760362273156,-0.24373683346275002,-0.08345192005410067,0.07326037058119582,0.012752609504025413,-0.0967340008437591,-0.2955805722128683,0.04974212328423657,0.0949965608890004,-0.12837345383073615,-0.14094211577705762,-0.09613729345987791,-0.1887981075215879,0.013122426666045694,-0.012183228138380969
3137205,LAGOA DA PRATA,MG,24,250,1,4,-0.0946357956791468,-0.22613996962611976,0.2668041816664964,0.020429855444476588,0.2906708907739395,0.4312584230983338,-0.1380498647283479,-0.13146966923801662,0.23145502494313785,-0.1670466199882679,-0.18979089332840635,-0.1998263134713633,0.5398000104937531,-0.13887301496588275,-0.1670466199882679
3137502,LAGOA FORMOSA,MG,24,30,0,1,-0.5208135545482996,-0.4561451178883655,-0.0755854457093356,0.11128964263376924,-0.058526880048830776,,,,,,-0.15589041868151407,-0.16432629368963952,-0.1596665001584833,-0.16910276367005675,-0.18610323617140284
3137601,LAGOA SANTA,MG,24,444,2,2,-0.44782717734113753,-0.4432175887101713,-0.0587630115061621,-0.010558459313906435,0.47115600965938415,0.06079055436800646,0.0,-0.2721655269759087,0.14468246042304844,-0.20528572777068282,-0.24316221747202585,-0.2568622169730671,-0.2721655269759087,-0.2893649208460969,-0.20528572777068282
3137700,LAJINHA,MG,24,37,0,0,0.091703822733317,-0.1985124842607954,0.224961953856571,0.31541318326299805,0.24485920902229058,,,,,,,,,,
3138104,LASSANCE,MG,24,28,0,0,0.10736178995068321,-0.04139902589238099,-0.03604307920254622,-0.0498602960747037,-0.1609546757013415,,,,,,,,,,
3138203,LAVRAS,MG,24,562,0,4,-0.027245481628129276,-0.002908247118752934,0.13193710871908956,0.03718182996118767,0.05173390745906416,,,,,,-0.14356850721551082,0.37791752964780806,0.22877433878172254,-0.15397947077242097,
3138401,LEOPOLDINA,MG,24,144,1,2,0.13400520519528075,-0.02808212976664916,0.2972175174118014,0.29282989892873273,0.06351047480428683,0.3769837023965358,0.3024373328016368,0.31209389196617965,-0.15405047814108908,0.38549553972194134,0.5191595552734924,0.10944403565477176,0.5125692857821982,0.14369138126929493,0.18731716231633883
3138609,LIMA DUARTE,MG,24,47,0,0,-0.15547589456748973,0.01150285328835946,-0.33224404594933343,-0.3807354794187258,-0.44424473076696036,,,,,,,,,,
3138625,LIMEIRA DO OESTE,MG,24,77,0,0,0.10597930441474301,-0.2182089296319896,0.06479840178223649,-0.06062152615322789,0.4601377459069946,,,,,,,,,,
3138807,LUZ,MG,24,64,4,0,-0.19194215080504592,-0.19986768109699463,-0.0237340360915515,-0.2577211383324488,0.2357270512153424,-0.11879247414119364,-0.12481171852545074,0.39813827530492135,-0.12353796140044059,-0.14790713033090194,,,,,
3139003,MACHADO,MG,24,134,1,2,-0.025360362776431736,-0.08269052048898118,-0.13158953468332524,-0.16725215303774627,0.25638844338409367,-0.16820784491462742,-0.17750655146324398,0.09650816081191677,-0.18422417725704063,-0.1670466199882679,0.15138706042316466,0.10650393087794639,-0.1737146894614502,-0.18422417725704063,-0.1670466199882679
3139409,MANHUACU,MG,24,358,7,2,-0.2608940859220616,-0.3020667533923845,-0.11415821820310958,0.15162345835680283,0.6618794887861361,-0.16142118309770442,0.3640468657768224,-0.37372030235072556,-0.17680488709895256,-0.04902248741509503,0.10942299786241162,-0.2568622169730671,0.0559215614738072,-0.04453232169613943,-0.27128975439762093
3139706,MARAVILHAS,MG,24,33,0,0,-0.3267102702114472,-0.08291313492007941,0.35072520807624846,-0.003095200260857298,0.16212102836654485,,,,,,,,,,
3140001,MARIANA,MG,24,205,2,4,-0.3307429825372934,-0.523832298687918,-0.09947371703367365,-0.11983008770860831,0.356907439135405,0.21466603062011083,-0.16110092912777269,0.1696932866035796,0.12547339977623778,0.08624393618641034,-0.19183269254018775,-0.20174196763566252,-0.21272179238941938,0.13211589746550978,-0.14790713033090194
3140159,MARIO CAMPOS,MG,24,64,0,0,-0.08170495397229557,0.20531134012363628,0.12927487098578447,0.2383631825654312,0.17503798979747345,,,,,,,,,,
3140506,MARTINHO CAMPOS,MG,24,60,4,0,-0.18879322711405255,-0.4611667076263313,-0.04590054772589764,-0.3895144709101706,0.2291349575108869,-0.15589041868151407,-0.16432629368963952,-0.1596665001584833,-0.16910276367005675,,,,,,
3140704,MATEUS LEME,MG,24,173,2,0,-0.1301079239474715,0.008975627808276179,0.05373298228379339,-0.08814168223052724,0.05901645688415867,0.24334598122868525,-0.18066417986025618,-0.1905176507625011,-0.20149814827784027,0.17248787237282068,,,,,
3140803,MATIAS BARBOSA,MG,24,89,0,2,0.2395136460138671,0.03972032317031643,0.17516972330532077,0.18485593828273814,-0.14110121703613399,,,,,,0.3188636777268108,0.2564737523069745,0.4165115482338335,-0.13894392281577547,-0.10793353340882884
3141108,MATOZINHOS,MG,24,277,0,1,-0.09013351601404743,-0.09971860228705479,0.18023611466078918,0.20583903138226942,0.21070970158279964,,,,,,-0.10603951061323537,0.3116300903748823,-0.11709949273674157,-0.12353796140044059,-0.14790713033090194
3141801,MINAS NOVAS,MG,24,30,0,0,-0.017289485403414562,-0.1458846101848289,0.07181782732685454,-0.41084883709410946,0.3330330050893074,,,,,,,,,,
3142809,MONTE ALEGRE DE MINAS,MG,24,35,2,0,-0.16938527426867728,-0.4748011823136794,-0.2698744197179116,0.009820097812881555,0.32308351320542594,-0.10603951061323537,-0.11129646084817227,-0.11709949273674157,-0.12353796140044059,,,,,,
3143005,MONTE BELO,MG,24,199,0,0,-0.3841544046215769,-0.5327638820885331,-0.3775257748058755,-0.16914299999530266,0.4490590939759198,,,,,,,,,,
3143104,MONTE CARMELO,MG,24,112,2,2,-0.14268352288413266,-0.2542919610249468,0.247861490323878,0.18787185082820515,0.36936870205304284,-0.2612514627401494,-0.2762944081158927,-0.08170469662823925,-0.26740725869798665,0.22338127394297647,0.29687666220471515,0.012558836732540575,-0.01361744943803987,-0.26740725869798665,-0.24368866248324708
3143203,MONTE SANTO DE MINAS,MG,24,107,0,0,0.10517901927334042,-0.23051946385551816,-0.06182742085368724,0.19242948647014774,0.40562807435817755,,,,,,,,,,
3143302,MONTES CLAROS,MG,24,2373,3,18,-0.2153468426604971,-0.2951856441796681,-0.18236964663898336,0.02631144731710913,0.4236700268559554,0.5096367047620116,-0.04576808569831341,0.23985039836860345,-0.026773977630083295,0.47341790589148297,-0.267154978129782,-0.23221807776824635,-0.1986053018826986,-0.3562698816865406,0.21400601100833797
3143401,MONTE SIAO,MG,24,59,0,0,-0.3153523329732501,-0.27364893142614083,0.0021830332245911686,0.052768723681966966,0.4314245986311396,,,,,,,,,,
3143500,MORADA NOVA DE MINAS,MG,24,72,0,0,-0.09903408392314679,-0.40080889441502704,-0.08002600778582869,-0.006262412868049346,0.1772292472290838,,,,,,,,,,
3143906,MURIAE,MG,24,436,0,9,0.08955942911798598,0.091494387665442,0.2306533756826375,0.2931129500184145,0.35151959251219767,,,,,,0.11794307660017543,0.12275083288268014,-0.05799542411084963,0.04295832610893052,0.50709255283711
3144003,MUTUM,MG,24,34,0,4,-0.4191559840947336,-0.20434599525418776,-0.13519310692891973,-0.261891626035025,0.07661719745821562,,,,,,-0.2598054011279611,0.023835400921616803,-0.26446587025888973,0.3299780602589262,0.5276054362302173
3144102,MUZAMBINHO,MG,24,51,0,1,0.028735697447514478,-0.03138881371800869,0.3797081785394839,0.16504868022370503,0.09187101175758425,,,,,,0.4455580368616717,-0.11134924551362411,-0.10228935226457879,0.5389401001366197,-0.1080657239463167
3144300,NANUQUE,MG,24,126,2,1,-0.07772164742638313,-0.06341460240826069,-0.0805481097285628,0.16990593636151846,-0.019965157926371453,-0.11879247414119364,0.33283124940120196,0.4601438423330581,-0.13887301496588275,,-0.11879247414119364,-0.12481171852545074,-0.13146966923801662,0.2777460299317655,-0.14790713033090194
3144607,NEPOMUCENO,MG,24,54,2,0,-0.2277191066741165,-0.21350104582640267,-0.3272667678223867,-0.23818986989806543,0.5742043239126067,-0.15584561614612077,-0.1642739187739858,-0.15960582506597942,-0.16903085094570333,,,,,,
3144706,NOVA ERA,MG,24,67,0,1,-0.11622271162039692,-0.2222608442888249,-0.2248402801511636,-0.20854240069085725,0.474236882227461,,,,,,0.20625402843833357,0.3944281849381369,-0.13146966923801662,-0.13887301496588275,-0.12837345383073615
3144805,NOVA LIMA,MG,24,1126,0,5,-0.27880791245392555,-0.1484444421955834,0.19435131005671058,0.08794100160729894,0.21214903904361887,,,,,,0.04012673332448711,-0.2676913135943547,0.23899622547156985,0.1126872339638022,-0.30801874788446926
3145000,NOVA PONTE,MG,24,28,2,1,-0.2957767017450462,0.14057764022572286,0.09292230316990932,0.06448110796393249,0.5172371060965013,-0.1312525635516668,-0.1380498647283479,-0.13146966923801662,-0.12353796140044059,,0.20625402843833357,-0.1380498647283479,0.41632061925371927,0.3459062919212336,-0.10793353340882884
3145208,NOVA SERRANA,MG,24,375,2,5,-0.21622824125536325,-0.24019086589374627,0.2322094916772451,0.2232142857142857,0.527857709529263,0.1251957714590336,0.03963091120817669,0.3180248695136582,0.09197090092274486,0.03875567919966014,-0.049364732347045,-0.18637656660235158,-0.04635154548972922,-0.08259308406823934,-0.02579237983206598
3145372,NOVORIZONTE,MG,24,40,1,0,-0.33695213887607706,0.05590515047922643,-0.08651492025377361,0.054578642008264296,0.19137330805775235,-0.14392431570967282,-0.1515817369508048,-0.14588514834059396,0.39686269665968865,,,,,,
3145604,OLIVEIRA,MG,24,208,0,0,-0.25802860607874256,-0.28418242372827796,-0.3043268938383014,-0.2831262104755044,-0.05346711185379443,,,,,,,,,,
3145901,OURO BRANCO,MG,24,183,2,1,-0.0407838110139182,-0.02376263354957615,-0.013895844276815748,0.09119006941461456,0.37881810141225364,-0.11879247414119364,-0.12481171852545074,-0.11709949273674157,0.4447366610415861,,-0.11879247414119364,-0.12481171852545074,-0.11709949273674157,-0.12353796140044059,-0.10793353340882884
3146008,OURO FINO,MG,24,132,0,0,-0.004283238960024854,-0.07879682536142163,0.38197888841998706,0.25511300364367784,0.37203876557318594,,,,,,,,,,
3146107,OURO PRETO,MG,24,266,2,6,0.14203072812683978,0.0649394279480189,0.10332333020592967,-0.10133040209187592,-0.09295466226789259,0.054225969522401815,-0.1998263134713633,0.11113529627812563,0.5377431418981619,0.48140045186526054,0.017305804388372165,-0.1740214571645926,0.08198574317352526,0.4447366610415861,0.6896206995754515
3146503,PAINS,MG,24,59,0,0,-0.34617047691364167,0.07379033009089156,0.021149014554412544,0.010681577997081127,0.21655246377422357,,,,,,,,,,
3146909,PAPAGAIOS,MG,24,66,0,0,-0.041280428033532386,0.02624906374027834,-0.023129332866341126,0.059578217953005795,0.6252344022420796,,,,,,,,,,
3147006,PARACATU,MG,24,458,3,0,-0.12337834837411799,-0.13832982995325588,-0.10043413574225667,0.02748117617162347,0.31630792014881115,0.022144634559780524,0.0950378860889667,0.19157404504602604,-0.15397947077242097,-0.12837345383073615,,,,,
3147105,PARA DE MINAS,MG,24,928,4,0,-0.3211165806887149,-0.329914439536929,-0.017270791182227036,-0.05563030467028896,0.5383712380121374,-0.23744482149444854,0.011916030020776935,-0.23882651437293667,0.05427463895880402,0.5237421252111807,,,,,
3147204,PARAGUACU,MG,24,63,0,1,-0.05552776068252095,-0.08204547437377739,-0.11776791671335403,-0.016598470626789798,0.2730632035994678,,,,,,-0.11883712457469715,-0.1248634111010882,-0.13152996260015795,0.46314640938591817,
3147303,PARAISOPOLIS,MG,24,90,0,0,0.009140506936811033,-0.19349089661559718,0.11876860822540672,-0.051118428422567995,0.32667085983519195,,,,,,,,,,
3147402,PARAOPEBA,MG,24,221,0,0,-0.19912519652981098,-0.3730125749178748,-0.04541286314825045,-0.09708739447368125,-0.13604014581629825,,,,,,,,,,
3147600,PASSA QUATRO,MG,24,85,0,0,0.09799428131889822,-0.18922791326492547,0.2383644167498701,0.24308813559998257,0.1773901707388458,,,,,,,,,,
3147709,PASSA TEMPO,MG,24,31,0,0,0.03778240543010818,-0.006013026902565176,0.24286817064163244,-0.3322075356938433,0.14214872698128284,,,,,,,,,,
3147907,PASSOS,MG,24,580,3,3,-0.02358190455126984,0.049972372833565856,-0.07308446513247648,-0.1361562050700047,0.009142363064982754,0.07615593836412327,0.1520606177423467,0.10536572477531433,-0.15397947077242097,-0.14790713033090194,0.028625991016301658,-0.21858713800462334,0.19841597522624124,0.034912662591337684,-0.14790713033090194
3148004,PATOS DE MINAS,MG,24,1274,6,2,0.023744756704582183,-0.14275644066286852,-0.0715917515657832,0.15139251886220093,0.1686380796420825,-0.25372647235709006,-0.267387636453381,-0.25169581907595157,0.010787010495917114,0.6116233559833635,-0.1717736338084837,0.15055348321688017,0.13575462928286366,0.16132294256944857,-0.15733881028688976
3148103,PATROCINIO,MG,24,573,0,0,-0.3602622466096879,-0.4838913966240987,-0.1008032489813948,-0.048073090201418124,0.36364577439356643,,,,,,,,,,
3148905,PEDRA DO INDAIA,MG,24,32,0,0,-0.1935089944000905,0.04889764295426533,0.03512698166079278,0.09294488916031449,0.4503150461720592,,,,,,,,,,
3149101,PEDRALVA,MG,24,25,0,0,0.1448614077956447,-0.02254389917121226,0.2683681883204573,0.04531886317063581,0.48104524200454174,,,,,,,,,,
3149309,PEDRO LEOPOLDO,MG,24,500,0,0,0.06605602848908389,0.2028314145517239,0.16079801523884643,0.0895300215787463,0.2797134405100263,,,,,,,,,,
3149705,PERDIGAO,MG,24,34,0,0,-0.48450726984992754,-0.4522648123462319,-0.37524311440275226,-0.2214832366805161,0.41644354656117494,,,,,,,,,,
3149804,PERDIZES,MG,24,102,0,0,-0.5263258283279586,-0.5572799527075699,-0.0300239486463904,0.15544119028117714,0.8035088748214789,,,,,,,,,,
3149903,PERDOES,MG,24,63,2,0,-0.366912570543634,-0.031465967264707365,0.11409416529754171,-0.1728841627951921,0.033503315358240804,-0.15584561614612077,0.18252657641553977,-0.15960582506597942,-0.16903085094570333,-0.1670466199882679,,,,,
3150703,PIRAJUBA,MG,24,55,0,0,0.23790708026167087,-0.18638062536171826,0.29698883415313715,-0.07834577814805374,-0.08241831856740786,,,,,,,,,,
3150802,PIRANGA,MG,24,40,0,0,0.1613195819273318,0.37013740277524476,0.21039504421608674,0.162132949835192,0.2923449612445462,,,,,,,,,,
3151008,PIRANGUINHO,MG,24,24,1,0,-0.1839126783214452,-0.47233205299772085,0.12635592279062816,0.07814988343716942,0.11561964604486703,-0.15593525987866802,-0.16437871873282672,-0.1737764986395176,0.40955052117287216,,,,,,
3151206,PIRAPORA,MG,24,405,4,0,-0.20633465195224251,-0.11862455859709077,-0.12183875946805989,-0.07398967670367744,0.08281388762254195,0.14067730786280436,-0.20174196763566252,-0.18570195349698687,0.17745904515459987,0.3374018145080074,,,,,
3151404,PITANGUI,MG,24,98,0,0,-0.18659332599109624,-0.5610750418467428,0.010838244488746278,0.13529944529458182,0.23642938658714524,,,,,,,,,,
3151503,PIUMHI,MG,24,112,0,0,-0.47175941055571496,-0.37438338914045277,-0.09194506214103826,0.1095505809534301,0.6679602734093745,,,,,,,,,,
3151602,PLANURA,MG,24,34,0,0,-0.07104229163195808,-0.3249794944070232,-0.05616902528176678,-0.21730280271250774,0.127735090342461,,,,,,,,,,
3151701,POCO FUNDO,MG,24,47,0,0,-0.10277205767215844,-0.18169561597116732,0.03895438089071264,-0.1012220412723645,-0.011200743825773008,,,,,,,,,,
3151800,POCOS DE CALDAS,MG,24,1933,4,2,-0.13919885895009726,-0.34091499631637034,-0.263094088243436,-0.2662658104220995,0.4820140293809405,-0.08043011062666636,-0.2970985423384792,-0.28400694534567805,-0.30125786715206027,0.053047746121188566,-0.18979089332840635,-0.1998263134713633,0.2381470634531264,-0.13887301496588275,-0.12837345383073615
3152006,POMPEU,MG,24,153,0,0,-0.14601167916655663,-0.19124415992697402,-0.18091974263342298,-0.007019744801816511,0.2658810376081964,,,,,,,,,,
3152105,PONTE NOVA,MG,24,552,2,3,0.07175456905436006,-0.06612001205121423,0.10458367354513394,0.07491386436518431,-0.07570464142209257,-0.1533328790143649,-0.16110092912777269,0.3147951873441879,-0.10771355506504919,-0.08560080883635282,0.08969937018449044,-0.20218006145805978,-0.18614568639604176,-0.1966571461940076,0.34198686714702664
3152204,PORTEIRINHA,MG,24,48,2,1,-0.330944777057964,-0.5464678450115584,0.020187899363462856,-0.1537998793604306,0.4599088538894261,0.01297498240269205,0.08205498813163872,0.42194156240044056,0.38300039674251457,-0.18713485846554165,-0.14356850721551082,-0.1511670118591232,-0.14558367013382342,0.43994134506405985,
3152501,POUSO ALEGRE,MG,24,1368,4,4,-0.13216829129422136,-0.270878780453478,0.1871986068698173,-0.10490629404524891,0.13934890373102313,-0.2819353276246014,0.029249722505284265,0.04142354698350797,-0.2671939301768366,0.03640176285872176,-0.1114172029062311,-0.35353560040076537,0.2292480902495048,0.0,-0.3276158657284959
3152600,POUSO ALTO,MG,24,36,0,0,0.2323356688372057,-0.05171879091462814,-0.22688637812409304,0.07522474574550168,0.0018417236934541784,,,,,,,,,,
3152808,PRATA,MG,24,223,0,1,-0.05402524978053841,-0.2893874817377438,0.09087253739493671,0.16285235200117937,-0.01730752347342576,,,,,,-0.16816225395433357,-0.17745307757998113,-0.17365294618974278,0.36830141598201066,
3153608,PRUDENTE DE MORAIS,MG,24,39,0,0,-0.00295138330885746,-0.054808944803385384,-0.2026984915411116,0.05852497021203276,0.07367320945484969,,,,,,,,,,
3154309,RESPLENDOR,MG,24,33,1,0,0.01906459937118598,0.031400626874957316,0.4300621202511312,0.01527135714476148,0.08838596827110463,-0.11883712457469715,0.2497268222021764,-0.11716084956187751,-0.12360984849491553,,,,,,
3154606,RIBEIRAO DAS NEVES,MG,24,825,4,4,-0.16653566457119698,-0.43029633440047177,0.0284908029248766,-0.3001748218819501,0.011778803194069546,0.05307947346555838,-0.26860859091488476,0.3288529609481639,-0.22554842722407933,-0.2727272727272727,0.36264994586580884,-0.2262404526381345,-0.21272179238941938,-0.22495409568451666,0.07044663862250758
3155504,RIO PARANAIBA,MG,24,40,0,0,-0.39342305390813753,-0.21934210362479345,-0.17012661275752125,0.09437812740797756,0.24387163338929296,,,,,,,,,,
3155801,RIO POMBA,MG,24,57,0,0,0.20126447158986593,0.32298270812748714,0.07650134299893233,0.1106367083877952,0.2653192634747469,,,,,,,,,,
3156304,RODEIRO,MG,24,89,0,0,-0.25620028752533586,-0.35683869356729747,0.24274805572728342,0.31849183040647383,0.33307131298280385,,,,,,,,,,
3156700,SABARA,MG,24,466,3,1,0.023836900527558297,-0.045810408081654486,0.029520951487408475,-0.06108999053054176,0.09699624994618074,-0.18961142199433853,0.11406844262335965,-0.19030152176409712,0.11819216452498887,-0.10793353340882884,-0.1312525635516668,0.2760997294566958,0.41632061925371927,0.23145502494313785,-0.10793353340882884
3156908,SACRAMENTO,MG,24,111,0,0,-0.11919820481353696,-0.2859368923186565,0.06864380288651258,0.11667845296428392,0.3541124098458191,,,,,,,,,,
3157005,SALINAS,MG,24,123,1,1,-0.3497753339992582,-0.48715971764076604,-0.02548344701490021,-0.16006186602604383,0.34280534043071964,-0.1312525635516668,-0.1380498647283479,-0.13146966923801662,0.23145502494313785,0.384558538860345,-0.1312525635516668,-0.1380498647283479,0.28485095001570265,-0.13887301496588275,-0.14790713033090194
3157203,SANTA BARBARA,MG,24,113,0,1,0.19335298303392642,-0.4757513962375879,-0.1086958408556005,0.04707463235291572,0.13944267975610916,,,,,,0.32900741186403276,0.1460212611324318,0.29926092199871146,-0.16903085094570333,-0.1670466199882679
3157708,SANTA JULIANA,MG,24,76,1,0,-0.31173429204873765,0.10774529689095827,0.2459597646733851,0.41231714472407627,0.7104124869034784,-0.180625434785001,-0.19082284025122073,-0.18787532494453266,-0.18422417725704063,-0.18610323617140284,,,,,
3157807,SANTA LUZIA,MG,24,782,1,7,-0.27243979008520985,-0.35517033868903,0.22614761177338064,0.023215982926860994,0.3652429160937667,-0.1312525635516668,-0.1380498647283479,-0.14558367013382342,0.43994134506405985,0.18610323617140284,-0.1023521231176221,-0.33882199931855406,-0.13518675020023752,0.1515845466876923,0.4486221273371049
3158953,SANTANA DO PARAISO,MG,24,257,0,0,-0.145640328963329,0.044633137610781776,0.3465453952988006,0.13511043485652618,0.23172530807350228,,,,,,,,,,
3159209,SANTA RITA DE CALDAS,MG,24,31,0,0,0.05405001330171184,0.21029821237943291,0.3165906834363094,-0.06271030808985403,-0.02024797480178387,,,,,,,,,,
3159605,SANTA RITA DO SAPUCAI,MG,24,230,0,0,-0.14720448886889775,0.009155932710464564,0.25388041205644724,0.2919294516115453,0.290971236095183,,,,,,,,,,
3159803,SANTA VITORIA,MG,24,46,1,0,-0.2403984994598909,-0.43701304764194104,0.003936891934023603,-0.04597591248758183,0.11050981418227454,-0.10603951061323537,-0.11129646084817227,0.3044586811155281,-0.12353796140044059,0.5028842431250666,,,,,
3159902,SANTO ANTONIO DO AMPARO,MG,24,39,0,0,0.013574962667094004,0.04021194831067481,0.06642285339302713,0.17254199650369123,0.22008397089247597,,,,,,,,,,
3160405,SANTO ANTONIO DO MONTE,MG,24,49,3,0,-0.04071257859427804,-0.1700374844219287,-0.005359411748830869,0.1081230574793973,0.1557638235021071,-0.18067212612216063,0.22558284607671758,0.1690877924500794,-0.18415070799100533,,,,,,
3160702,SANTOS DUMONT,MG,24,82,0,1,-0.24535444995831268,-0.4199702554299046,-0.4512316833835742,-0.05475508724675544,0.24985081221416452,,,,,,-0.11879247414119364,-0.12481171852545074,-0.11709949273674157,-0.12353796140044059,0.35302699803452436
3161007,SAO DOMINGOS DO PRATA,MG,24,55,0,0,-0.40216684077068743,-0.3188544013599705,0.07749300059043777,-0.07182104275334912,0.5307125357070471,,,,,,,,,,
3161502,SAO GERALDO,MG,24,46,1,0,-0.008335160467638082,-0.053285157840973055,0.2517355635874205,0.027271568750129767,0.24822414467897846,-0.09281641882036987,0.48661694024722457,-0.10228935226457879,-0.10778802002732395,-0.1080657239463167,,,,,
3161809,SAO GONCALO DO PARA,MG,24,56,0,0,0.10469108115318403,0.04122327946173151,-0.08995385119331724,-0.059918757307787784,0.3110776313957826,,,,,,,,,,
3161908,SAO GONCALO DO RIO ABAIXO,MG,24,66,0,0,-0.05855480799708388,-0.35289816254676143,-0.09410482720967736,-0.26297009087161527,0.26424906495540906,,,,,,,,,,
3162005,SAO GONCALO DO SAPUCAI,MG,24,56,0,0,-0.06946355977012646,-0.07864964199519481,0.11165773440519042,0.08416571766444228,0.08958424180466903,,,,,,,,,,
3162104,SAO GOTARDO,MG,24,75,1,2,-0.035081921070990923,-0.07491573293799102,0.35839598724401833,0.10396570646258843,0.47377994983572674,0.26919095102908275,-0.1511670118591232,-0.14558367013382342,0.3519530760512479,,-0.14356850721551082,0.1511670118591232,0.22877433878172254,-0.15397947077242097,-0.14790713033090194
3162500,SAO JOAO DEL REI,MG,24,351,2,1,-0.05155593230323417,-0.14408767187180696,0.03572205951796896,-0.12335596831385032,0.05513943345113968,0.4312584230983338,-0.1380498647283479,-0.13146966923801662,-0.13887301496588275,,-0.1312525635516668,-0.1380498647283479,-0.13146966923801662,0.2777460299317655,0.5028842431250666
3162708,SAO JOAO DO PARAISO,MG,24,21,2,0,-0.31646698429874565,-0.0745127774573862,-0.14577147187916947,0.025112910984473557,0.05452609960207667,-0.20772798519515778,-0.218962917634627,0.1357362059948119,0.2076500190176182,0.44408855811468884,,,,,
3162906,SAO JOAO NEPOMUCENO,MG,24,52,2,0,-0.09966637135933719,-0.27933419854733305,0.15548114298396598,0.13912484147002835,0.36635562915756253,-0.10603951061323537,-0.11129646084817227,-0.11709949273674157,-0.12353796140044059,,,,,,
3162922,SAO JOAQUIM DE BICAS,MG,24,484,1,1,-0.2933209810710186,-0.4166404890256241,0.036794727865585464,0.041444307423981495,0.4060780405450438,-0.15584561614612077,-0.1642739187739858,-0.17365294618974278,-0.18415070799100533,0.3849107395700303,-0.15584561614612077,-0.1642739187739858,-0.17365294618974278,0.36830141598201066,
3162955,SAO JOSE DA LAPA,MG,24,137,1,0,-0.4367397843767962,-0.3769414031763709,-0.23365551111300423,-0.1373785654642566,0.3052143059836756,-0.1312525635516668,0.2760997294566958,-0.13146966923801662,-0.13887301496588275,0.36193434330791374,,,,,
3163706,SAO LOURENCO,MG,24,191,0,0,-0.114270966282468,-0.2706394141195074,0.1248142117546106,0.19639310804128998,0.26609138533609067,,,,,,,,,,
3164407,SAO SEBASTIAO DA BELA VISTA,MG,24,40,0,0,0.016868024521646076,-0.096276118799024,0.20030544319242832,-0.033840362559206395,0.12626598662911906,,,,,,,,,,
3164605,SAO SEBASTIAO DO OESTE,MG,24,110,2,0,-0.2823196587034582,-0.3515722475469543,-0.14397017945010562,-0.07626944093857253,0.5723538926106776,-0.10603951061323537,-0.11129646084817227,-0.11709949273674157,-0.12353796140044059,,,,,,
3164704,SAO SEBASTIAO DO PARAISO,MG,24,368,2,2,-0.07010570562145081,0.06752151637744278,0.2764139792806947,0.23718863598703574,0.6026525531420418,-0.14356850721551082,-0.1511670118591232,0.31196500742962163,-0.15397947077242097,,0.09082487681884435,-0.2188133016843699,0.21097078120022028,0.43994134506405985,
3165404,SAPUCAI-MIRIM,MG,24,26,0,0,-0.047893453517721715,-0.21089772073379226,0.22851978134560086,0.15877987552537806,0.08625736702059812,,,,,,,,,,
3165537,SARZEDO,MG,24,245,0,1,-0.13485791345637368,-0.37909621079164557,0.016804834161021805,0.003363904275078585,0.07262689519876948,,,,,,-0.15589041868151407,-0.16432629368963952,-0.1596665001584833,-0.16910276367005675,-0.20541351223856336
3166808,SERRA DO SALITRE,MG,24,47,2,0,-0.45766328344466833,-0.4803106076376735,-0.0633245941000048,-0.32223415596725286,0.24320542838217973,-0.1312525635516668,-0.1380498647283479,-0.14558367013382342,-0.15397947077242097,,,,,,
3167103,SERRO,MG,24,56,0,0,-0.012643750826362984,-0.1874273821432657,0.17769273483881828,0.46033645404641227,0.153970977648269,,,,,,,,,,
3167202,SETE LAGOAS,MG,24,2045,16,0,-0.09899217075368219,-0.20047056543697933,0.025955230607795383,-0.10253725792696938,0.19862239848991475,0.2779931796803882,-0.09802004589171945,0.06272228540795188,0.013850088798424781,-0.04489679984770862,,,,,
3168002,TAIOBEIRAS,MG,24,106,0,1,-0.26610419035826444,-0.17448371407113786,0.053361555302337264,-0.18572733225660776,0.12418385699702203,,,,,,-0.10603951061323537,-0.11129646084817227,-0.10222556095668148,-0.10771355506504919,
3168606,TEOFILO OTONI,MG,24,692,5,2,-0.17231330984778942,-0.13503759549938504,-0.12351891676341191,-0.23547666217304808,-0.014191551491281313,-0.13838949641030351,-0.3412683993140449,-0.032673507550443556,-0.30125786715206027,0.6896206995754515,-0.18979089332840635,0.1284597729458764,-0.1905176507625011,-0.20149814827784027,-0.12837345383073615
3168705,TIMOTEO,MG,24,369,5,0,-0.21991042541754502,-0.07463662732049899,-0.001453676871795071,-0.13343754973274943,0.123783979143503,-0.23744482149444854,0.011916030020776935,0.06513450391989181,0.309073317821959,0.21560984046602585,,,,,
3169000,TOCANTINS,MG,24,113,1,0,-0.4204913795103793,-0.3201325415922123,0.12051279021427666,-0.016878093809498958,0.5412156474200218,-0.07860336953666276,-0.08233397804228353,-0.08643572325155013,-0.09096678634074566,-0.10793353340882884,,,,,
3169307,TRES CORACOES,MG,24,377,3,2,-0.21693543462983236,-0.38406109388260196,-0.2728383877187138,-0.25407583806811573,0.22510601659777352,-0.2379154757154432,0.047767625351759234,0.0631185258864746,-0.026773977630083295,0.08624393618641034,-0.1312525635516668,-0.1380498647283479,-0.14558367013382342,-0.15397947077242097,
3169356,TRES MARIAS,MG,24,107,1,0,-0.1901220054183191,0.1625452493396079,0.07519186950879193,0.1632781536518756,-0.15021340469177072,0.3640584697888032,-0.1644837195220285,0.17983005915089956,0.2539785806990915,-0.14790713033090194,,,,,
3169406,TRES PONTAS,MG,24,254,1,2,-0.16707232866025068,-0.3150674387032977,0.032063553606006094,-0.11576689215877538,0.47861027597121514,-0.11883712457469715,-0.1248634111010882,0.46864339824751006,,,-0.11883712457469715,-0.1248634111010882,-0.11716084956187751,-0.12360984849491553,-0.12837345383073615
3169604,TUPACIGUARA,MG,24,174,1,2,-0.2786644930374267,-0.32860991873949186,0.1130813714318146,-0.2044020395027746,0.19226356303242437,0.3768673314407159,-0.1511670118591232,0.21945800946572175,-0.16903085094570333,-0.20528572777068282,-0.14356850721551082,0.22675051778868482,-0.15960582506597942,-0.16903085094570333,-0.20528572777068282
3169703,TURMALINA,MG,24,64,0,0,-0.09525054413333321,0.0876808713574847,0.0300591880348652,0.2621283904333904,0.14809877787010695,,,,,,,,,,
3169901,UBA,MG,24,663,3,9,0.03433657752916093,0.08498355108999857,0.18154914675131825,0.25620157854565856,0.39859566564740423,0.7560375486978479,0.08087202458322391,0.49638849705611127,0.1311047641293384,-0.1084652289093281,0.35114002866077676,0.08443193693575636,0.1856285151190895,0.10728526885571864,-0.12887589588356851
3170107,UBERABA,MG,24,2739,14,14,-0.4422588502548884,-0.6262431210495769,-0.28100889484238,-0.2392719838407377,0.3421503826688602,-0.19010830828945377,-0.44345946954364335,-0.2189914868714186,-0.18646926890290563,0.22309275845454168,-0.3243113312049232,-0.4599652692398632,-0.03532306759864473,-0.4699562699927744,0.1874234082817069
3170206,UBERLANDIA,MG,24,5852,18,31,-0.2831803885932003,-0.31951179645386574,-0.007511234710464666,0.002320844404602353,0.3171374030816931,0.14707364970046127,-0.362143528045495,0.07918739859212831,0.24315945106585446,-0.04840047674704395,-0.3816017738878719,-0.44928799542806125,0.05674970716921844,0.07881407347487071,-0.01692295225741255
3170404,UNAI,MG,24,306,1,1,-0.1326400091034057,-0.08708674669831735,0.1485747171324746,-0.04019165678030366,0.6049001513826263,-0.15584561614612077,-0.1642739187739858,0.29926092199871146,-0.16903085094570333,0.39879264893872035,0.25974269357686797,0.3285478375479716,-0.15960582506597942,-0.16903085094570333,
3170503,URUCANIA,MG,24,87,2,0,0.17364133878223162,0.13123855933536316,0.07918614275765098,0.08067940492105638,0.4588368969549275,0.09492743569146075,0.18562207404737238,0.5398000104937531,0.43657932126865384,-0.15733881028688976,,,,,
3170701,VARGINHA,MG,24,989,2,3,-0.32726397668182194,-0.4249511867756792,-0.3588255837146366,-0.16278517689870647,0.47862083989836735,-0.1341431204246545,-0.14079529090477774,-0.12525726299675796,-0.13198848607808558,0.3146776205737795,-0.13401627110983003,0.22932027068056104,-0.12511516736054804,-0.13182339722538647,-0.10793353340882884
3170800,VARZEA DA PALMA,MG,24,204,0,0,-0.004340603739069448,-0.14975179107044975,-0.17228054432431517,-0.33765611827028824,-0.16754705212901672,,,,,,,,,,
3171006,VAZANTE,MG,24,81,1,0,-0.12143665382688762,0.007070273678153333,0.3162507201609553,0.15771061094561417,-0.0636499900761306,-0.14361283900820412,-0.1512186664008184,-0.14564381625088382,-0.15405047814108908,-0.167169043324589,,,,,
3171204,VESPASIANO,MG,24,589,0,2,-0.3028894636417385,-0.3128756440078391,0.18019832808338523,0.13897427566857193,0.3610532129393939,,,,,,0.18979089332840635,-0.1998263134713633,0.09041604908580869,0.11170844904990009,-0.27128975439762093
3171303,VICOSA,MG,24,234,0,3,0.1286832619983633,-0.01923755822491063,0.17628573275216378,0.05700805865867737,-0.25982689879419135,,,,,,0.08969937018449044,0.0539146830554826,-0.18614568639604176,0.1966571461940076,-0.12478354962115545
3171709,VIRGINIA,MG,24,39,0,0,-0.24586170555561207,-0.012835166076226942,0.04613865103136297,0.09668270636330839,0.075086321856724,,,,,,,,,,
3172004,VISCONDE DO RIO BRANCO,MG,24,298,7,0,0.09250511720960607,0.025625572402601483,0.07394302139929813,-0.21715365044345125,-0.15599143922201797,0.05667336917683865,-0.2260773964348709,-0.2125531662888879,-0.22475702679370324,-0.15706636192614137,,,,,
3200102,AFONSO CLAUDIO,ES,24,102,0,0,-0.15155220354787252,-0.26943632458676997,-0.11102849231332078,-0.13176055250667495,0.26039526845883354,,,,,,,,,,
3200300,ALFREDO CHAVES,ES,24,49,0,0,0.025684910207074394,-0.23519208103577818,0.153147544541254,0.034213221740613996,0.18972307324693793,,,,,,,,,,
3200409,ANCHIETA,ES,24,135,1,3,-0.27953679024227357,-0.16486415071491872,-0.029723383240539254,-0.17738677959165103,0.6865709135001247,-0.11879247414119364,-0.12481171852545074,-0.13146966923801662,-0.13887301496588275,-0.1670466199882679,-0.17161120007588127,-0.18047744680791858,0.06703803607598874,-0.2012461179749811,-0.1670466199882679
3200607,ARACRUZ,ES,24,665,4,4,-0.3768978371881679,-0.5525794540502911,-0.20826698759187945,-0.23891707086069397,0.2737477140457498,0.12998673672393626,0.21604953357824547,-0.34478798873601946,-0.13750477455423168,0.056553463581555836,-0.2819353276246014,-0.034044758981560376,-0.28993837966622105,0.03419927840283847,0.48628580135247096
3200706,ATILIO VIVACQUA,ES,24,180,0,0,-0.14600963722687563,-0.26823462138971793,-0.017673726155656537,0.1869557662005157,0.42982184912316573,,,,,,,,,,
3200805,BAIXO GUANDU,ES,24,90,2,0,0.13346321917239448,0.18255545066140105,0.0433015855972933,0.18606164313062207,-0.12256526740177397,0.22517504920663145,0.18258477076626614,0.2993746877971562,-0.16910276367005675,-0.14802951937156295,,,,,
3200904,BARRA DE SAO FRANCISCO,ES,24,249,3,1,-0.4347768940676287,-0.31619100928369964,-0.0935507091741303,-0.05559758016125096,0.49495276722538895,-0.1312968084757456,-0.13810125124221703,-0.13152996260015795,-0.13894392281577547,,-0.1312968084757456,-0.13810125124221703,-0.13152996260015795,-0.13894392281577547,
3201001,BOA ESPERANCA,ES,24,33,0,0,-0.22412778945522155,-0.29770324720169883,-0.42606784629860067,-0.04938350419931213,0.2160719024391485,,,,,,,,,,
3201209,CACHOEIRO DE ITAPEMIRIM,ES,24,1404,11,1,-0.33049416671354565,-0.3236824169337058,0.06076293907464894,-0.023034423027541526,0.5030896277540604,-0.07414390245175095,-0.3434267028295071,0.3584068207668974,-0.02447559097055606,-0.2713903662805649,-0.11879247414119364,-0.12481171852545074,-0.11709949273674157,0.49415184560176234,0.32539568672798425
3201308,CARIACICA,ES,24,1996,5,12,-0.09045217682749511,-0.21898632325660086,0.20982743289455977,-0.006516265656591122,0.3168499511431151,-0.23744482149444854,-0.25023663043631567,0.13569688316644127,0.1297840338906062,-0.03693976922890417,-0.2756766825317238,-0.08470186991338205,-0.2225845374934437,0.1319697410729812,0.11325360356883783
3201407,CASTELO,ES,24,298,1,0,-0.03741423555108758,-0.2764889679248734,0.04690106964667522,-0.23668420103956597,-0.04469706753753574,-0.14356850721551082,-0.1511670118591232,-0.15960582506597942,0.33806170189140666,-0.18610323617140284,,,,,
3201506,COLATINA,ES,24,1160,3,1,-0.20437245993823894,-0.35248611067011926,-0.08323332690157209,-0.17127484260087078,0.3980730193304408,-0.18961142199433853,-0.1996197745908794,-0.19030152176409712,-0.2012461179749811,-0.12837345383073615,0.31875622576833373,-0.1380498647283479,-0.13146966923801662,-0.13887301496588275,-0.12837345383073615
3201605,CONCEICAO DA BARRA,ES,24,35,3,0,-0.23480346329789412,0.20404799205935176,-0.054107416676852024,-0.03748946162389074,0.4119909024813343,0.011857707509881422,0.0719608639321375,0.05251778591565829,-0.04128614119223852,0.13293088297957345,,,,,
3201902,DOMINGOS MARTINS,ES,24,161,0,0,0.0872152699452297,0.03996683917412932,0.17916282796687896,0.18386091549714248,0.3871034731588029,,,,,,,,,,
3202108,ECOPORANGA,ES,24,33,0,0,0.001586143074908663,-0.21250258298204833,0.24840191233256256,0.1491817382906585,0.018547347355700728,,,,,,,,,,
3202207,FUNDAO,ES,24,71,1,0,-0.08303492848309281,-0.15019199428755795,0.22644310823652997,-0.13051318771821954,0.04089188753462105,0.16151457061744967,-0.1511670118591232,0.22877433878172254,-0.15397947077242097,0.34562029574689096,,,,,
3202306,GUACUI,ES,24,35,0,0,0.09471512887748605,-0.13071345646941743,0.08455416134276414,-0.13479565051685627,-0.10907360291694286,,,,,,,,,,
3202405,GUARAPARI,ES,24,394,2,1,-0.27491011278524535,-0.4614766165887913,-0.33105559739691176,-0.36729015092880324,0.1638240402870365,0.30508307783296046,-0.1511670118591232,-0.14558367013382342,-0.15397947077242097,0.25056992998240185,-0.14356850721551082,-0.1511670118591232,-0.14558367013382342,0.21997067253202993,0.36193434330791374
3202454,IBATIBA,ES,24,39,1,0,-0.08239188143242941,-0.09150922708303702,-0.21326566711096245,-0.006628838369868626,0.12616581608010385,-0.18095303656822614,0.06953036665008325,0.2824800013378253,0.16003048490072438,-0.18635220382275078,,,,,
3202504,IBIRACU,ES,24,77,0,0,-0.2302420002061807,-0.5626238900673087,-0.12770278700471116,-0.31385950712517746,0.33756819921191966,,,,,,,,,,
3202603,ICONHA,ES,24,91,0,0,-0.09452536022951404,-0.18185888903087746,0.061363340762559726,0.020700448639205376,0.31600090052668767,,,,,,,,,,
3202801,ITAPEMIRIM,ES,24,228,5,0,-0.38014237942828843,-0.5439457631027109,-0.24320455441735253,-0.3660158863305925,0.2674766507882059,-0.2597252018974261,-0.2740134787903624,0.05106869187302756,-0.30779350562554625,0.10683911534328766,,,,,
3202900,ITARANA,ES,24,54,1,1,-0.12382297943244679,-0.41197444226795116,-0.20413937093071663,-0.23491621115219624,0.33786680806391817,0.1615644438842296,0.22682799960122763,-0.14558367013382342,-0.15397947077242097,0.44372139099270586,-0.14361283900820412,-0.1512186664008184,-0.14558367013382342,-0.15397947077242097,-0.14790713033090194
3203007,IUNA,ES,24,27,1,0,-0.20221755623143353,-0.2675576323923618,-0.042384839859334465,0.4409530893997425,0.01696984578763809,-0.10603951061323537,0.4451858433926891,-0.10222556095668148,0.43085422026019676,-0.08560080883635282,,,,,
3203056,JAGUARE,ES,24,55,0,1,0.3549566132609828,0.32910223970093594,0.32627791125807365,0.44041409347649046,0.15826252746027325,,,,,,-0.14356850721551082,0.1511670118591232,0.3951556760775207,0.30795894154484194,-0.12837345383073615
3203106,JERONIMO MONTEIRO,ES,24,33,0,0,0.2653717134214106,0.290875268112467,0.29710282287486905,0.3772208235955609,0.3295428616836155,,,,,,,,,,
3203130,JOAO NEIVA,ES,24,53,0,0,-0.2195655093363767,-0.4265480192508803,-0.0933256042882349,0.059644077093819095,0.12899324484709707,,,,,,,,,,
3203205,LINHARES,ES,24,1512,9,1,-0.38649974456852876,-0.4789686707778533,-0.18244499043341392,-0.08864852944495036,0.4454005329729824,-0.3505609469099829,-0.13857730090630044,0.10010812535728866,-0.18508871292367643,0.22717620761626847,-0.14361283900820412,-0.1512186664008184,0.4369314487526515,,
3203320,MARATAIZES,ES,24,107,1,2,-0.15511620949854285,-0.2546314428297389,-0.1590496665858657,0.06967848456633588,0.5800983832403728,-0.16816225395433357,-0.17745307757998113,0.32801112058062526,0.24553427732134045,0.33358930762735955,-0.16816225395433357,-0.17745307757998113,-0.17365294618974278,-0.18415070799100533,
3203346,MARECHAL FLORIANO,ES,24,80,1,0,-0.20214565058327405,-0.2614995472849853,0.07809515537393352,0.01865246470396637,0.3764071685207618,0.20195896582632258,-0.1776136444150456,-0.17383837384127884,0.2253427977522267,,,,,,
3203353,MARILANDIA,ES,24,34,1,0,-0.1323737247630635,0.0,-0.030695930117523498,-0.19649855940641714,0.045398807180416466,-0.16834484060307353,0.24873416908154553,0.13525580069894685,-0.1844451137872728,-0.18622759518038343,,,,,
3203403,MIMOSO DO SUL,ES,24,47,0,0,-0.04717816446575918,-0.503833411578719,-0.34032445218147056,-0.12818449433510518,0.1919371306845515,,,,,,,,,,
3203502,MONTANHA,ES,24,51,0,8,-0.1482926916056458,-0.1901058453286849,-0.006002026822458315,-0.2505137744870301,0.18522350294627124,,,,,,0.0900936336114641,0.08132009584764127,-0.18570195349698687,-0.19613894464455778,-0.1982865622404538
3203908,NOVA VENECIA,ES,24,219,1,2,-0.03431745176038915,-0.23636050148933865,0.10939332482401679,0.22725436805367114,0.12879304746583708,-0.1312525635516668,-0.1380498647283479,-0.13146966923801662,0.23145502494313785,-0.14790713033090194,-0.1312525635516668,-0.1380498647283479,-0.13146966923801662,0.2777460299317655,0.44372139099270586
3204104,PINHEIROS,ES,24,53,0,0,-0.3950043665619175,-0.3374504524657955,-0.27768484046165787,-0.318353535565475,0.17702878516592677,,,,,,,,,,
3204203,PIUMA,ES,24,48,0,0,-0.2534210374499761,-0.17600191808985566,0.16434831928799312,0.1628847695145087,0.0168687235980174,,,,,,,,,,
3204351,RIO BANANAL,ES,24,38,1,0,-0.015380685277477954,-0.4171851370704335,-0.14342537134383346,0.12193655157797247,0.3990370532589491,0.21541925851230614,-0.1512186664008184,-0.14564381625088382,0.39612980093422906,0.5028842431250666,,,,,
3204559,SANTA MARIA DE JETIBA,ES,24,153,5,0,0.08682471299242629,-0.08988884579830321,0.05891441891489603,0.20961456143572288,0.19466473244730068,-0.0848700251647707,-0.19324643549888343,0.4539297332740184,-0.07575919099706681,0.15105177613271445,,,,,
3204609,SANTA TERESA,ES,24,166,3,2,-0.23940475845399103,-0.5131797113278959,-0.4727508907633001,-0.3341768182186153,0.4160324819899188,-0.20740340660867612,-0.21858713800462334,-0.21073144955062867,-0.2231374522142017,0.47329875663342574,-0.14356850721551082,-0.1511670118591232,-0.14558367013382342,-0.15397947077242097,
3204658,SAO DOMINGOS DO NORTE,ES,24,35,0,0,-0.20213098459373588,0.061149273602637506,0.22990606153623364,-0.17024743621569585,0.03565925022099787,,,,,,,,,,
3204708,SAO GABRIEL DA PALHA,ES,24,57,1,2,-0.38839288737536776,-0.2896856546983846,-0.011188443797683866,0.19854771096533902,0.7627927872360586,-0.16820784491462742,-0.17750655146324398,-0.1737146894614502,0.4093870605712014,,-0.024322814189169227,-0.2569396200837506,0.0839121670444393,0.1336502652960399,0.19390788374813217
3204906,SAO MATEUS,ES,24,643,11,4,-0.1690989600684267,-0.1410717864766181,0.1292076302043687,-0.16611078081378686,-0.0509360227906182,-0.0007142193969920108,-0.3806440866494167,0.11418168899900978,0.13320174382664401,-0.3240482867923661,-0.23744482149444854,0.34245634103189365,0.027139376633288255,-0.03880141219409875,-0.21560984046602585
3204955,SAO ROQUE DO CANAA,ES,24,42,0,0,-0.38730640022742796,-0.35776123413437444,-0.03722213811064982,-0.027358622774235515,0.39839667952568203,,,,,,,,,,
3205002,SERRA,ES,24,4423,19,12,-0.23399239537072364,-0.19696560328477236,0.2236239817567274,-0.028783981220968338,0.21719533471558147,-0.1056446554718162,0.03558807567447387,0.4667696836266681,-0.09386451496255417,-0.30721440417377405,0.019021066342415526,0.35398571722563643,-0.1131300024730917,0.2067925479671278,0.3276158657284959
3205010,SOORETAMA,ES,24,148,0,0,-0.17680184589076567,-0.09951437420110201,-0.05577143982183172,0.33989310391939476,0.45962210366743605,,,,,,,,,,
3205036,VARGEM ALTA,ES,24,107,3,0,-0.1205654758892421,-0.2777762373098957,-0.02619637027993814,0.15822611117554528,0.2088496882967369,0.028661397326700776,0.038067194370197364,-0.21081851067789192,0.0653015994673096,-0.14790713033090194,,,,,
3205069,VENDA NOVA DO IMIGRANTE,ES,24,114,0,0,-0.1170449796875874,-0.20360621872803578,0.18580744155737255,0.01791832086258667,0.0368400093454132,,,,,,,,,,
3205101,VIANA,ES,24,742,5,3,-0.1591208819337455,-0.13048503313131082,-0.038676009296866765,-0.11993019390217421,0.15715680311892505,-0.3042169637819907,0.03636168043558376,0.0509828270566252,-0.03193578295878515,0.03753879728143211,0.1849784793497669,0.1419624620639849,-0.17365294618974278,-0.18415070799100533,
3205200,VILA VELHA,ES,24,3836,4,65,-0.1096169848921664,-0.1847815646636505,0.17363261104773403,0.02527295047125206,0.1399913670560144,-0.30792014356780034,0.10166502825216718,0.22626711760801282,-0.20625716183134754,0.21207548843083437,0.05774241617195852,0.19683418999475288,0.055472458025918714,-0.07174088286092656,0.2690634945143264
3205309,VITORIA,ES,24,4331,10,25,-0.2894905917086517,-0.2828224047165962,0.1982841537956251,0.04101717323987989,0.4354931838205821,0.1275115928880448,-0.20305554328767272,-0.02504404634900503,0.03422440770551532,-0.11527224905261892,0.005188841307171279,-0.1397514243253825,0.3189464445850971,-0.10109015743826083,0.0965957479487609
3300100,ANGRA DOS REIS,RJ,24,767,4,24,-0.29079191202333876,-0.601002223494663,-0.23906133454548376,-0.19965745317100456,0.45449841970510524,-0.18961142199433853,-0.1996197745908794,0.07662961801841042,0.43994134506405985,0.39879264893872035,-0.10009740567791801,-0.3368396256851261,-0.45703707022577883,0.10062640829498606,0.14362623128351185
3300209,ARARUAMA,RJ,24,379,0,2,-0.11399678535970294,-0.0866539992354737,-0.13856468044990297,0.040023309584260015,-0.08803319688134777,,,,,,-0.10603951061323537,-0.11129646084817227,-0.11709949273674157,0.3459062919212336,-0.12837345383073615
3300233,ARMACAO DOS BUZIOS,RJ,24,206,0,0,0.09933734149648851,0.2110936599621231,0.1460231043990004,0.06785954636443488,-0.13038870269354202,,,,,,,,,,
3300258,ARRAIAL DO CABO,RJ,24,80,2,2,-0.24437863936678908,0.015913292631504962,0.19245750592131872,0.13548275920709293,0.3518444671281691,-0.09276856296835104,-0.09726832530780989,0.4344586340658964,-0.10771355506504919,,-0.1341431204246545,0.2815905818095555,0.3147951873441879,0.23443087804383042,-0.18713485846554165
3300308,BARRA DO PIRAI,RJ,24,435,0,6,-0.03161568725127732,-0.10927363009880112,-0.1788985044499155,-0.06450896546863208,0.2506687397752907,,,,,,-0.048742886415158726,-0.2862392339641026,0.30960307333462006,-0.10313618414105567,-0.016340829138365008
3300407,BARRA MANSA,RJ,24,659,5,13,0.059991169067377684,0.004713614601060004,0.27269933626656556,0.13876645559924541,0.41727608350826084,0.20913069080908006,-0.10198595586230734,-0.3938105920064898,-0.15344419418779992,0.4160251471689219,0.35947392046286586,0.10449657988786668,0.055483338316446675,-0.14580726600498056,-0.011137211017068306
3300456,BELFORD ROXO,RJ,24,456,0,17,0.0857200251663852,-0.021817816953511145,0.375450185593264,0.2307783702833337,0.09589229138242303,,,,,,0.09843706347338654,-0.12270631758086618,0.11068468015060733,0.298390361684421,-0.01016377035773215
3300506,BOM JARDIM,RJ,24,74,1,1,0.22621580148295758,0.0917731617718087,0.13882598392929388,0.24520851546334627,-0.18299074042383168,0.20625402843833357,-0.1380498647283479,-0.13146966923801662,0.4629100498862757,-0.12837345383073615,-0.1312525635516668,-0.1380498647283479,0.4601438423330581,0.2777460299317655,-0.12837345383073615
3300605,BOM JESUS DO ITABAPOANA,RJ,24,101,2,0,-0.008354960444569424,0.016755622558157792,0.009159692140235445,-0.037377942270345445,0.3721221581494382,-0.1312525635516668,-0.1380498647283479,-0.13146966923801662,-0.13887301496588275,-0.12837345383073615,,,,,
3300704,CABO FRIO,RJ,24,851,1,16,-0.0321569516493909,0.06432528855994749,0.12551339937486097,-0.10519025985303307,-0.31559870956551783,-0.09276856296835104,-0.09726832530780989,-0.10222556095668148,,,-0.02201247139669944,-0.014999955882547574,-0.12413986849156212,0.07124581988319546,-0.32305203140073363
3300803,CACHOEIRAS DE MACACU,RJ,24,145,2,2,0.1064379687228779,-0.07416144108117066,-0.16796676738403724,-0.25154993584012597,-0.48374759987511495,-0.11366028456361238,0.33767076452886857,-0.12525726299675796,-0.13198848607808558,-0.12478354962115545,-0.11366028456361238,-0.11917791689254184,-0.12525726299675796,0.32997121519521394,-0.08560080883635282
3300951,COMENDADOR LEVY GASPARIAN,RJ,24,52,0,0,,,,,,,,,,,,,,,
3301009,CAMPOS DOS GOYTACAZES,RJ,24,1742,9,14,-0.45467136492486315,-0.39158620096421143,0.016555852338164236,-0.22562569835946758,0.21560984046602588,-0.2899740894220294,-0.12856428814648657,0.16475949650638172,-0.29937694636794854,-0.2717227489725293,0.05070700357315404,-0.38062612087902087,0.11405321012041601,0.0,-0.05833535890179525
3301108,CANTAGALO,RJ,24,69,0,0,-0.13205831273090082,-0.1591536828288124,-0.07836200528843353,-0.2880749473008219,0.11446298506720123,,,,,,,,,,
3301207,CARMO,RJ,24,39,0,0,-0.018397521008529222,-0.09571079963463869,-0.1281843101493991,-0.42202247836694534,-0.2301834614434831,,,,,,,,,,
3301306,CASIMIRO DE ABREU,RJ,24,108,0,3,-0.06784748251652327,0.0808903359215279,-0.0038643580639675674,-0.09745818420382506,0.11451631854662736,,,,,,0.1659535402976336,0.19312129979403847,-0.1695007813951502,-0.1790235141109993,-0.21523648981281396
3301504,CORDEIRO,RJ,24,41,0,0,-0.4067080387405794,-0.044095855184409845,0.0381091642963632,-0.02088788054541524,0.19120525468657978,,,,,,,,,,
3301702,DUQUE DE CAXIAS,RJ,24,3487,16,39,0.24896004050716986,0.2015018998697971,-0.0407650097589417,0.09300691562063937,-0.06357123647955143,-0.07302448773746517,0.32781631370327574,-0.043265028451272336,0.2596649010275966,-0.3816903816240748,0.3206857264987879,0.31665712885374925,-0.1922911759707003,-0.06770886819764278,0.013113168350178495
3301850,GUAPIMIRIM,RJ,24,148,1,2,-0.07346070902819486,-0.26019700101815735,-0.2970996828916921,-0.2925000633007477,-0.21520647538504087,-0.06281001030561872,-0.06572716413465648,-0.06892827280530912,-0.07245688373094719,-0.08560080883635282,-0.06281001030561872,-0.06572716413465648,-0.06892827280530912,-0.07245688373094719,
3301876,IGUABA GRANDE,RJ,24,38,0,2,-0.20413522057689676,-0.1634906913418246,-0.11920444891267083,0.03582169351954829,-0.32525057685297143,,,,,,-0.1341431204246545,-0.14079529090477774,0.27776045942134225,0.27350269105113545,-0.18713485846554165
3301900,ITABORAI,RJ,24,584,3,2,-0.1772584853127602,-0.31038585659701295,-0.4421412865296446,-0.44177803511623853,-0.23056485642944602,0.2854591331954611,0.3174792948004697,-0.12511516736054804,-0.13182339722538647,-0.15706636192614137,0.34098085369083714,-0.11917791689254184,-0.12525726299675796,-0.13198848607808558,-0.15733881028688976
3302007,ITAGUAI,RJ,24,429,2,8,-0.38799582626779383,-0.6574438001254977,-0.1490855780347405,-0.21700808073035605,0.4286612477758893,-0.16816225395433357,-0.17745307757998113,0.35684290755204034,0.039886201760873284,-0.22474262977070078,0.14097351548661194,-0.355415698681787,0.021320071635561044,0.3130072578781191,0.08662353893372049
3302056,ITALVA,RJ,24,18,0,0,0.24141344091660738,-0.08892771236950993,-0.30785488632325997,0.05998561463753208,-0.06898543390581093,,,,,,,,,,
3302205,ITAPERUNA,RJ,24,314,3,6,-0.18184224071681432,-0.2417299646904802,-0.20454444525253054,-0.28762374306950167,0.2632532801632684,0.1218930569963605,-0.1996197745908794,-0.19030152176409712,0.05430450802499489,-0.12837345383073615,0.013013168424463536,0.10589755820772559,-0.12852340773162013,-0.3451342449813167,-0.03345273929893276
3302254,ITATIAIA,RJ,24,129,2,3,-0.19204080093645426,-0.34964825014686435,-0.0280085633648733,0.13603765259959238,0.4618663415251163,0.0,0.03963091120817669,0.13980390368451803,-0.014844107232046476,-0.2992528008322899,-0.15584561614612077,-0.1642739187739858,0.2894215769829046,-0.18415070799100533,
3302270,JAPERI,RJ,24,168,0,2,-0.17920079757755467,-0.2877401999411197,-0.10316591075299421,-0.14105649181263763,0.008572643523576335,,,,,,0.4510193813397626,-0.0376548258734096,0.01360827634879543,-0.11574596833843877,-0.2992528008322899
3302403,MACAE,RJ,24,3249,13,28,-0.5428459989285601,-0.4230641501143565,-0.020543652889875693,0.09970994700204314,0.6680155565503884,-0.3481955978734971,0.008869391140661478,0.034450960608794164,0.01728087803197858,0.1594656296896047,-0.37016638152344816,-0.5129082718717692,-0.090350723486315,-0.3168991612010135,-0.037607805828333556
3302452,MACUCO,RJ,24,66,0,0,0.015316492181614322,0.0,-0.01739554987033936,0.3741657386773941,0.2856962907978318,,,,,,,,,,
3302502,MAGE,RJ,24,341,2,13,0.34550213855878104,0.1677752237842444,0.3165792871092655,-0.012821844693356045,-0.23113855417912166,-0.11366028456361238,0.2979447922313546,0.2922669469924352,-0.13198848607808558,0.4679383110793329,0.16031849175882829,-0.22645262888632983,0.3525765304753033,0.0241117949755618,0.2331250948701133
3302601,MANGARATIBA,RJ,24,130,0,14,-0.31380121158772334,-0.21044037321360146,-0.05353161407691473,-0.16449185306610525,0.3479067154878698,,,,,,-0.3141878726379961,-0.23117195564691523,0.19889527542442428,-0.3048921637073661,0.21360016309189955
3302700,MARICA,RJ,24,473,2,10,-0.054322413886373995,-0.1836011413248167,0.04875540115510305,-0.05897329405320994,0.017020592395551447,0.180625434785001,0.06939012372771662,0.3192804962307729,0.039886201760873284,-0.20528572777068282,-0.42334950832798945,-0.04046219009136498,-0.18413705561750598,-0.44494920831460977,-0.24626011735157188
3302809,MENDES,RJ,24,45,0,1,-0.19376792578475668,-0.071892292343088,0.050740163717159115,0.10331181228065106,0.007640064470701385,,,,,,-0.11879247414119364,-0.12481171852545074,0.28485095001570265,0.23145502494313785,0.36193434330791374
3302858,MESQUITA,RJ,24,283,2,8,-0.3034654597223341,-0.23044733943147713,0.09165588853550861,0.058115530210253674,0.24007710288337697,0.259499648053841,0.13675831355273121,-0.21097078120022028,0.20745854823552873,-0.18610323617140284,-0.1743571991643388,0.05645895715784653,-0.35894412984200996,0.3467756068060906,0.2685852082377924
3302908,MIGUEL PEREIRA,RJ,24,42,1,0,0.09464724369437,-0.11466628676695022,0.3454075668912312,-0.19360190698817584,-0.015146638668430334,0.3761761681137798,-0.12481171852545074,0.28485095001570265,-0.13887301496588275,-0.1670466199882679,,,,,
3303203,NILOPOLIS,RJ,24,236,2,6,-0.12316832569038634,-0.11064090673603141,0.042632085037416736,0.06957216995187268,0.2591156708107792,0.2790762957897377,0.17342539554777373,-0.187812056606337,-0.19943100880436643,0.28226787568468886,0.14342081189612724,-0.2790003921176286,0.4478228578654661,0.0,0.018703300052018118
3303302,NITEROI,RJ,24,3599,4,34,-0.08117640815618396,0.09659297422329957,0.23855280320451092,0.2361378746862656,0.004916858962506869,0.2547814726346802,0.20145644318616357,0.18933796356378535,-0.30125786715206027,0.30679401640239623,-0.0865283319150111,-0.054463729811249105,-0.1397788004093469,0.3942764011159202,0.047187879261983506
3303401,NOVA FRIBURGO,RJ,24,841,9,23,0.04522327581068443,-0.14474278760113682,-0.0860628193670014,-0.16633560700418173,-0.25738085672378885,-0.10613104236149339,-0.1114021053530666,-0.11722230293592323,-0.1236818612295384,-0.12849851324064712,0.1523401018300824,-0.1787499504551837,0.2840225657146669,-0.2012691214748533,-0.18786728732554484
3303500,NOVA IGUACU,RJ,24,1944,13,47,-0.3979353978217142,-0.47503910244652614,-0.04746279397247468,-0.09405728972511908,0.5318390602484876,0.009561059973785256,-0.4377575711564801,0.29416618631876157,-0.13586703061871114,-0.07245436983550291,-0.1802074283165928,-0.20800167294533742,-0.3978160568711318,0.06626586079228816,0.25754813119813036
3303609,PARACAMBI,RJ,24,115,0,2,-0.171588000947657,-0.33361471812742194,-0.10963672852883304,0.21597969886241558,0.12619423202708252,,,,,,-0.2075997184430728,-0.2188133016843699,-0.2312908141917514,0.18394180184548972,
3303708,PARAIBA DO SUL,RJ,24,84,0,0,0.15485146493198312,0.1810178273536549,0.00042621053314430084,-0.0519739417076283,-0.14361905302270403,,,,,,,,,,
3303807,PARATI,RJ,24,175,1,6,-0.012576413769863428,-0.02119041818615041,0.22222018339458474,0.012341862086928864,0.32214321960441966,0.39827213015119756,-0.1642739187739858,-0.17365294618974278,0.3273790364284539,-0.20528572777068282,0.05726133573114709,0.16087834998156986,-0.15870409641522537,0.06538009416203992,0.3469841638320814
3303856,PATY DO ALFERES,RJ,24,49,0,0,-0.37432592334451986,-0.36971916322133264,0.1677960240486336,0.09389700880936545,0.5586761111182361,,,,,,,,,,
3303906,PETROPOLIS,RJ,24,1452,2,9,0.3222799720650071,0.09281276176136127,-0.1031104156908038,-0.19301904402007825,-0.44596542830577524,0.303094092169633,-0.11917791689254184,-0.12525726299675796,-0.13198848607808558,-0.12478354962115545,-0.2401372605202287,-0.22797246224500173,0.04014251005619663,0.046650450709019874,-0.1578400925293969
3303955,PINHEIRAL,RJ,24,110,0,1,-0.17434849157289667,-0.10187426964695781,0.06432729460663628,-0.07005563547622137,0.0767509790006508,,,,,,0.3231288877684592,-0.1512186664008184,0.13970818763867288,-0.16910276367005675,-0.20541351223856336
3304003,PIRAI,RJ,24,127,1,3,0.10136685801770516,0.1376337853268026,0.15024088057236756,-0.07971107790758412,0.18731629849247866,0.22517504920663145,0.2921356332260258,-0.1596665001584833,0.19024060912881385,-0.167169043324589,0.06151405896730202,0.10675475754926773,-0.23111625769665028,0.37779032797954687,-0.24326669045673008
3304110,PORTO REAL,RJ,24,114,0,1,-0.30713624615588186,-0.18565545870565517,0.3442381108532487,0.4765676234263633,0.5757147877696716,,,,,,-0.14356850721551082,-0.1511670118591232,0.33916237826520634,-0.16903085094570333,
3304128,QUATIS,RJ,24,23,0,0,-0.11341104204182942,-0.24297020916943565,0.016586173639390113,0.1736394372146045,0.17738198486182638,,,,,,,,,,
3304144,QUEIMADOS,RJ,24,314,0,5,-0.13221939702600577,-0.24024267758193593,0.001899456863856065,-0.019283114683874503,0.19520749611177882,,,,,,0.09452499514440617,0.3401369288963089,-0.18601921439430782,0.23394133112771534,-0.15733881028688976
3304151,QUISSAMA,RJ,24,25,1,0,-0.1954449397447696,-0.5799350410468833,0.04276247398513879,0.10361636302220632,0.17497782282505553,-0.14356850721551082,-0.1511670118591232,-0.15960582506597942,-0.16903085094570333,0.39879264893872035,,,,,
3304201,RESENDE,RJ,24,639,0,12,-0.07476118801825102,-0.09435123783704996,-0.08406048850789204,0.04296352894436909,0.34907627824938525,,,,,,0.07507661010049752,0.057901123857525966,0.13272639177248235,-0.2610520530588467,0.5975155172783629
3304300,RIO BONITO,RJ,24,300,3,3,-0.05071380926232724,0.01859698939066453,-0.05340267483494349,-0.19109842344450986,0.019228389259908128,-0.17161120007588127,-0.18047744680791858,0.18813900447132323,-0.2012461179749811,-0.12837345383073615,0.1436052056190534,0.13339637372759197,-0.19030152176409712,-0.2012461179749811,-0.1868108151774625
3304524,RIO DAS OSTRAS,RJ,24,735,8,6,0.2592654226732141,0.09573996436829392,0.0860543373640351,-0.02653447996292726,-0.42773756123807577,0.32358152435032383,0.3580950461198695,-0.25204245085646076,0.007626037032812095,-0.1982865622404538,0.08565536036927156,0.13137041267124122,0.15480661252606592,0.056708214685087126,-0.1982865622404538
3304557,RIO DE JANEIRO,RJ,24,37884,122,372,0.2020324019910491,0.22788343103077646,0.07216090753724733,-0.047352221755862,-0.4558882030816201,0.12086521159257248,0.14720042793163962,-0.15313247977381883,-0.035375306289881746,-0.5013071782051051,0.2772056855775278,0.12853520458562326,0.05675018717783962,0.0930220090888642,-0.4636798159658379
3304706,SANTO ANTONIO DE PADUA,RJ,24,121,4,0,0.0047150931228299876,-0.0717291727543375,0.07751349520587641,-0.037308126598363536,0.061669635985307586,-0.021192855015935808,0.03176967870033187,0.07212705552515175,0.1519552146471741,0.1637430011573489,,,,,
3304805,SAO FIDELIS,RJ,24,61,0,1,-0.27706444355483967,-0.11026774323007302,-0.10356825932858935,-0.22043616052744813,0.210743008105908,,,,,,-0.10603951061323537,-0.11129646084817227,-0.10222556095668148,-0.10771355506504919,
3304904,SAO GONCALO,RJ,24,2166,7,22,0.04277944329579845,-0.003032301833979127,0.04641525130223516,0.04558423058385519,-0.21537740495687363,0.24595062420801728,-0.10901229543292608,-0.09822585596701362,0.3430311449302686,0.12865521519505987,-0.19981844798000775,-0.07403821275864027,0.14191740448808787,-0.013758383209802197,0.0935611434224629
3305000,SAO JOAO DA BARRA,RJ,24,544,2,5,-0.328346588572959,-0.4247585838963092,-0.022838106951053046,-0.0014410717997209888,0.43418523292764044,-0.15584561614612077,-0.1642739187739858,0.40519020777606646,0.20461189776778368,0.1248570165392782,0.2699633800229023,0.28509657448304926,-0.37372030235072556,0.10734582431007836,-0.2395715187065194
3305109,SAO JOAO DE MERITI,RJ,24,874,3,32,-0.34548511616540767,-0.2951026960018003,-0.13441703318322445,0.06227399413086381,0.4756284278645011,-0.29743706741716647,0.06747107011530375,0.05525363922744442,-0.06899683601645579,-0.2445823754583422,-0.36807002188096744,-0.26566928416623425,0.03716555581197173,0.023868142962011958,0.47118644067796606
3305158,SAO JOSE DO VALE DO RIO PRETO,RJ,24,51,0,0,0.4548697337128309,0.28942940570018333,0.3115955072879695,0.09098182590211829,,,,,,,,,,,
3305208,SAO PEDRO DA ALDEIA,RJ,24,263,1,6,-0.07601716843978756,0.17987597618415668,0.2976190476190476,0.40098541372745555,0.12706862933730526,-0.07860336953666276,-0.08233397804228353,-0.06892827280530912,0.7245688373094719,-0.08560080883635282,-0.1678873667048434,0.22303930518590667,-0.14815570653432425,0.2869149271798114,-0.12478354962115545
3305406,SAPUCAIA,RJ,24,38,0,0,0.41236388403803176,0.37352866228113685,0.30221781473978104,0.20416720662442947,-0.2256748994963328,,,,,,,,,,
3305505,SAQUAREMA,RJ,24,301,2,9,0.07163232286769634,0.1943190360872638,0.13086382369946442,0.3810764494725088,0.10120897474495304,0.19462473604038075,0.13675831355273121,-0.2312908141917514,0.18394180184548972,-0.18610323617140284,-0.20479581548719927,-0.04429737237186164,0.42414974932458316,0.2767562842642515,-0.34189347607545495
3305554,SEROPEDICA,RJ,24,228,1,6,-0.28599546912008256,-0.039849727081531984,0.266841278367138,-0.08339623143388594,0.14384738496766228,-0.18057877962865382,-0.19076793510255108,0.3124134463046504,,,-0.25712973861328997,0.16678649317338645,0.35909478570327075,0.1209392021095725,0.012133920952907254
3305604,SILVA JARDIM,RJ,24,38,0,1,-0.40288050385449264,-0.23877063326929265,-0.31720487794362934,-0.3233063687735906,0.10524474874440387,,,,,,-0.10603951061323537,-0.11129646084817227,-0.10222556095668148,-0.10771355506504919,
3305752,TANGUA,RJ,24,120,0,0,-0.1670971755274913,-0.01620324317120898,-0.10407311654913469,-0.22368077849567566,-0.047438612480935796,,,,,,,,,,
3305802,TERESOPOLIS,RJ,24,716,2,11,-0.0754214160303168,-0.1286920983029516,-0.30982614972120504,-0.2402625434504847,-0.16387257228971877,-0.06286946134619316,-0.0657951694959769,-0.06900655593423541,-0.07254762501100118,-0.05882352941176471,-0.09276856296835104,-0.0972683253078099,-0.10222556095668149,-0.10771355506504919,-0.10793353340882884
3306008,TRES RIOS,RJ,24,462,1,3,-0.37132799079947026,-0.2092193401256125,-0.2870555947087226,-0.07567163074672281,0.05232313300626857,-0.10603951061323537,-0.11129646084817227,0.44497807239961795,0.49415184560176234,-0.14790713033090194,-0.19221293610962237,-0.20218006145805978,-0.2132300889143164,-0.22554842722407933,-0.14790713033090194
3306107,VALENCA,RJ,24,286,2,2,-0.10094108850949007,-0.1304084625168886,0.3153644446333824,0.13474888832625695,0.1889493761944592,-0.1312525635516668,-0.1380498647283479,0.37249739617438044,0.23145502494313785,0.41761654997066977,-0.1312525635516668,0.3549853664443232,0.24102772693636382,-0.13887301496588275,
3306206,VASSOURAS,RJ,24,88,2,0,0.05692176930892003,0.06683335787823393,0.09672883445736082,0.01927704581472066,-0.28245125604533494,-0.22535238862626047,-0.2377854672490602,0.13980390368451803,0.3265703591050225,0.11626703759898041,,,,,
3306305,VOLTA REDONDA,RJ,24,1329,7,21,-0.06662046556755627,-0.06703043966718669,0.39968686672938875,-0.07586352858645352,0.2984554891132586,-0.14544129415576895,-0.08902145331406414,0.15237005649640187,0.08330396157178725,0.2621132755091709,0.26367033873249246,0.02415274185412119,0.16286234251101295,-0.15848623477927276,0.23513699301007251
3500105,ADAMANTINA,SP,24,311,3,1,-0.31846910273312945,-0.47055604918827604,-0.28494322216762197,-0.2711178548025444,0.344455357082171,-0.22520401249046162,-0.23761542809353142,-0.25145092361525634,0.1426644750249971,-0.1670466199882679,-0.15589041868151407,-0.16432629368963952,-0.1737146894614502,0.4093870605712014,
3500303,AGUAI,SP,24,293,0,1,-0.08992757524401335,0.07050528829888962,0.2690424375845021,0.11503688420026399,0.17937147073494905,,,,,,-0.11879247414119364,-0.12481171852545074,-0.11709949273674157,0.3459062919212336,0.5455871787806285
3500501,AGUAS DE LINDOIA,SP,24,116,0,0,-0.05681321091176505,-0.1279196810160846,0.17229009871500478,0.06237326007788927,-0.08760406299761585,,,,,,,,,,
3500600,AGUAS DE SAO PEDRO,SP,24,71,0,2,-0.28165157325135004,-0.24467818418324294,0.0262128726181207,-0.025560441340295392,0.05833625898795853,,,,,,-0.11888182539424856,-0.1249151679576533,-0.1315903389919538,0.30119903534989206,-0.1672917362169404
3500709,AGUDOS,SP,24,302,2,0,-0.09488473351545045,-0.3369330978404274,-0.13172423766162175,-0.2931328422063531,0.06040045859241147,-0.14361283900820412,0.37804666600204606,-0.14564381625088382,-0.15405047814108908,,,,,,
3501004,ALTINOPOLIS,SP,24,36,0,0,-0.13692729397951625,-0.051557891146470664,-0.2881367922593736,-0.43432875899330214,-0.06571538953703006,,,,,,,,,,
3501152,ALUMINIO,SP,24,86,1,1,-0.1630946269261479,-0.11643618294566534,0.11322446363623417,0.3060327331096988,0.26799177520486095,0.3168989988658591,-0.1248634111010882,-0.11716084956187751,0.49443939397966213,,-0.11883712457469715,0.2497268222021764,-0.11716084956187751,-0.12360984849491553,0.44974479634226494
3501301,ALVARES MACHADO,SP,24,62,0,0,-0.074386244934789,-0.43874400279013875,-0.3203078828400876,-0.12582971160429013,0.19248714726925725,,,,,,,,,,
3501608,AMERICANA,SP,24,3452,9,5,-0.35515456663228445,-0.3734872870971493,-0.006145555672198363,-0.05105857690125177,0.35096870314761275,0.050902610153844556,-0.12741425562501185,-0.16595677900932504,0.2941671143003738,-0.11438580396855506,-0.05011246162715411,0.12873216263610932,-0.008137977218360262,0.2556979945438026,-0.27081998823669284
3501707,AMERICO BRASILIENSE,SP,24,474,3,0,-0.24991246240041032,-0.051891784115268,0.033900156279030036,0.029166404970808402,-0.1924868788218286,0.22583557232207987,-0.18047744680791858,-0.1695007813951502,-0.1790235141109993,-0.21523648981281396,,,,,
3501905,AMPARO,SP,24,714,0,3,-0.09410028368171637,-0.044160345935840895,0.1720855464753811,0.2028847366127646,0.19300510028142587,,,,,,-0.17161120007588127,-0.18047744680791858,-0.19030152176409712,-0.2012461179749811,-0.12837345383073615
3502002,ANALANDIA,SP,24,43,1,0,0.16913859205220017,0.25479576661231396,0.07726846060263011,0.16335539409886696,-0.49006831787089566,-0.10608524687182662,-0.11134924551362411,0.32805037877325705,0.49443939397966213,-0.10793353340882884,,,,,
3502101,ANDRADINA,SP,24,910,0,1,-0.27046480401923473,-0.25939462645552236,-0.10016824622786599,-0.044042102383081067,0.159061917977779,,,,,,0.29698118535298407,-0.12481171852545074,-0.13146966923801662,-0.13887301496588275,-0.1670466199882679
3502200,ANGATUBA,SP,24,112,0,0,-0.08306973751508544,-0.11458466917315963,-0.09149411452554218,0.022958628449437996,0.25224875395044133,,,,,,,,,,
3502309,ANHEMBI,SP,24,23,0,0,-0.09869815713356567,-0.13757019299430367,0.11118848964083965,-0.031784039760698636,0.1479991175448084,,,,,,,,,,
3502507,APARECIDA,SP,24,296,0,0,0.05584674258784268,-0.006409571663535421,0.16574247587583937,0.1106794264654055,0.0607526799405085,,,,,,,,,,
3502705,APIAI,SP,24,69,0,0,-0.07399432090356628,-0.046211774597700435,0.1578029045225658,0.10655359401815283,0.13597907235566195,,,,,,,,,,
3502754,ARACARIGUAMA,SP,24,307,5,3,-0.30443165855299276,-0.2960821079790468,0.015900406271255624,0.12360997213930419,0.6498499927066503,-0.28225995102243046,-0.056173576771963794,0.3063327132192545,-0.2676210990030101,0.18007351439963432,0.05237396965048331,-0.2987995149924852,-0.15246614918863155,0.3991101212558871,0.31622776601683794
3502804,ARACATUBA,SP,24,2711,6,7,-0.030454003994972924,0.03874680659689705,0.2505506965466343,-0.05501451779693417,0.11903361904802967,-0.0028655000820512677,0.2902344291438549,0.32328954364819484,-0.16610646678692206,0.016606698193896128,0.27905299295657887,0.16425398930518406,-0.11949241829739772,-0.02398815930094677,0.062383141063243705
3502903,ARACOIABA DA SERRA,SP,24,243,0,1,-0.24942493554366846,-0.3410009045689996,-0.04416407789748164,0.331380356797133,0.3445326648702456,,,,,,-0.09276856296835104,-0.09726832530780989,-0.10222556095668148,-0.10771355506504919,-0.10793353340882884
3503208,ARARAQUARA,SP,24,3321,3,7,-0.10184273064449502,-0.11040407951601759,0.025225869906934942,-0.057979121669342965,-0.2828653853914918,-0.20740340660867612,-0.21858713800462334,-0.2310284308807498,0.24203291506071878,0.2487155878328488,-0.3069623803034422,-0.1691567584871435,0.13661508144341244,-0.13679711361135388,0.47329875663342574
3503307,ARARAS,SP,24,1248,3,6,-0.14702857548319287,-0.20916759798555434,0.1784934906000592,0.16645630225563027,0.11625044238010919,0.26169596739242224,0.13154639261333056,-0.1695007813951502,0.2898475942749512,-0.12837345383073615,-0.10603951061323537,-0.11129646084817227,-0.11709949273674157,0.4447366610415861,0.5455871787806285
3503604,AREIOPOLIS,SP,24,27,1,0,-0.09470731852708605,0.04143429074917682,-0.17807305129626852,-0.1861346916193753,-0.23940234653753983,0.30588516760547835,-0.20432474352564461,0.14706550992299097,0.13683094468569887,-0.20541351223856336,,,,,
3503703,ARIRANHA,SP,24,57,0,0,0.07726226958946716,0.1626945904647303,0.18085209310263645,0.1374239992023735,-0.03272333534627907,,,,,,,,,,
3503802,ARTUR NOGUEIRA,SP,24,273,0,0,-0.18263218151535682,-0.2858668961936798,0.126831736230967,-0.09624014965191788,-0.13686723174832147,,,,,,,,,,
3503901,ARUJA,SP,24,841,0,2,-0.0635255741914543,-0.17741283473990527,0.18698684367208934,-0.1022495507176833,0.18145908692431154,,,,,,0.0,0.09247212615241228,-0.25164702663213245,0.07422053616023239,0.41147260114439854
3504008,ASSIS,SP,24,568,5,2,-0.23813853622597492,-0.3448792021337245,-0.22571572638827161,-0.3441921495989621,0.15275280938867564,-0.21316369962756093,-0.3807091392873529,-0.11607979088166477,0.19153862769053195,-0.27128975439762093,0.44997206249963073,-0.2569396200837506,-0.25164702663213245,0.10390875062432535,0.15502271679864055
3504107,ATIBAIA,SP,24,1752,2,6,-0.15266772060989045,-0.12793771420304578,0.05845548569206733,-0.060411033977891916,-0.19538065846355143,0.12883022535636277,-0.18066417986025618,-0.1696932866035796,0.26887157094908093,-0.10793353340882884,-0.17161120007588127,0.13339637372759197,-0.1695007813951502,-0.1790235141109993,-0.10793353340882884
3504206,AURIFLAMA,SP,24,46,1,0,0.2712137379602885,0.26018989527495867,0.3054914228156928,0.2555033501336022,-0.07628472217623654,-0.14361283900820412,-0.1512186664008184,0.39531892982382755,,,,,,,
3504404,AVANHANDAVA,SP,24,90,0,0,-0.3736545708163064,-0.13504200402966718,-0.06395426526851272,0.029236442151071285,0.40112529448854173,,,,,,,,,,
3504503,AVARE,SP,24,537,3,2,-0.2545880666227498,-0.49299459417071134,-0.14226257289150573,-0.04388452652049546,0.3797283745611402,-0.010843334143872589,-0.022884042849156704,-0.012109632684522928,-0.3086066999241838,-0.3431574119056652,0.26919095102908275,-0.1511670118591232,-0.15960582506597942,-0.16903085094570333,-0.18610323617140284
3504602,BADY BASSITT,SP,24,218,0,1,0.059474803248625786,-0.04340115419942273,0.28149410310435796,0.3122259694491359,0.2668919495181367,,,,,,0.2574804365785105,0.3537796647864166,-0.13152996260015795,0.46314640938591817,-0.12837345383073615
3504800,BALSAMO,SP,24,80,0,0,-0.2794132711748066,-0.35192668488793694,-0.09579470840264648,-0.020117859078109583,0.06114253541160456,,,,,,,,,,
3504909,BANANAL,SP,24,31,1,0,-0.24504783650097678,0.029127554570154396,-0.1529301349677413,0.13102926923764519,0.023015340694421148,-0.13142981219900263,-0.13825575576703383,-0.13171134162808792,-0.13915729983856637,,,,,,
3505203,BARIRI,SP,24,199,3,0,-0.2152868741642591,-0.3848160496465736,0.06837368607199554,0.07147265279471077,0.5333453054074538,0.2678820586418446,0.15756677450631748,-0.14824679623115897,0.2671148621687706,0.3276158657284959,,,,,
3505302,BARRA BONITA,SP,24,332,1,0,-0.33348945275590675,-0.16982471180597827,0.11499258518504286,0.06891798964659576,0.2400680995575231,-0.16820784491462742,-0.17750655146324398,-0.18787532494453266,-0.1995065938018895,0.4160251471689219,,,,,
3505500,BARRETOS,SP,24,1195,1,2,-0.1147686628695377,-0.2959020183270403,-0.057290471763419754,-0.168663214774467,-0.10595434433769382,-0.11879247414119364,-0.12481171852545074,-0.13146966923801662,0.32403703492039304,-0.14790713033090194,-0.11879247414119364,-0.12481171852545074,-0.13146966923801662,0.32403703492039304,-0.14790713033090194
3505609,BARRINHA,SP,24,81,0,0,-0.2721578646680824,-0.375164457811148,0.04578260866202595,-0.13145560124064415,0.22981722524870715,,,,,,,,,,
3505708,BARUERI,SP,24,7046,19,60,-0.4475940542483897,-0.31126486012524596,0.1765707128868534,0.14019850403200995,0.31384953389563336,-0.22743836437921797,-0.2402342833771596,0.3863208304056897,-0.2486774834952815,0.39625474688741635,-0.3364697585679244,-0.35751468100614964,0.11321659558067461,0.09914542955425437,0.38866738695490577
3505807,BASTOS,SP,24,106,1,0,-0.16744296179033927,-0.2193900660453348,0.00032982032628189396,0.10140062683860138,0.48585127494529506,0.13860911989214936,-0.16437871873282672,-0.15972724450162,0.4017900746092598,,,,,,
3505906,BATATAIS,SP,24,888,1,1,0.08506454420447747,0.0030341805661100152,0.10594369031569818,0.17420016703156183,-0.14504661994987195,0.35637705157702376,0.2564737523069745,-0.14564381625088382,-0.15405047814108908,-0.14790713033090194,-0.1312968084757456,0.3551175031942724,0.24967511357294372,-0.15405047814108908,-0.14790713033090194
3506003,BAURU,SP,24,4512,6,14,-0.004127159516127261,-0.06984864477922928,0.025980659721188435,-0.2807349794265483,0.1936783813356391,-0.15844633530312016,0.0046617539019979184,0.2867784021935167,-0.2668597287575176,0.45196500213054974,-0.015468230025299479,-0.1136102684106165,-0.12390482090479539,0.06721151637948736,0.6089171435721192
3506102,BEBEDOURO,SP,24,671,2,1,-0.28750615150095205,-0.2946280329743225,0.043891236938323405,0.16884893060532882,-0.04970697635595513,-0.10603951061323537,0.4006672590534201,-0.11709949273674157,-0.12353796140044059,,-0.10603951061323537,-0.11129646084817227,-0.11709949273674157,-0.12353796140044059,-0.14790713033090194
3506300,BERNARDINO DE CAMPOS,SP,24,121,0,1,-0.0664966398880374,-0.31906399822310505,-0.1021388545768216,-0.009384315624376527,0.34942413168308845,,,,,,-0.14361283900820412,0.18902333300102303,-0.1596665001584833,0.42275690917514186,0.3192473060235144
3506359,BERTIOGA,SP,24,344,1,0,-0.17723891429333125,-0.22608963737975157,0.08068825024973172,0.013045260469379422,0.06901431125796628,0.336578676733382,0.24962343705090148,-0.13146966923801662,-0.13887301496588275,-0.1670466199882679,,,,,
3506508,BIRIGUI,SP,24,1196,5,0,-0.052114927722101384,-0.21337981072628864,0.020980855150224676,-0.08294262316347482,0.16802809032754323,-0.021989770978485347,-0.1401308076799858,0.14594084973003388,-0.05145633233253065,-0.3431574119056652,,,,,
3506607,BIRITIBA-MIRIM,SP,24,68,0,0,-0.22980427261779748,-0.5505603883187832,-0.03860664630653411,0.13395659395405682,0.0935390106253286,,,,,,,,,,
3506706,BOA ESPERANCA DO SUL,SP,24,81,0,0,0.08466650053700565,0.21274281480035556,0.38402351985563676,0.1552111607393608,-0.12171714612617737,,,,,,,,,,
3506805,BOCAINA,SP,24,92,0,0,-0.1867687770591941,-0.3197544723906387,0.14402357388807982,0.11817344424032604,0.46192204646815577,,,,,,,,,,
3506904,BOFETE,SP,24,39,0,0,-0.05551694668011921,-0.18788494708747683,-0.10920246782643545,-0.06430187366922108,0.04708320715424616,,,,,,,,,,
3507001,BOITUVA,SP,24,652,4,2,-0.012004832918070104,-0.06596838000613565,0.35432422241592526,0.4182231360174989,0.25901236738703876,-0.15584561614612077,0.2920425222648636,-0.17365294618974278,-0.18415070799100533,,-0.15584561614612077,0.10951594584932384,-0.17365294618974278,-0.18415070799100533,-0.20528572777068282
3507100,BOM JESUS DOS PERDOES,SP,24,230,2,1,0.16546381997018636,0.19715496956305442,0.14898022947341663,-0.1385498305245655,-0.352434771339074,-0.09276856296835104,-0.09726832530780989,-0.08643572325155013,-0.09096678634074566,,-0.09276856296835104,-0.09726832530780989,-0.08643572325155013,-0.09096678634074566,
3507209,BORA,SP,24,171,0,0,0.09839970764753303,-0.13835263356763505,0.2015356446668859,0.30836484739055375,0.40051455853600026,,,,,,,,,,
3507308,BORACEIA,SP,24,61,0,0,-0.1304991641618888,-0.36269708708632087,-0.04602257223074397,0.04353090685809504,0.01701582252170174,,,,,,,,,,
3507407,BORBOREMA,SP,24,160,0,0,0.02194073608583245,-0.056518478745732154,0.11064180043228078,0.08066409611934669,0.3075350204972351,,,,,,,,,,
3507456,BOREBI,SP,24,22,0,0,0.009936569594862926,-0.015183235479229657,0.16548344783432664,0.09288838405095973,0.2614152342568448,,,,,,,,,,
3507506,BOTUCATU,SP,24,1962,2,16,0.07258945266600299,0.044735732647550555,0.039910229038736054,-0.134565112208027,0.2500211831787341,-0.24316221747202585,0.12843110848653355,0.5592156147380721,0.16328517955251126,-0.03875567919966014,-0.059132515890759324,0.015840177506961015,0.012610757529051829,-0.05282174037371619,0.42830392452700156
3507605,BRAGANCA PAULISTA,SP,24,1702,0,3,-0.443691161379154,-0.5253337403311762,-0.1995070077668218,-0.02560347263113894,0.2284839790096291,,,,,,-0.13401627110983003,-0.14064976601741078,-0.14797085841925586,-0.15609177071190494,-0.12837345383073615
3507803,BRODOWSKI,SP,24,174,0,0,0.09050927997014069,-0.03649582981177309,-0.019360483687797924,-0.03153893025413113,-0.15433485236425137,,,,,,,,,,
3507902,BROTAS,SP,24,167,0,0,-0.2761263835557849,-0.4361813768333138,0.08071137731959413,0.05598478938590317,0.25074058413329875,,,,,,,,,,
3508009,BURI,SP,24,139,0,1,-0.28091336847209514,-0.19165673893005197,0.03617083452731587,-0.09625930202621047,0.21011069425474577,,,,,,-0.20589148682698394,0.2012237002788554,0.23477793424500018,0.34610508865713924,0.07491420992356691
3508108,BURITAMA,SP,24,120,1,0,-0.036714256353099294,-0.1979150661542645,0.12865156877926456,0.03319507978937741,0.35662357320666754,-0.14356850721551082,-0.1511670118591232,0.139655096932732,-0.16903085094570333,-0.18610323617140284,,,,,
3508207,BURITIZAL,SP,24,23,1,0,-0.11162113402799922,-0.5054676488519272,-0.2206140800807562,0.11674544884889404,0.11422193466385396,-0.10622281154626695,-0.11150805126892994,-0.11734550034557978,,,,,,,
3508405,CABREUVA,SP,24,660,6,3,-0.31938922494266614,-0.41072313823883433,-0.24679602479539003,0.00948598968446758,0.6862978132878578,-0.3002926315376883,-0.3206682886626488,-0.03353521420686487,-0.08228166934708113,0.24093471232621336,-0.2975085925035477,0.07170730111719134,-0.31379579081671405,-0.33448708011719636,-0.2650281835588347
3508504,CACAPAVA,SP,24,630,2,2,-0.22167139316662343,-0.0798284981918377,0.12139259077749819,-0.026090520938758844,0.08236631284536057,0.40669477141801363,-0.1998263134713633,-0.1905176507625011,-0.20149814827784027,-0.21560984046602585,-0.18979089332840635,0.15700638915607118,0.17464117986562602,-0.20149814827784027,0.17248787237282068
3508603,CACHOEIRA PAULISTA,SP,24,118,1,0,-0.25160050223804076,-0.3311365179036978,-0.10129731570988043,0.1830912008136866,0.15883485907575398,-0.09281641882036987,-0.0973233880494449,-0.10228935226457879,0.5389401001366197,,,,,,
3508801,CAFELANDIA,SP,24,224,0,0,-0.22577299751038038,-0.31642049278499124,-0.1590124347568291,-0.09239071957854782,0.2219863460950244,,,,,,,,,,
3509007,CAIEIRAS,SP,24,754,0,0,0.14741812115953914,-0.1354157831098555,-0.34367727411190785,-0.39015070266542434,-0.4931868366891092,,,,,,,,,,
3509205,CAJAMAR,SP,24,1466,8,13,0.09988312532529812,-0.07806638267374434,-0.16559100268305962,-0.23361824162448686,-0.40649186619012756,-0.2401372605202287,0.27750839003009875,0.0,0.055377097105478,-0.21703766338873792,0.3152496908656717,-0.27714894672533674,-0.2936396396061294,-0.2827585434126959,-0.21703766338873792
3509254,CAJATI,SP,24,127,0,1,-0.002196363799874759,0.07570677183599762,0.3945104168816939,0.29804755002023264,0.3029108981214638,,,,,,0.31875622576833373,-0.1380498647283479,-0.14558367013382342,0.3959472105576539,
3509403,CAJURU,SP,24,174,0,0,-0.3196582878278244,-0.6134656766928428,-0.3195708121235089,-0.19943195092961308,0.09706623081430034,,,,,,,,,,
3509502,CAMPINAS,SP,24,10031,29,92,-0.21542802681111822,-0.36499893966312313,-0.15179616492599346,-0.12210061763532637,0.1005659937148103,-0.2323607592824492,-0.09798487392911616,-0.10241909907827143,0.13200234662767116,0.22624837035571843,-0.23796942473163968,-0.40837790592787493,-0.3238271228514287,0.1539274528186079,0.0
3509601,CAMPO LIMPO PAULISTA,SP,24,334,3,4,-0.15703500762239525,-0.35501665323804127,0.20512434817864045,0.30063511649495683,0.42333590954831246,-0.010843334143872589,-0.27460851418988047,-0.29063118442855035,0.3343239249178658,-0.018703300052018118,-0.2075997184430728,-0.2188133016843699,0.10118973120889124,0.39854057066522774,0.09351650026009058
3509700,CAMPOS DO JORDAO,SP,24,290,2,3,-0.0404681092307968,-0.19694090735334932,-0.17084810194460168,0.051317542690306264,0.1415923498881636,-0.10603951061323537,-0.11129646084817227,-0.11709949273674157,-0.12353796140044059,,0.19914424835716033,-0.1609344164950321,-0.1695007813951502,-0.1790235141109993,-0.10793353340882884
3509908,CANANEIA,SP,24,37,0,2,-0.16837674708692965,-0.12479186928369879,-0.1289154277028747,0.02853415748156284,0.27298472904684434,,,,,,0.14492897685629683,0.1021907147712086,-0.21685316208920477,-0.23089938827014267,-0.24472067480524815
3509957,CANAS,SP,24,30,0,0,-0.3055335342598768,-0.47868254306600394,0.1634047601772244,-0.2236130370400663,-0.07661807424249863,,,,,,,,,,
3510005,CANDIDO MOTA,SP,24,151,1,3,-0.23886964857115545,-0.21036962860981637,0.0038043306900069824,0.08742431303809166,0.4423037172473592,-0.09276856296835104,-0.09726832530780989,-0.08643572325155013,-0.09096678634074566,-0.08560080883635282,-0.09276856296835104,-0.09726832530780989,-0.08643572325155013,-0.09096678634074566,
3510203,CAPAO BONITO,SP,24,199,1,2,-0.02671639133593253,-0.23593486471389588,-0.036175501129714724,-0.00900387994557139,0.04160159753201843,-0.11879247414119364,-0.12481171852545074,-0.13146966923801662,-0.13887301496588275,-0.10793353340882884,-0.1717736338084837,-0.18066417986025618,-0.1905176507625011,0.5037453706946006,-0.10793353340882884
3510302,CAPELA DO ALTO,SP,24,123,1,0,-0.3119277537486936,-0.5101718341331413,0.224995946714629,-0.13317217814149518,0.1841245343533306,-0.11879247414119364,-0.12481171852545074,-0.13146966923801662,-0.13887301496588275,-0.14790713033090194,,,,,
3510401,CAPIVARI,SP,24,521,0,2,-0.1748249130042877,-0.16148025173187788,-0.23351500190965052,-0.31353223456702617,-0.1641675364852554,,,,,,-0.10603951061323537,-0.11129646084817227,-0.11709949273674157,-0.12353796140044059,-0.12837345383073615
3510500,CARAGUATATUBA,SP,24,739,6,2,-0.21902156273051476,-0.3080868360390288,0.24172338674029387,0.0075788165352438375,0.053872156224928656,0.023196971934878855,-0.23930047368829252,0.024696497857504704,0.3569269043930746,0.14941520245187706,0.2515183507962272,-0.14079529090477774,-0.1481389116913825,0.31257450405844056,-0.12837345383073615
3510609,CARAPICUIBA,SP,24,1015,4,8,0.0045440986118067146,0.052351459944356055,-0.05489709930680835,-0.013338708789741499,-0.03877856220111409,0.37886761521204126,-0.11917791689254184,-0.12525726299675796,-0.13198848607808558,-0.08560080883635282,0.2514812921517958,-0.1492430092290261,-0.15701828886553715,0.23751104652080032,-0.1572587274139424
3510807,CASA BRANCA,SP,24,158,0,0,-0.04568057118531214,-0.14270543511002554,0.0849257248616894,0.14135128206194247,0.3315422134241031,,,,,,,,,,
3511003,CASTILHO,SP,24,167,0,0,-0.11965708019773526,-0.09391890790663769,-0.04460997367454705,0.05066895477666547,0.41071646709230003,,,,,,,,,,
3511102,CATANDUVA,SP,24,1534,3,5,0.003249778808173477,-0.09281137800072004,0.08133962235706778,-0.03502492790417727,-0.030480298916735944,0.1771963884113759,-0.1996197745908794,-0.19030152176409712,-0.2012461179749811,-0.12837345383073615,-0.280629785112063,-0.02298788618501952,0.21220292665188714,-0.012041817577478924,-0.18713485846554165
3511300,CEDRAL,SP,24,200,0,0,0.06592673236597546,0.03814949220617063,0.04677621188966677,-0.009343660844522204,0.2765869546289736,,,,,,,,,,
3511409,CERQUEIRA CESAR,SP,24,76,1,1,-0.005029560652346911,-0.41088066547513535,-0.06543710965410593,-0.27820724615101283,0.2192324442840094,0.3771001812197684,-0.1512703739305911,-0.145704036975496,0.19815632207386003,-0.1672917362169404,-0.1436572118932451,-0.1512703739305911,-0.145704036975496,0.2862257985511311,0.41822934054235106
3511508,CERQUILHO,SP,24,531,2,1,,,,,,,,,,,,,,,
3511607,CESARIO LANGE,SP,24,338,0,0,-0.06839508883038799,-0.06360314637904813,-0.02109860862926089,0.048904891818652825,0.5460749115113132,,,,,,,,,,
3511706,CHARQUEADA,SP,24,115,0,0,0.030812763538130606,-0.2767123810467372,0.032548658037813614,-0.3309052977691997,-0.08429930649418074,,,,,,,,,,
3511904,CLEMENTINA,SP,24,37,0,0,-0.02801404942434027,0.0934618806041568,0.19107369643157235,-0.0693922175388032,0.21231485244453954,,,,,,,,,,
3512001,COLINA,SP,24,211,2,0,-0.01289873730174688,-0.21002994008105466,0.06102313123650701,0.007603559717410353,0.14670548842744718,0.3181185318397061,-0.11129646084817227,-0.10222556095668148,-0.10771355506504919,-0.12837345383073615,,,,,
3512100,COLOMBIA,SP,24,95,0,1,-0.31582998113401256,-0.28275511086412775,0.23798547499978653,-0.02306089518418604,0.3819386130659404,,,,,,-0.09276856296835104,-0.09726832530780989,0.48557141454423713,,
3512209,CONCHAL,SP,24,275,0,0,-0.20500996530065602,-0.2404363676265724,-0.29168344604024343,-0.2763999400282349,-0.2976892565117154,,,,,,,,,,
3512308,CONCHAS,SP,24,47,0,0,-0.2979942794507544,-0.3573861144412745,-0.30814627766755026,-0.03572016346508134,0.3604751079500356,,,,,,,,,,
3512407,CORDEIROPOLIS,SP,24,620,3,0,-0.09250511420989135,0.04244886963588469,0.32389081169356365,0.47384855430159295,0.2980262300768012,-0.1532539553337513,-0.1610107429951709,-0.1695895950147604,0.16206790855954833,0.06941136854224594,,,,,
3512506,COROADOS,SP,24,79,0,1,0.036101553869527854,-0.22535877453397796,-0.03811107399141096,-0.2259610222132444,0.18135144151911103,,,,,,0.3640584697888032,-0.1644837195220285,-0.15984894146746623,-0.16931905379939433,
3512605,CORONEL MACEDO,SP,24,75,0,0,-0.07473770491402472,-0.5722629171035261,-0.08142993555658672,-0.1246178520826231,0.14386599302139724,,,,,,,,,,
3512704,CORUMBATAI,SP,24,38,0,0,-0.2253681394460689,-0.16150504630400891,0.047112921202131654,-0.04034960216887767,0.30355076319391083,,,,,,,,,,
3512803,COSMOPOLIS,SP,24,412,3,0,0.048846363080586555,-0.16414713464171432,0.029403635769184693,0.04842960850854473,0.03620720194313497,0.4158870392934392,-0.21858713800462334,0.10536572477531433,-0.2231374522142017,-0.1868108151774625,,,,,
3512902,COSMORAMA,SP,24,105,1,0,-0.15795758260516388,-0.0713996904409993,-0.12858196474370898,-0.26852953444125094,-0.3406318016165437,0.337212654836588,0.33352220146188405,-0.13177196825575335,0.4408907068476443,-0.1676614421622424,,,,,
3513009,COTIA,SP,24,2349,6,4,-0.22332085297680865,-0.2642904348803781,0.033975106725321,0.0140289690060533,0.0926902218465654,0.13990613892070283,-0.1763863846169348,-0.14815570653432425,0.3144764368961225,0.4679383110793329,0.1404878717372541,0.13289385456529776,-0.1489020876134422,0.27506683679768146,-0.1578400925293969
3513108,CRAVINHOS,SP,24,311,1,0,-0.13901010305265687,-0.2511289536259439,0.10518241810988291,-0.15661868877206725,-0.24033532503870003,-0.09276856296835104,-0.09726832530780989,-0.10222556095668148,0.43085422026019676,0.5455871787806285,,,,,
3513207,CRISTAIS PAULISTA,SP,24,53,0,0,-0.2146191900615614,-0.17605695149880235,0.13990382045086797,-0.06987869107000247,0.1347988603607209,,,,,,,,,,
3513405,CRUZEIRO,SP,24,670,0,0,0.2052005761202685,0.04350961033175497,0.07424199788009175,-0.08042626008713603,-0.2577810345089449,,,,,,,,,,
3513504,CUBATAO,SP,24,674,6,7,-0.05354486261653535,-0.09633341758454483,-0.28394987181327347,-0.19642857142857142,0.06894283085426228,-0.13785136379720594,-0.1893834945171393,-0.15916754160114396,-0.040008002400800276,-0.30801874788446926,-0.19715302846183683,-0.3517292755513594,0.13587201150645065,-0.030365834578285133,0.09092866271730259
3513702,DESCALVADO,SP,24,340,1,0,-0.22798415550704185,-0.24080286143274293,-0.05538824412334791,-0.31382386313536986,0.23438878441569605,-0.14356850721551082,-0.1511670118591232,-0.14558367013382342,-0.15397947077242097,0.32539568672798425,,,,,
3513801,DIADEMA,SP,24,3048,4,12,-0.16806766085298144,-0.21025666648764088,0.00819253210382452,-0.11227811652343471,0.1655002657427145,-0.0017403415285469222,0.029249722505284265,-0.28993837966622105,-0.039084889603243966,0.18263265100276752,-0.03972493954773436,-0.3047225968956704,0.364485830888731,-0.13726210072019443,-0.20649529073500442
3513900,DIVINOLANDIA,SP,24,112,0,0,-0.41694763539079066,-0.45156671507217655,0.0665284254479854,0.08237092565343106,0.4477798698891647,,,,,,,,,,
3514007,DOBRADA,SP,24,50,0,0,0.06255278017472246,-0.05580237417101667,0.12756138875914674,0.26842755119417155,-0.03359300521414183,,,,,,,,,,
3514106,DOIS CORREGOS,SP,24,218,1,1,-0.1354687196223276,-0.23443423762323637,0.02032073729417621,0.06566388105614868,0.4282925032943243,-0.16825347297593451,-0.177560073717276,0.1544679987906823,0.32764041693829776,0.13301971084313102,-0.16825347297593451,-0.177560073717276,0.23170199818602347,,
3514304,DOURADO,SP,24,287,0,0,-0.146910975439422,-0.3726860482104707,0.13053171242807649,0.2746772212449517,0.4018567518268781,,,,,,,,,,
3514403,DRACENA,SP,24,362,1,3,0.13672895305680438,-0.003489361223681,0.07655286009908514,-0.08286878451737413,0.3276552894815039,-0.14361283900820412,-0.1512186664008184,0.3537064108950036,-0.15405047814108908,0.5455871787806285,0.2711670600535255,0.24036455565915887,0.0,-0.28125640624110326,0.2105267157737343
3514502,DUARTINA,SP,24,68,0,0,0.07519583250574896,0.219535254369363,0.13670915467800496,-0.43423140324010484,0.18018566482652093,,,,,,,,,,
3514601,DUMONT,SP,24,55,0,0,-0.18985110943596462,-0.13276604020153934,0.07736707496473377,0.1231354725056984,-0.007071563820889948,,,,,,,,,,
3514908,ELIAS FAUSTO,SP,24,243,0,2,-0.3603213509585473,-0.30553972408165014,-0.08193430699158477,-0.07850317361708502,0.009460416174280555,,,,,,0.06780531120818625,0.09995034756396974,-0.21105794120443452,-0.22351992641890323,-0.2714710372473851
3515004,EMBU,SP,24,1131,4,5,0.10827741935111404,-0.1511811383152798,-0.2878993134571394,-0.39187937098547254,-0.45023185413876743,-0.1685854460847049,-0.17719180608706364,-0.18672250315754654,-0.19733466607189834,-0.15733881028688976,0.15405598384637792,0.4708978931566883,0.13951441079573088,0.162199322915216,-0.15733881028688976
3515103,EMBU-GUACU,SP,24,263,0,3,-0.19957486774642091,-0.1823700642369225,0.08635159797503768,0.13913024678781605,0.004790163058036305,,,,,,-0.1424807070437933,0.19942279821917983,0.2623224707405642,-0.13198848607808558,-0.10793353340882884
3515152,ENGENHEIRO COELHO,SP,24,70,0,0,-0.17318040341268964,-0.36116455873340525,0.1722476550586008,0.16760046302938045,0.5125884570228804,,,,,,,,,,
3515186,ESPIRITO SANTO DO PINHAL,SP,24,352,1,0,-0.16448115101499838,-0.15071481219904778,0.023689340709967425,0.05128737877342418,0.028433426148401872,-0.09276856296835104,0.4377074638851446,-0.08643572325155013,-0.09096678634074566,-0.08560080883635282,,,,,
3515202,ESTRELA D'OESTE,SP,24,223,0,0,-0.25805878213161837,-0.07111992068151238,-0.15767755742811987,0.06294958668769264,0.3589671806668306,,,,,,,,,,
3515400,FARTURA,SP,24,58,0,0,-0.09877059902103402,-0.10540653432176289,0.1314752381796661,-0.11922297970635878,0.004461647930310438,,,,,,,,,,
3515509,FERNANDOPOLIS,SP,24,623,2,0,-0.5449982256982647,-0.6549978215118678,-0.3444429773006308,-0.2674576441491805,0.029375540267053014,-0.1312525635516668,-0.1380498647283479,-0.14558367013382342,-0.15397947077242097,-0.18610323617140284,,,,,
3515707,FERRAZ DE VASCONCELOS,SP,24,750,0,4,-0.22869160949305284,-0.2533316112573161,-0.07672548499342494,-0.12723214285714285,0.30699827966570603,,,,,,-0.18569533817705186,0.3240743003673682,-0.053873123240003054,-0.04583492485141056,0.016340829138365008
3516200,FRANCA,SP,24,3871,12,6,-0.015149118423513205,0.2059288292620833,0.07612446057672674,0.14685107111796258,0.19220373718772132,0.027539517708384535,-0.14308966526725425,0.19890533422858064,0.30093206013141255,0.38109891506245747,0.1169036176659329,-0.2262404526381345,0.301678178297722,-0.22495409568451666,0.2913098877359754
3516309,FRANCISCO MORATO,SP,24,311,1,16,-0.3509681899547462,-0.2236920272460839,-0.05986697431944887,-0.3769685254689054,0.05898648726525997,-0.07860336953666276,-0.08233397804228353,-0.08643572325155013,0.6064452422716378,-0.10793353340882884,-0.2605209597392734,-0.27494513447277563,-0.048506417578041514,0.005519731715176166,0.29387250412258514
3516408,FRANCO DA ROCHA,SP,24,641,1,6,0.001514369501414182,-0.1731404098024154,-0.30778709497884976,-0.42164029426222327,-0.44864092885912515,0.5502235867566394,-0.08233397804228353,-0.08643572325155013,-0.09096678634074566,-0.10793353340882884,0.0967301666813349,0.3313923257928501,0.08085321559632767,0.04288215432285938,-0.23787392205593227
3516606,GALIA,SP,24,34,0,0,0.014424456663622008,-0.336102685020908,0.1864243765372173,0.03018427579470643,-0.041624934180624865,,,,,,,,,,
3516705,GARCA,SP,24,330,4,0,-0.17803005269531175,-0.013120038202108183,-0.11778824830967183,-0.02344202612858979,-0.11819311300140804,0.3532364743207176,0.14200524117059518,-0.1737146894614502,-0.18422417725704063,,,,,,
3516853,GAVIAO PEIXOTO,SP,24,87,0,0,-0.294993086180563,-0.1787679564065384,0.12575589790885283,-0.0797522625119767,-0.11699447396964983,,,,,,,,,,
3517109,GLICERIO,SP,24,21,0,0,-0.3053347303968884,0.12948194065817956,0.24662274360829523,-0.0141458766643229,0.507575312137212,,,,,,,,,,
3517208,GUAICARA,SP,24,116,0,0,-0.2496949657054913,-0.3594779514662359,-0.06372853382078152,-0.08078806611222836,0.515200780723444,,,,,,,,,,
3517406,GUAIRA,SP,24,412,0,0,0.36911820843848,0.4002451115851545,0.28955407896217195,0.06737152621015467,-0.16404247650569223,,,,,,,,,,
3517505,GUAPIACU,SP,24,290,0,0,0.17973870993816718,0.14745922062927092,0.25475301092095565,0.32663779758035527,0.07015851210375362,,,,,,,,,,
3517703,GUARA,SP,24,179,0,1,0.15790780006054858,0.06091592927263293,-0.03969379235246174,-0.11107121418896043,,,,,,,0.4978213403988642,-0.08233397804228353,0.7237468644557459,-0.05000000000000001,
3517802,GUARACAI,SP,24,35,0,0,-0.05094782416521974,0.018662778992633737,-0.06399951295984421,-0.028543996012764746,-0.49804223874635706,,,,,,,,,,
3517901,GUARACI,SP,24,44,0,0,-0.0935813126608103,-0.029279735729768667,0.08958312734251134,-0.3205376490750339,0.31460677911373847,,,,,,,,,,
3518206,GUARARAPES,SP,24,285,0,0,-0.05643644240547978,-0.001687760040564042,0.12012014795415306,0.011172738803635765,0.2709966320706866,,,,,,,,,,
3518305,GUARAREMA,SP,24,327,1,4,-0.24588576950131172,-0.4051536939321579,0.11887636276952201,-0.27786156803972106,0.10772916447653691,0.3868780433036431,-0.17750655146324398,-0.18787532494453266,0.23940791256226748,0.07341620244157444,0.09019140889581287,-0.3820136861346069,-0.11161069925450814,0.24283169288070053,-0.1248585172155547
3518404,GUARATINGUETA,SP,24,897,1,9,0.09070711953352706,0.044525770358148545,0.27720973710758395,0.1593104963715312,-0.07159163758390295,-0.10603951061323537,-0.11129646084817227,0.4344586340658964,-0.10771355506504919,,-0.06908473170761217,0.22554646570630124,0.0366414402283573,-0.26675534445754673,-0.19901960193908091
3518503,GUAREI,SP,24,39,0,0,-0.20549066765009638,0.0016906998309903663,-0.020858332737246393,0.41280680940223297,-0.06535100327895432,,,,,,,,,,
3518602,GUARIBA,SP,24,156,2,2,0.1907174082321147,0.10357885352272131,0.06741153769120231,-0.048191998994604385,-0.047015822180478756,0.28505413090239085,-0.14079529090477774,0.37577178899027386,0.32997121519521394,-0.08574929257125442,-0.1341431204246545,-0.14079529090477774,-0.12525726299675796,-0.13198848607808558,-0.08574929257125442
3518701,GUARUJA,SP,24,1090,6,10,-0.07857127138157166,-0.011630108665962778,0.011621403358676284,-0.10302465385079082,-0.14003688241838239,-0.3066451064405701,-0.05984172193441781,0.5364346931514733,0.15252825460538788,0.10466357738201125,-0.14054614788337208,0.08054067703974845,-0.3583787147419619,-0.38088935072544666,0.1705246769306478
3518800,GUARULHOS,SP,24,11618,33,70,-0.3896524131402502,-0.4900318985292804,0.0037008492110224595,-0.0947169038030103,0.3586978468086077,-0.4673253799076016,-0.2378233688242867,0.030989097059560707,-0.019556723422115483,0.3665901127162029,-0.2606610440785008,-0.2488084407829154,-0.19422302804201522,-0.02749554709113153,0.4091983153023577
3518859,GUATAPARA,SP,24,44,0,0,-0.2329346382124939,-0.4014442787892528,-0.45871917214348923,-0.3031912092542851,0.3170467260101842,,,,,,,,,,
3519055,HOLAMBRA,SP,24,285,0,0,-0.4343650193322205,-0.4038212642492705,-0.12423460796177739,0.039541504863233816,0.44200650921887275,,,,,,,,,,
3519071,HORTOLANDIA,SP,24,1204,4,10,-0.13937713273265517,-0.36435075345027423,0.028133028913951173,-0.08531714078249193,0.11631053566010095,0.1940472457012452,-0.1763138125568306,-0.18570195349698687,0.14632587933800342,-0.12837345383073615,0.1839379708818878,-0.08455384647578858,-0.10067183917061917,0.21684255578689776,-0.36752556603565373
3519105,IACANGA,SP,24,86,0,0,-0.3984617868650148,-0.6522891580986814,-0.2132981685646257,-0.019191823853678795,0.5176944980191133,,,,,,,,,,
3519253,IARAS,SP,24,46,0,0,-0.2786636296822772,-0.15139814229671034,0.120391394367861,-0.2656031731286096,0.025626490176274035,,,,,,,,,,
3519303,IBATE,SP,24,325,0,0,-0.057570125569526315,0.23183603148692059,-0.15598372251536013,0.06295799072261272,-0.24284743472698783,,,,,,,,,,
3519402,IBIRA,SP,24,70,0,0,-0.35640511923518076,-0.16660495937203457,0.18776273535202198,0.20733733376521227,0.1500817657681523,,,,,,,,,,
3519501,IBIRAREMA,SP,24,49,2,0,-0.21125553101229433,-0.4284860245860103,0.09146657115030303,0.004064470214735245,0.025628930273896608,-0.11897137857108693,-0.12501887504729522,-0.11716084956187751,-0.12360984849491553,,,,,,
3519600,IBITINGA,SP,24,441,2,0,-0.3721283754538708,-0.12740693137742842,0.29324858169035356,0.10163116390113591,0.005691368921177173,0.6707156021232725,-0.14079529090477774,-0.1481389116913825,0.31257450405844056,-0.12837345383073615,,,,,
3519709,IBIUNA,SP,24,557,4,1,-0.41451689067101266,-0.5154591505838985,-0.1278402782828316,-0.22977307519999848,0.46228630331741943,-0.214903671624183,-0.2262404526381345,-0.23882651437293667,-0.2528781691270574,0.18263265100276752,-0.11879247414119364,-0.12481171852545074,-0.13146966923801662,-0.13887301496588275,
3520004,IGARACU DO TIETE,SP,24,26,0,0,-0.19291536714446603,-0.11949382117761694,-0.07258041931483496,0.1510967321319235,0.553900368633911,,,,,,,,,,
3520103,IGARAPAVA,SP,24,127,1,2,-0.3014590919670751,-0.08091363562510548,0.24120980068133407,0.005239635275602759,0.21429606589665628,-0.09281641882036987,0.3892935521977796,-0.10228935226457879,-0.10778802002732395,-0.10793353340882884,-0.1342123198723443,-0.1408749938779911,0.29646270815793946,0.2932411821607718,0.2622313504781496
3520202,IGARATA,SP,24,46,0,0,-0.06959240941565296,-0.3019919395661446,-0.1889655794393368,-0.009233016022594734,-0.0728341069849739,,,,,,,,,,
3520400,ILHABELA,SP,24,184,1,0,-0.04197876608404067,0.12398192568532398,0.2259430788913932,0.06864431429344132,-0.007129063382985212,-0.11879247414119364,-0.12481171852545074,0.41632061925371927,,,,,,,
3520426,ILHA COMPRIDA,SP,24,75,0,0,-0.1672713641238426,-0.3214615923662968,-0.15903523121297045,0.12443632561760253,0.2945369996909183,,,,,,,,,,
3520442,ILHA SOLTEIRA,SP,24,144,0,0,-0.17637445919713957,-0.08767931780428162,0.150188259004073,-0.0798661657313317,0.2328785605141475,,,,,,,,,,
3520509,INDAIATUBA,SP,24,2912,5,5,0.010627126645669826,0.09531971475770573,0.011614832024614717,0.03754470547390812,0.19574212098895036,-0.15068335595624704,0.19382545243318527,-0.0590003348331119,-0.12898040432740485,0.034179948273305207,-0.3069623803034422,-0.3242171204336917,0.24413931655080784,-0.013351713420881406,0.3040941450065051
3520905,IPAUSSU,SP,24,51,0,0,0.043037305455865905,-0.022714540122829457,-0.0168148607664553,0.05056395092153405,0.3204207695789704,,,,,,,,,,
3521002,IPERO,SP,24,228,0,1,-0.21386711896959262,-0.38324960966731336,-0.12007939907658523,-0.22021561647046467,0.339701132192864,,,,,,-0.180625434785001,-0.19082284025122073,0.14706550992299097,-0.21502005593466966,-0.22474262977070078
3521101,IPEUNA,SP,24,109,1,0,-0.18558439263905716,-0.0236779875407023,0.08776075410162032,0.3540959744890216,0.18752897556070805,0.2816353118550057,-0.13825575576703383,0.3541457069586047,-0.1542640911091607,0.19546092374368282,,,,,
3521150,IPIGUA,SP,24,59,0,0,-0.24805681483254297,-0.4846772724587334,0.1390058791924961,0.148902959881309,0.10415426254745475,,,,,,,,,,
3521309,IPUA,SP,24,174,1,1,0.12498900567305143,0.3372456106361743,0.39388510607574856,0.40049870889436834,0.2980379093647483,0.4877817488208827,-0.11129646084817227,-0.10222556095668148,0.48471099779272137,0.7276068751089989,-0.10603951061323537,-0.11129646084817227,-0.10222556095668148,-0.10771355506504919,-0.08560080883635282
3521408,IRACEMAPOLIS,SP,24,368,0,1,0.04126675581947781,-0.12058032395790097,0.15587115781098307,0.2097406407980006,0.25149640201100854,,,,,,-0.11897137857108693,-0.12501887504729522,-0.11734550034557978,-0.12382626508634442,0.6116233559833635
3521705,ITABERA,SP,24,46,0,0,-0.253978447449622,-0.0981952308019215,-0.07512192068330427,-0.0598150255847346,0.36129192496739493,,,,,,,,,,
3521804,ITAI,SP,24,143,0,6,0.2557612071783162,0.2391930484533473,0.26669333904106673,0.11820543215376451,0.3086151668487481,,,,,,0.369628609910894,-0.07959854380755306,-0.3672234880454123,-0.06382042190391427,-0.2992528008322899
3521903,ITAJOBI,SP,24,126,0,0,-0.30622456963384503,-0.25897154132310196,0.02873224845393915,-0.132720864151499,0.08470020374012495,,,,,,,,,,
3522109,ITANHAEM,SP,24,422,4,14,-0.26340272473392445,-0.14650311053186235,0.12062817240570071,-0.029008415835581745,-0.18692511317405974,0.3341256503576263,0.31372557716577726,0.21745378474966576,-0.020412414523193152,0.09457205938424194,-0.24240773835707657,0.009608896072830565,0.30176138119226015,-0.28295757082751855,0.23867308606453927
3522208,ITAPECERICA DA SERRA,SP,24,596,2,3,-0.19826475498607649,-0.38667474083611186,-0.41883388466247146,-0.4996911452737314,-0.37245941678002364,-0.1533328790143649,-0.16110092912777269,-0.1696932866035796,-0.12353796140044059,-0.14790713033090194,0.47412524240373516,0.36392411062450764,0.1563687318704987,0.09021937088963175,-0.2727272727272727
3522307,ITAPETININGA,SP,24,944,8,2,-0.1864505004932786,-0.2220968626964556,-0.09692484195121612,-0.21372106056568993,0.2360092302003297,-0.304016755162884,-0.3214291914461275,-0.01804210446305131,-0.2668597287575176,0.47329875663342574,-0.16816225395433357,0.3194155396439661,-0.17365294618974278,0.16368951821422695,-0.1670466199882679
3522406,ITAPEVA,SP,24,518,5,0,0.012340099006428054,0.03015420458555817,0.0030857848832343705,0.009828882342201656,0.48763396843308,-0.09981867618808632,0.1804154337972791,-0.34117754381277265,-0.10029859726058084,0.45196500213054974,,,,,
3522505,ITAPEVI,SP,24,1098,0,13,0.23519453032080562,0.19097654496289382,-0.12715657323317542,-0.10326137529269729,-0.26752836774838634,,,,,,0.11394847887007287,0.031610191226478006,-0.3138282453684087,-0.3332528062395033,-0.21703766338873792
3522604,ITAPIRA,SP,24,977,3,0,-0.05637322632599219,-0.16401974455019375,0.12929045552564453,-0.047838387253675334,-0.31659413064881525,-0.19221293610962237,0.0539146830554826,-0.2132300889143164,-0.22554842722407933,0.15479302373039627,,,,,
3522703,ITAPOLIS,SP,24,365,0,0,0.37884605890743783,0.29188730708618926,0.20334468821565857,0.26939831004928705,0.398388871513824,,,,,,,,,,
3522901,ITAPUI,SP,24,223,0,3,-0.18536997376560901,-0.26843538628108643,-0.18505076392502393,-0.43522255310651414,-0.09149546965861376,,,,,,-0.021373528963215108,-0.035584919183089245,0.20682278742740015,0.3804812182576277,0.23109020126838375
3523107,ITAQUAQUECETUBA,SP,24,1865,5,12,-0.23677997457943828,-0.20619242253301204,-0.20936992394680942,-0.14912416480545873,0.10694389577366196,-0.3563785865668162,0.050496426955330104,0.35624238349015047,-0.04238857680850192,-0.04604499259155314,0.15699596810362898,-0.38677395301474504,-0.23269839077369367,0.07891820863042803,0.14913979344871
3523206,ITARARE,SP,24,305,1,0,-0.1174905351885859,-0.29679547519126476,-0.0641378526082723,0.003732407699527456,0.3052143059836756,-0.14356850721551082,-0.1511670118591232,-0.15960582506597942,-0.16903085094570333,0.47329875663342574,,,,,
3523404,ITATIBA,SP,24,1551,5,2,-0.20772553436116878,-0.3381653810257165,0.04828803470305052,-0.12035281983184863,0.020556480664775407,0.03423451723588913,-0.2404537356633695,-0.01270280687981158,0.053856777532524595,-0.01641281283090892,-0.09276856296835104,-0.09726832530780989,-0.10222556095668148,-0.10771355506504919,
3523503,ITATINGA,SP,24,161,1,0,-0.42579778899185,-0.0020440759227722638,0.02271650026253664,-0.03136556321085064,0.1272281884676626,-0.14361283900820412,-0.1512186664008184,0.2594580627575354,-0.16910276367005675,-0.167169043324589,,,,,
3523602,ITIRAPINA,SP,24,123,1,0,-0.34822332683521395,-0.16893552885800037,0.06582447236830401,0.04761742800618322,0.2427511481494984,-0.09281641882036987,-0.0973233880494449,0.5370190993890388,-0.10778802002732395,0.38549553972194134,,,,,
3523909,ITU,SP,24,1709,6,4,-0.40616351372803855,-0.5210098437931394,-0.07352703005410972,-0.05578707924501921,0.3485744564653357,-0.041651492917819215,-0.35232830398800713,-0.07644278911719386,-0.09261208371849897,-0.07902498288690289,-0.06178212426341574,-0.2977717651767463,-0.06054210712974242,-0.015967891479392576,0.4245138562335459
3524006,ITUPEVA,SP,24,1163,5,5,-0.09972798995738202,-0.09529333926760876,0.15092813074426262,-0.02853767448679166,0.27615804791293663,-0.07919524145929249,0.033664284636886734,0.24662934241625803,0.05862050525510367,0.09186172406951716,0.07521982652453643,0.059028133610095526,-0.3672234880454123,-0.18750778824866848,-0.03423000782843197
3524105,ITUVERAVA,SP,24,205,2,3,-0.35874109806181464,-0.3941481429078636,-0.12474868342431254,-0.030454100274519322,0.3218572534408362,0.28505413090239085,0.21119293635716663,-0.1481389116913825,-0.15628725202922028,-0.18713485846554165,-0.13401627110983003,-0.14064976601741078,-0.14797085841925586,-0.15609177071190494,
3524303,JABOTICABAL,SP,24,598,1,0,-0.015090865917791083,-0.12875585461020825,-0.1033338465245862,-0.18493770409895907,-0.2577810345089449,-0.04347826086956522,-0.04545454545454546,-0.04761904761904761,-0.05000000000000001,-0.05882352941176471,,,,,
3524402,JACAREI,SP,24,1447,5,10,0.0838922972349679,-0.09033217085904652,0.08390803202005502,0.23676110877931,-0.007558736072979241,0.18117532073239956,-0.20174196763566252,-0.18570195349698687,-0.19613894464455778,-0.1245674740484429,0.33235488579971645,0.1452032699178644,0.2066763429119114,0.2316680530829793,-0.21613144789263333
3524501,JACI,SP,24,248,0,0,0.13951987851232145,0.11470705516468126,0.04546462946478329,0.3356168409199049,0.436165202082086,,,,,,,,,,
3524600,JACUPIRANGA,SP,24,83,0,0,-0.15211780875911504,-0.24845433202695438,-0.2072591347026008,0.04334069605072989,0.30012240178424127,,,,,,,,,,
3524709,JAGUARIUNA,SP,24,912,2,3,-0.3259133423210775,-0.2290231146519408,-0.14314404410310233,-0.1743694397563791,0.3162669014857683,-0.1533328790143649,-0.16110092912777269,-0.1481389116913825,0.27350269105113545,-0.15733881028688976,-0.15318788335166178,0.13154639261333056,-0.14797085841925586,-0.15609177071190494,0.395574541147319
3524808,JALES,SP,24,407,1,0,0.13214082389347404,0.12544098265833067,0.30552565978381474,0.25658771345153136,0.027045729753918887,-0.11879247414119364,0.41603906175150246,0.39813827530492135,-0.12353796140044059,-0.10793353340882884,,,,,
3524907,JAMBEIRO,SP,24,82,0,0,-0.276381342014013,-0.3086063140189237,-0.0548131530954333,0.05180633764587428,0.3515890902103486,,,,,,,,,,
3525003,JANDIRA,SP,24,533,2,3,0.09983388599859733,0.03736200872548746,0.029193983452446715,-0.05709161420029027,0.06851626146574237,-0.18979089332840635,0.042819924315292135,-0.1905176507625011,-0.20149814827784027,-0.10793353340882884,-0.03398792510220617,-0.250780033096736,0.013299843770070983,-0.253546276418555,-0.19901960193908091
3525102,JARDINOPOLIS,SP,24,429,1,1,-0.14280242467102572,-0.3945668265583625,-0.12701762374574438,0.06436437557767227,0.10927494648286609,-0.10603951061323537,-0.11129646084817227,-0.11709949273674157,-0.12353796140044059,-0.12837345383073615,0.3181185318397061,-0.11129646084817227,-0.11709949273674157,-0.12353796140044059,0.48140045186526054
3525201,JARINU,SP,24,356,2,2,-0.3442873347404988,-0.5737630698517077,0.04835365865419238,-0.07374964925288124,-0.004782688156642702,-0.11366028456361238,0.33767076452886857,-0.12525726299675796,-0.13198848607808558,-0.15733881028688976,-0.07860336953666276,-0.08233397804228353,-0.08643572325155013,-0.09096678634074566,
3525300,JAU,SP,24,1547,1,3,-0.3834376278360967,-0.41218533875829527,-0.009178230509129403,-0.008925666410948229,0.434025106086562,0.16151457061744967,0.22675051778868482,-0.15960582506597942,0.16903085094570333,0.28226787568468886,-0.010843334143872589,-0.27460851418988047,0.036328898053568794,0.3086066999241838,0.3740660010403623
3525508,JOANOPOLIS,SP,24,39,0,0,-0.02037983283518827,0.3194481533779078,0.10708245005721087,-0.015226486595332477,-0.1176869566529877,,,,,,,,,,
3525706,JOSE BONIFACIO,SP,24,378,3,0,0.03762812298601297,-0.2019513360960746,0.004787994177228062,-0.08875195692978952,-0.1453472350287277,0.21124940837456582,-0.21866183034850997,0.07662961801841042,-0.2231374522142017,-0.14790713033090194,,,,,
3525854,JUMIRIM,SP,24,85,0,1,-0.5441114814029577,-0.5157046221951248,-0.07819019238309814,0.13442372072956835,0.5070600566793219,,,,,,-0.10608524687182662,-0.11134924551362411,-0.11716084956187751,-0.12360984849491553,-0.14802951937156295
3525904,JUNDIAI,SP,24,5982,16,18,-0.48393712201729927,-0.6569636174899752,-0.5338210687878444,-0.43091129130013905,0.3539071190035617,-0.43539306675862055,-0.4360029876628002,-0.2671757431074773,-0.0895861260264466,0.019079708017372566,-0.4525812561568343,-0.41906063848126546,-0.25147642951220633,-0.2525009077367272,0.3941885981554078
3526001,JUNQUEIROPOLIS,SP,24,91,4,0,-0.10079196483642933,-0.06994302624288212,0.06466687239820117,-0.02732131308351214,0.5037262073693256,0.1533328790143649,-0.16110092912777269,0.27150925856572733,-0.179247713966054,-0.10793353340882884,,,,,
3526209,JUQUITIBA,SP,24,80,1,0,0.10994707709904264,0.19731158166085605,-0.07533264802617763,-0.05237413301860855,-0.2666410947239257,-0.07860336953666276,-0.08233397804228353,-0.08643572325155013,,,,,,,
3526407,LARANJAL PAULISTA,SP,24,310,0,0,-0.4172962900391004,-0.26402668494196907,0.021921475203896784,-0.1152133202797083,0.35330346241351723,,,,,,,,,,
3526704,LEME,SP,24,1424,4,0,-0.06893385539940675,-0.13013089138013922,0.054959270447124425,0.07960228580458543,0.024642302661948286,0.2685978198898762,-0.1492430092290261,0.2426646282467392,-0.13182339722538647,-0.1245674740484429,,,,,
3526803,LENCOIS PAULISTA,SP,24,1020,2,0,0.02420889016458925,0.16919443410478233,0.30405979041958187,0.1605172167741224,0.19876280726676385,-0.1533990135350222,0.27400146881999476,0.2207168614176228,-0.17935201872551595,-0.15733881028688976,,,,,
3526902,LIMEIRA,SP,24,3205,9,5,-0.29270451152054494,-0.11154654431836805,0.12841196885165015,0.05387435745156023,0.022202881729243833,-0.07022800573215537,-0.017775144618053972,-0.11897876488434198,-0.09843740386976971,-0.12217890959741465,-0.19183269254018775,-0.20174196763566252,-0.21272179238941938,0.07498469856150555,0.036229699863003895
3527009,LINDOIA,SP,24,93,0,0,-0.16475507232863812,-0.18685380832636195,0.19827671503140212,0.17897011541974156,0.02514142655693649,,,,,,,,,,
3527108,LINS,SP,24,923,2,0,-0.16806766085298144,-0.1819042989105358,-0.17557747693955508,-0.24590296880344256,0.04700086442728482,0.1251957714590336,-0.2377854672490602,-0.25164702663213245,-0.04453232169613943,0.34562029574689096,,,,,
3527207,LORENA,SP,24,647,0,6,-0.04325801041422307,0.08836960742792468,-0.16302885443950196,-0.11169330937574044,-0.24551132537432532,,,,,,-0.16815730064857082,-0.17669668773639638,-0.15739348244433854,-0.16608186954193074,-0.10793353340882884
3527306,LOUVEIRA,SP,24,551,3,0,-0.056329499341673604,-0.04306933227484394,0.40788557168794026,0.19191879219538424,0.21961551546474078,-0.18961142199433853,0.14258555327919958,0.35714875540723423,0.004553825555391872,0.39879264893872035,,,,,
3527405,LUCELIA,SP,24,115,1,0,0.03749984051507068,-0.04190888170045105,-0.04067831887171869,0.2685821750487522,0.29191271397706137,-0.11883712457469715,0.37459023330326463,-0.11716084956187751,-0.12360984849491553,-0.12849851324064712,,,,,
3527603,LUIS ANTONIO,SP,24,117,0,0,-0.19227591630799806,-0.17151508284681166,-0.013919694672338187,-0.001905256212219349,0.04360133688880788,,,,,,,,,,
3528007,MACATUBA,SP,24,44,0,0,0.03680024758236118,-0.11293897968376561,0.1545993209485831,0.36032994742488766,0.19482164400288535,,,,,,,,,,
3528106,MACAUBAL,SP,24,27,0,0,-0.19650718820474108,-0.16087086607560647,0.042338101692496126,0.2492697652509273,0.14122840234301295,,,,,,,,,,
3528403,MAIRINQUE,SP,24,282,0,2,-0.09910008657327529,-0.1658958814867001,-0.035647509178996395,0.057591988484146595,0.5352767413159936,,,,,,0.34352145931075834,-0.18204377766375543,-0.3140543535541282,0.36268703157985205,0.22474262977070078
3528502,MAIRIPORA,SP,24,391,2,1,-0.36492970864335833,-0.6662181438077116,-0.1487653476604435,0.0062152070257363,0.40513264769835133,0.10845193904480363,-0.1998263134713633,0.12055473211441158,0.20745854823552873,0.38755679199660137,-0.1312525635516668,-0.1380498647283479,-0.14558367013382342,-0.15397947077242097,-0.18610323617140284
3528601,MANDURI,SP,24,26,0,0,-0.1483933153017309,-0.2326382472751608,-0.11838945349499591,0.11803606567884828,0.17574593919295745,,,,,,,,,,
3528809,MARACAI,SP,24,82,0,0,-0.1844035220770899,-0.15493181852677515,0.19345053011443641,0.08278062468295395,-0.005295737595712838,,,,,,,,,,
3528858,MARAPOAMA,SP,24,42,0,0,-0.0703227590121126,-0.18865500981515465,0.22851422980393996,-0.13350686270853657,0.10561573791751193,,,,,,,,,,
3529005,MARILIA,SP,24,2279,9,7,-0.0595369243431898,-0.14348162146135957,0.13210096054211246,-0.026033193698598998,0.24240559369007256,-0.03363908259037772,-0.31072036492355765,-0.04024393563774131,0.16844036017754488,-0.03473428961875255,-0.27543388040458555,-0.3339989877116658,0.03285049567787116,0.23004601380460157,0.08556076330124147
3529203,MARTINOPOLIS,SP,24,66,0,0,-0.16963593123126564,0.0002879435356532511,0.04348270659451545,-0.1924235368392676,0.2848475924154338,,,,,,,,,,
3529302,MATAO,SP,24,1564,4,1,0.1506714959867661,0.2553198970292451,-0.09652149123310345,-0.18094424477894663,-0.4339064339099269,-0.19183269254018775,-0.20174196763566252,-0.18570195349698687,0.08405954770481047,-0.12478354962115545,0.3181185318397061,0.3561486747141512,-0.10222556095668148,-0.10771355506504919,-0.08560080883635282
3529401,MAUA,SP,24,2560,6,7,-0.436602777612738,-0.6079014865942298,-0.3098668927722231,-0.1587232383680869,0.6172089017165979,0.10088437605560574,-0.32965129153956285,-0.48731237163443164,0.14468246042304844,0.11310692716311167,-0.2780907739060495,-0.0840271711668341,-0.07331633134667244,-0.10654533863443544,-0.047316022340738374
3529500,MENDONCA,SP,24,126,0,0,0.09942720390582183,0.024696227929454327,0.04895037465191652,0.13805621650246985,-0.12842163669603632,,,,,,,,,,
3529609,MERIDIANO,SP,24,33,0,0,0.19083342591929453,-0.4088912331680852,-0.00041631295092373657,-0.16242371414965343,0.10403451178848731,,,,,,,,,,
3529807,MINEIROS DO TIETE,SP,24,48,0,0,-0.02544871039974844,-0.0540546295339148,-0.1476336237485617,0.10861643783612618,0.30383997440070787,,,,,,,,,,
3529906,MIRACATU,SP,24,48,0,0,-0.2477390442436291,-0.057127344234348794,-0.14161166924603938,-0.023330127846707203,0.3696814421130849,,,,,,,,,,
3530102,MIRANDOPOLIS,SP,24,52,0,0,-0.05001291928981687,0.03732898138683795,-0.003868419691049888,-0.09243244352471214,0.1547867109424602,,,,,,,,,,
3530201,MIRANTE DO PARANAPANEMA,SP,24,44,2,3,-0.23715189167272474,-0.297836649092471,0.28120732129202763,-0.03769392663289749,-0.038778509242147,-0.1061310423614934,-0.11140210535306659,-0.11722230293592323,0.395781955934523,-0.12862393885688164,0.3396193355567788,-0.11140210535306659,-0.11722230293592323,-0.12368186122953842,
3530300,MIRASSOL,SP,24,595,0,0,0.11524766840549888,0.16992500506426042,0.2554412612295876,0.36994838351838716,0.11717319750406588,,,,,,,,,,
3530409,MIRASSOLANDIA,SP,24,87,0,0,-0.23476541184898428,-0.1957939572906169,-0.21426716725887904,-0.07732114619014858,-0.06813203268232089,,,,,,,,,,
3530508,MOCOCA,SP,24,478,2,0,0.18377258333968963,0.39874022581166735,0.31105002542830396,0.30962329282269296,-0.004770307374402332,0.10845193904480363,-0.1998263134713633,0.11113529627812563,-0.20149814827784027,-0.15733881028688976,,,,,
3530607,MOGI DAS CRUZES,SP,24,2985,4,8,-0.3984503977807058,-0.5680434510615233,-0.06044776913779463,-0.12539735414374106,0.31176684868149207,-0.214903671624183,-0.2262404526381345,-0.23882651437293667,0.06823696627238056,0.10146258389042641,-0.2055809611166087,0.09145228264848806,-0.18178391148603742,0.06392092266028,-0.03473428961875255
3530706,MOGI GUACU,SP,24,1519,8,3,-0.034494221653276785,-0.11665423888856431,0.13341903644749376,-0.05600437299217151,0.060469888583833925,-0.2545186757904969,-0.02333125143607388,0.13809510798137928,-0.22607526112832707,0.21223686857751345,-0.13401627110983003,-0.14064976601741078,-0.12511516736054804,0.3494366243911038,-0.08560080883635282
3530805,MOGI MIRIM,SP,24,1354,0,3,0.12845055132960723,0.10690728964439031,0.08852743473188245,0.017401438949678265,0.06056371313767406,,,,,,0.23060255010196543,0.10200899167404091,0.22035101581369526,-0.1790235141109993,-0.1245674740484429
3531100,MONGAGUA,SP,24,216,1,0,0.07900200677039765,0.1806770721531674,0.18848672806676003,0.237187876390539,0.08660254037844387,0.31875622576833373,0.3549853664443232,-0.14558367013382342,-0.15397947077242097,-0.14790713033090194,,,,,
3531209,MONTE ALEGRE DO SUL,SP,24,49,0,0,-0.18554927921695694,-0.08713833530566166,-0.16089043296728214,-0.09274751075582711,0.05625728809832097,,,,,,,,,,
3531308,MONTE ALTO,SP,24,536,1,0,0.13919885895009726,0.020321445509961577,0.038150442344465414,0.0081453320707389,-0.12243788927632651,-0.1312525635516668,-0.1380498647283479,-0.13146966923801662,-0.13887301496588275,0.6116233559833635,,,,,
3531407,MONTE APRAZIVEL,SP,24,152,0,0,-0.3614786485814642,-0.5268413189950006,-0.21494468398539446,-0.15500384336201525,-0.13148067951094303,,,,,,,,,,
3531506,MONTE AZUL PAULISTA,SP,24,129,0,1,-0.03824974918585344,-0.20520296762091284,-0.15353845032518484,0.2798888281497246,0.02081169779676286,,,,,,-0.10603951061323537,-0.11129646084817227,-0.10222556095668148,0.5385677753252459,
3531803,MONTE MOR,SP,24,757,2,3,-0.23904422727344685,-0.36596384558170536,0.04308987465953205,-0.07555795070504188,0.10763008726338319,0.3755873143771008,0.06605151868029449,-0.25164702663213245,0.10390875062432535,-0.2992528008322899,-0.03138824102871722,-0.29841839300702433,-0.10540334061485307,-0.1743319696865539,0.16832970046816306
3531902,MORRO AGUDO,SP,24,217,2,2,-0.2865535741501987,0.200928542419749,-0.10469921273612508,-0.031160948640274643,-0.021414521516283667,-0.06281001030561872,-0.06572716413465648,-0.06892827280530912,-0.07245688373094719,-0.08560080883635282,-0.06281001030561872,-0.06572716413465648,-0.06892827280530912,-0.07245688373094719,-0.08560080883635282
3532009,MORUNGABA,SP,24,118,0,0,-0.2005016447690092,-0.7205309765926052,0.08811737977059202,-0.07111917273622083,0.18709693132980765,,,,,,,,,,
3532058,MOTUCA,SP,24,54,0,0,0.009965251356766873,0.01985163614771962,-0.098638448440086,0.1946876354702864,-0.2776069964429905,,,,,,,,,,
3532306,NATIVIDADE DA SERRA,SP,24,20,0,0,0.2680649351191687,-0.12394693706850742,0.13514811003350524,-0.20844899911442882,-0.24412669684565325,,,,,,,,,,
3532405,NAZARE PAULISTA,SP,24,97,1,0,0.1030084264056727,0.057380121117436386,0.03905015163390905,0.13811329068927583,-0.35428677973629674,-0.07860336953666276,-0.08233397804228353,-0.08643572325155013,-0.09096678634074566,-0.05882352941176471,,,,,
3532504,NEVES PAULISTA,SP,24,76,0,0,-0.1571389531980144,-0.527481493553878,-0.0025451012005596836,0.04120545748825433,0.3188762405774971,,,,,,,,,,
3532603,NHANDEARA,SP,24,53,0,0,-0.04969080731796433,0.17348782635095852,0.1165499665147617,0.13137223017639624,0.04981076828721514,,,,,,,,,,
3532801,NOVA ALIANCA,SP,24,118,0,0,0.1640297680255992,0.1971804467327904,0.08653296394873934,-0.08384890285226784,-0.3384537262836687,,,,,,,,,,
3532827,NOVA CAMPINA,SP,24,56,0,2,-0.10598848403481843,-0.11060559295660177,-0.16033893410497177,-0.25778893737737646,0.08381256294291227,,,,,,0.2945443797708174,0.32875743746565345,0.15972724450162,-0.1691747682565304,-0.14802951937156295
3532900,NOVA EUROPA,SP,24,38,0,0,-0.15313990376372338,-0.19660814509510807,-0.14565511393141858,0.41158210858806027,0.1947650455598407,,,,,,,,,,
3533007,NOVA GRANADA,SP,24,108,0,0,-0.10826326945826834,-0.1040267631203067,0.22424834318708106,0.2694806024169157,0.4658901105346461,,,,,,,,,,
3533205,NOVA INDEPENDENCIA,SP,24,25,0,0,-0.23872203245833315,-0.18386216379321926,-0.09426596776205635,-0.13730953983891944,0.2116661619477473,,,,,,,,,,
3533403,NOVA ODESSA,SP,24,1283,2,3,-0.11926799379187379,-0.11831823292316003,0.15173870483925805,0.2551893878362128,0.052339345194059035,-0.20766382210939702,-0.21888807130954352,0.18090680674665818,0.14369138126929493,0.2589459019417962,-0.26032037765138444,-0.27470234932475296,0.08840244354947628,0.20755421738898153,
3533502,NOVO HORIZONTE,SP,24,485,0,2,-0.08398367325294334,0.01644435532879939,0.2264520391492561,-0.04268635194442929,0.12119017034911066,,,,,,-0.10603951061323537,-0.11129646084817227,-0.10222556095668148,-0.10771355506504919,0.7276068751089989
3533601,NUPORANGA,SP,24,155,6,0,-0.3717622876244136,-0.5545843037689971,0.31578964184333846,-0.06470346900253597,0.37832165572303117,-0.23736854577887972,-0.25014935852254866,-0.012588828594761013,0.04575829201877603,-0.167169043324589,,,,,
3533908,OLIMPIA,SP,24,391,2,0,-0.31289396088521076,-0.2823474790161876,-0.00590086551100069,-0.06955278265277934,0.03402716785267838,-0.20766382210939702,-0.21888807130954352,-0.23137874075420972,0.1380150437294163,0.4365037135069471,,,,,
3534005,ONDA VERDE,SP,24,165,0,0,-0.13080577335678595,-0.20242163591448595,0.1697699321303326,0.38474881828996044,0.18090168084878486,,,,,,,,,,
3534104,ORIENTE,SP,24,36,0,0,0.3042339782121812,-0.07904746137313663,0.2001822969676323,0.1811928619548017,-0.412602803730822,,,,,,,,,,
3534203,ORINDIUVA,SP,24,79,0,0,0.1303874685211247,0.3774634135256266,0.08062088021916242,0.08823341843942686,-0.3444604531070198,,,,,,,,,,
3534302,ORLANDIA,SP,24,340,0,0,0.21072733975205665,0.0,0.1999946993414821,0.3110311294578035,0.3284258205869714,,,,,,,,,,
3534401,OSASCO,SP,24,4672,9,265,0.07904474088470428,0.2239388820747857,0.224237565710356,0.038868286757906816,-0.034090909090909095,-0.059805151232314634,-0.05473012011882291,0.2321264588265625,0.25512404036917047,0.236227795630767,0.16401083214199408,0.04288545547432424,0.24056223934126922,0.21110320421652995,-0.051947673360706145
3534609,OSVALDO CRUZ,SP,24,240,4,0,-0.05270486524946966,-0.3215151385936282,-0.13669833634934794,0.005697083497944982,0.007975293168292723,-0.16782464493080668,0.18909017578558646,-0.18570195349698687,-0.19613894464455778,-0.10793353340882884,,,,,
3534708,OURINHOS,SP,24,828,2,1,0.01208861227281368,-0.15812885935490417,-0.05403442732752716,-0.14613231289810638,0.25277793403636606,-0.03491914907260799,-0.29575878491481944,-0.2930374852163721,0.48215691744087175,-0.018703300052018118,0.04829765804297026,-0.20432474352564461,-0.20221507614411266,0.15637822249794156,0.3849107395700303
3534757,OUROESTE,SP,24,99,0,0,-0.2938508543937277,-0.2881569112969386,0.035120567671432214,0.3786113862376533,0.3113017266168047,,,,,,,,,,
3534906,PACAEMBU,SP,24,30,1,0,-0.12261732829618857,-0.07947734678376529,0.03301177842416693,0.06840132368079696,-0.18850430069760893,-0.16820784491462742,0.28401048234119036,-0.1737146894614502,0.2046935302856007,-0.18622759518038343,,,,,
3535002,PALESTINA,SP,24,88,2,0,0.2740271454117487,-0.2630958851930579,-0.21386405537265674,0.04468049772449244,0.08711338834753315,-0.13134109817458522,-0.13815269518188256,-0.13152996260015795,0.46314640938591817,,,,,,
3535101,PALMARES PAULISTA,SP,24,24,0,0,-0.2850269970402691,-0.05260830787313587,0.11130908670872705,0.11970395628113374,0.20990539989862433,,,,,,,,,,
3535309,PALMITAL,SP,24,108,0,0,-0.0962076570011965,-0.05624302815589464,-0.2847642023469928,-0.07827166400711695,0.12653883138731348,,,,,,,,,,
3535408,PANORAMA,SP,24,76,0,0,-0.19465264467353702,-0.15059860776901576,-0.022594449392142578,0.027697298405099338,0.31079095762674214,,,,,,,,,,
3535507,PARAGUACU PAULISTA,SP,24,250,0,0,-0.2891269354206335,-0.2868639850740917,-0.03502030530669844,0.021254005645307373,0.4155090134280852,,,,,,,,,,
3535606,PARAIBUNA,SP,24,76,0,0,0.026159563969226973,-0.1969217833564665,0.010531264218414726,0.0843093482742335,0.0816278935560424,,,,,,,,,,
3535705,PARAISO,SP,24,36,0,0,-0.11527594899803215,-0.1150982095297986,-0.15751946630954025,-0.3030138867250266,0.26797452272107175,,,,,,,,,,
3535804,PARANAPANEMA,SP,24,76,3,0,-0.10601338200960742,-0.282746231371284,0.09905739320031794,-0.15546465747169058,0.30571086035740325,-0.17167570344221691,-0.18055219414879484,0.15417235910432764,-0.17912768840792184,-0.12849851324064712,,,,,
3536000,PARAPUA,SP,24,83,1,0,-0.10875482248429928,0.04609349497041803,0.08796690312251,-0.3675322019125125,0.00942564425490572,-0.14356850721551082,-0.1511670118591232,-0.15960582506597942,0.4225771273642583,-0.1670466199882679,,,,,
3536109,PARDINHO,SP,24,65,0,1,-0.0382299748289201,-0.046058187807082714,0.20961577705880222,0.21081851067789195,0.4869244679742545,,,,,,-0.14356850721551082,-0.1511670118591232,-0.15960582506597942,0.253546276418555,-0.20528572777068282
3536208,PARIQUERA-ACU,SP,24,85,1,0,-0.009376593867460219,0.04288672573859734,0.04428105858431987,0.07292227843402714,0.3502721982876704,-0.1312525635516668,-0.1380498647283479,-0.13146966923801662,-0.13887301496588275,,,,,,
3536307,PATROCINIO PAULISTA,SP,24,280,0,1,-0.2221228930538527,-0.20183902402874906,0.004622551021702925,-0.04397851962003153,-0.14022543354509476,,,,,,-0.10608524687182662,-0.11134924551362411,0.374914718598008,-0.12360984849491553,0.5033003658633141
3536406,PAULICEIA,SP,24,114,0,0,-0.48373462997467953,-0.5639313351488173,-0.09887088229187788,-0.21622967469985258,0.4523016842977184,,,,,,,,,,
3536505,PAULINIA,SP,24,1511,4,1,-0.3445323658043707,-0.3992177755671665,0.11243676290687374,0.1439507541378205,0.3173982809890769,0.42280360286773594,-0.20933216936880633,-0.22083245110317976,0.37970320071996244,0.3182864767271314,-0.09276856296835104,-0.09726832530780989,0.38334585358755563,-0.10771355506504919,-0.12837345383073615
3536703,PEDERNEIRAS,SP,24,369,1,1,-0.22419720499463386,-0.17750109560633295,-0.06396615563861714,-0.10886535922466187,0.36405824384560476,-0.11879247414119364,-0.12481171852545074,-0.11709949273674157,0.49415184560176234,-0.12837345383073615,-0.11879247414119364,-0.12481171852545074,0.3512984782102247,-0.12353796140044059,-0.12837345383073615
3537008,PEDREGULHO,SP,24,63,2,0,-0.2787594403774443,-0.40202467575208917,0.15037747294886145,0.073863153457376,0.3791219531641547,-0.10603951061323537,-0.11129646084817227,0.44497807239961795,-0.12353796140044059,-0.14790713033090194,,,,,
3537107,PEDREIRA,SP,24,668,2,3,-0.2686483814756741,-0.28935311964930366,-0.020496762396378907,-0.0661870581034875,0.13395246361776172,0.48803372570161635,-0.1998263134713633,-0.21097078120022028,-0.22341689809980017,-0.27128975439762093,-0.18961142199433853,0.19590015146185677,-0.21073144955062867,0.22769127776959358,0.09457205938424194
3537305,PENAPOLIS,SP,24,693,1,0,-0.4872360053087926,-0.5905898546204051,-0.18661482306162153,-0.17232693021140247,0.5239239306178634,-0.18067212612216063,-0.19087779283414566,-0.2022803383940429,0.39108789943407635,,,,,,
3537404,PEREIRA BARRETO,SP,24,206,0,0,0.057205045470553544,0.09954616757254875,0.32164591142587584,-0.12034446430676252,0.07624115518390011,,,,,,,,,,
3537503,PEREIRAS,SP,24,84,0,0,-0.34124303064853884,-0.5268018034705341,-0.21937256878673397,-0.19137234596955385,0.31226103973048447,,,,,,,,,,
3537602,PERUIBE,SP,24,205,4,3,0.18529350956264298,-0.13847526040691144,-0.20796474768552597,-0.25980106075098275,-0.304940127135356,-0.10603951061323537,-0.11129646084817227,-0.11709949273674157,-0.12353796140044059,,0.6408359786877851,-0.1609344164950321,0.18490994334016383,0.5319555847869694,-0.21523648981281396
3537701,PIACATU,SP,24,25,0,0,-0.3818507238882134,-0.07243567771709564,0.06982575422088576,-0.035138571158743,0.3991292634086083,,,,,,,,,,
3537800,PIEDADE,SP,24,197,0,0,-0.3928214522809906,-0.5459478322558553,-0.3610508462589106,-0.25945529073349244,0.4843239253819148,,,,,,,,,,
3537909,PILAR DO SUL,SP,24,125,1,6,-0.05139929328573484,-0.04237684443976031,0.49569978542368,0.27711953514458454,0.2561380916481051,0.4553711508745756,-0.12481171852545074,-0.13146966923801662,0.4166190448976482,,-0.17161120007588127,0.13601198889872124,0.09154656539409217,-0.2012461179749811,0.19371284083153256
3538006,PINDAMONHANGABA,SP,24,1091,7,7,0.13879796451683513,-0.028310803391826397,0.0600057210032622,-0.19117977822546814,-0.2806340484150145,0.23291520385351416,-0.14096906215140514,-0.14834124913243188,-0.15652475842498528,-0.1080657239463167,-0.1135528043650453,-0.11905473555017616,-0.12511516736054804,-0.13182339722538647,-0.05882352941176471
3538105,PINDORAMA,SP,24,152,1,0,-0.14004343653530213,0.13531001052855496,-0.27839389344676374,0.12376036618865374,0.08570169373740566,-0.10603951061323537,0.4006672590534201,-0.10222556095668148,0.37699744272767216,-0.08560080883635282,,,,,
3538204,PINHALZINHO,SP,24,45,0,0,-0.1242562276778744,-0.44623158146626507,-0.06720258062864516,0.05412894692284723,0.08700994198074632,,,,,,,,,,
3538501,PIQUETE,SP,24,57,0,0,0.4886618298862895,0.24071672571946467,-0.011474299687489706,-0.06714882394873482,-0.449913486493481,,,,,,,,,,
3538600,PIRACAIA,SP,24,84,0,2,0.11456754489354197,-0.09914289885676349,-0.10220430488581425,0.14435842142431213,0.06139558334620632,,,,,,0.28505413090239085,0.2815905818095555,-0.12525726299675796,-0.13198848607808558,-0.12478354962115545
3538709,PIRACICABA,SP,24,6265,27,16,-0.0522002771654589,-0.14934417119782675,0.07094753373220446,0.041589738766757194,0.028345260273672155,0.17801980723851324,-0.021519549994514574,-0.14323794128898276,-0.0746901745136122,0.11753334953917287,0.0,-0.011091553956788834,-0.11758171084523607,0.08160465583873672,-0.24452481989207678
3538808,PIRAJU,SP,24,191,1,0,-0.38797389035685054,-0.5137508193724107,-0.05679975092457615,-0.34174191144205807,0.17858563511047149,-0.14356850721551082,0.4157092826125888,-0.15960582506597942,-0.16903085094570333,0.28226787568468886,,,,,
3538907,PIRAJUI,SP,24,58,1,0,-0.37496909046289395,-0.41001962088946325,-0.21525833497343827,-0.006187957878466564,0.22811292506335787,-0.10603951061323537,-0.11129646084817227,0.44497807239961795,,,,,,,
3539004,PIRANGI,SP,24,43,0,0,0.09921694146171929,0.08049452564859524,0.18263948371978883,0.20205204045786665,0.10124272501505148,,,,,,,,,,
3539103,PIRAPORA DO BOM JESUS,SP,24,79,0,0,0.09566391114792842,0.0671318076916321,-0.11628455811028728,0.1418362584722639,-0.060203699326244746,,,,,,,,,,
3539202,PIRAPOZINHO,SP,24,153,1,1,-0.29784623483922207,-0.18182904590841437,-0.10436621772482976,0.04161062308814663,0.0921675164038808,-0.1312968084757456,-0.13810125124221703,-0.14564381625088382,0.30810095628217815,-0.14802951937156295,-0.1312968084757456,-0.13810125124221703,-0.14564381625088382,-0.15405047814108908,
3539301,PIRASSUNUNGA,SP,24,670,3,0,-0.028174344778013175,-0.026011142324695213,0.020143615561691156,0.10610343149341372,-0.0037793680364896203,0.1659535402976336,0.2253081830930449,-0.14797085841925586,-0.15609177071190494,-0.1245674740484429,,,,,
3539400,PIRATININGA,SP,24,43,0,0,-0.36576541609661534,-0.19164315718487152,-0.222958643044623,-0.09876388391609611,0.1881801173232206,,,,,,,,,,
3539509,PITANGUEIRAS,SP,24,210,1,0,0.23522050827834096,0.21326851414329256,0.07314990892842008,0.18426087364591193,,-0.09276856296835104,-0.09726832530780989,-0.08643572325155013,-0.09096678634074566,,,,,,
3539608,PLANALTO,SP,24,75,1,0,0.21180367576763065,-0.11979635995144039,0.025045621560070792,0.330037623656883,0.17363438415098972,-0.09281641882036987,-0.0973233880494449,-0.10228935226457879,0.5389401001366197,,,,,,
3539806,POA,SP,24,607,1,3,-0.20569722004746105,-0.41475504945363245,-0.025256872876445496,-0.22740325323823607,0.2834321561824984,0.4128869121485868,-0.1512186664008184,-0.1596665001584833,0.2959298364225993,0.07703006708946125,0.3145537896620896,-0.27470234932475296,-0.0847996536279478,-0.025728166166265325,0.5523638773951991
3539905,POLONI,SP,24,29,0,0,-0.42660787048378135,-0.28409306716349036,-0.3590856287211363,-0.124821174106166,0.30791791423314085,,,,,,,,,,
3540002,POMPEIA,SP,24,259,2,0,-0.07616213848230502,-0.47781368985489636,-0.3553857559328915,-0.5452467528543631,0.2690927581602587,-0.16825347297593451,-0.177560073717276,-0.1737146894614502,-0.16910276367005675,0.2824435793280246,,,,,
3540200,PONTAL,SP,24,390,0,0,0.463804238964546,0.16783570631832864,0.006633015398790879,-0.02564368938671209,-0.3048084502009561,,,,,,,,,,
3540507,PORANGABA,SP,24,34,0,0,0.21114549431695845,0.06284641415728413,0.1297683673714651,-0.13227778994233536,0.36156549497666157,,,,,,,,,,
3540606,PORTO FELIZ,SP,24,708,5,1,0.061561486470614636,-0.06811894601364185,0.1763103471743578,0.10461653996290253,0.3444682812543201,-0.11043291449244695,-0.29561577721516535,0.4546177780856136,0.3302385918389607,0.17307391687466206,-0.20594099782609493,0.3354630726894867,0.2348510623994741,-0.23081801403386398,
3540705,PORTO FERREIRA,SP,24,467,2,0,-0.11506957685730847,-0.2532520925696209,0.08819933626256835,0.0021390667951359374,0.06451612903225806,-0.09276856296835104,-0.09726832530780989,-0.08643572325155013,-0.09096678634074566,-0.08560080883635282,,,,,
3540754,POTIM,SP,24,53,0,0,-0.49810830155625596,-0.5304592067519835,-0.21136501178617026,0.08923916879455726,0.10003397058937429,,,,,,,,,,
3540804,POTIRENDABA,SP,24,200,1,0,-0.01386154964993698,-0.28409584760186407,0.05102237090910582,0.1424406123848551,0.03456832273779596,0.3938904254272368,-0.13810125124221703,-0.14564381625088382,-0.15405047814108908,-0.167169043324589,,,,,
3540903,PRADOPOLIS,SP,24,165,1,0,-0.24315016928409652,-0.17642746052103345,-0.05547923337859316,-0.1942500285662424,-0.1127454485077541,-0.156070015997619,-0.1645362954286044,-0.1739623227866818,0.24602524817219587,-0.18660217335674506,,,,,
3541000,PRAIA GRANDE,SP,24,1197,6,15,-0.059249931268223595,-0.04105448277425146,-0.006166340360276362,-0.21731905821831096,0.026997592549816363,0.12549407114624506,-0.2758499784065271,0.3768923459829595,-0.2668597287575176,-0.18610323617140284,0.0060280352771301515,-0.24531002106664884,-0.07455595204549707,-0.16921768606416315,0.3692018644741234
3541059,PRATANIA,SP,24,28,1,0,0.1448901600509939,-0.08793858136788699,0.010417099379197232,-0.022656043779010215,0.10038881849793557,-0.180625434785001,0.3469506186385831,0.09191594370186938,0.15637822249794156,0.2746854363864121,,,,,
3541208,PRESIDENTE BERNARDES,SP,24,41,0,0,-0.2066569215165071,-0.15008766042209246,-0.07102205386378416,-0.07460536856594836,0.17556214914168397,,,,,,,,,,
3541307,PRESIDENTE EPITACIO,SP,24,125,0,2,-0.09646388553766326,-0.2517831165752147,-0.1394858056530414,0.023524871860594678,0.438389952646437,,,,,,-0.06079055436800646,-0.2568622169730671,-0.25164702663213245,0.16328517955251126,-0.1670466199882679
3541406,PRESIDENTE PRUDENTE,SP,24,2069,4,10,0.040676414463982125,0.08481585869502618,0.05121296393498636,-0.13074090145926587,0.054085448587575566,-0.2075997184430728,0.16410997626327745,0.45208024542904346,-0.15397947077242097,,0.09637450140574083,0.09020555828451823,0.12008014078367038,0.1162929016856931,0.15868279585715694
3541505,PRESIDENTE VENCESLAU,SP,24,115,0,0,-0.12595891866411643,-0.4215569380243611,0.03136640894599929,-0.03162428670468862,0.4044873244670574,,,,,,,,,,
3541604,PROMISSAO,SP,24,313,0,0,-0.05316078484248327,-0.19557047394556437,0.30437962983806965,0.09844103519723378,0.23313696465989717,,,,,,,,,,
3541703,QUATA,SP,24,61,0,0,0.02201908909537294,-0.3478671749423044,0.18074301551367544,-0.2548603310195001,0.13073584642021288,,,,,,,,,,
3541802,QUEIROZ,SP,24,64,1,0,-0.09052341366389889,-0.24752321282790923,-0.10697296626653004,0.22252354114573836,0.596233411547652,-0.09281641882036987,-0.0973233880494449,0.40915740905831516,0.48504609012295785,-0.1080657239463167,,,,,
3542008,QUINTANA,SP,24,24,1,0,-0.2201402766932113,-0.1493828870243854,0.26305059421687504,-0.008239385154368223,0.133240226569667,0.40312393811294117,-0.11134924551362411,-0.11716084956187751,-0.12360984849491553,-0.12849851324064712,,,,,
3542107,RAFARD,SP,24,104,0,0,-0.08148168904732164,-0.24831934288333893,-0.20262903778224575,-0.15881238086110225,0.09835738452217499,,,,,,,,,,
3542206,RANCHARIA,SP,24,157,0,0,-0.03333832190177593,0.017353274570506505,-0.23643128693795942,-0.18985969062551714,0.19309675752184047,,,,,,,,,,
3542404,REGENTE FEIJO,SP,24,128,2,0,0.1793618171062749,0.243822021614311,0.16981597114484684,0.21019937313307968,0.3368959871973538,0.3001069908017042,0.3945750035491915,0.46035486910055284,-0.13894392281577547,-0.10793353340882884,,,,,
3542503,REGINOPOLIS,SP,24,27,0,0,-0.17180438630221567,-0.3215915879936535,0.038118810897827086,-0.10286957193179835,0.4536811380673539,,,,,,,,,,
3542602,REGISTRO,SP,24,311,2,1,-0.032755867644273434,-0.06863178471252701,-0.063330271251235,-0.13422509556371398,0.18069908622330655,0.3323300704608777,0.22592895524045764,-0.2721655269759087,-0.11574596833843877,-0.2992528008322899,0.3775738119508216,0.20811047465732843,-0.187812056606337,-0.19943100880436643,-0.20528572777068282
3542701,RESTINGA,SP,24,30,0,0,-0.21678600828507147,0.23027032873257483,-0.012018841080578225,-0.29236924137923725,-0.04720626710697705,,,,,,,,,,
3542909,RIBEIRAO BONITO,SP,24,73,0,0,0.10931524750356615,0.004539959993381714,0.12090369596157363,0.3428561102126672,0.3025565187013589,,,,,,,,,,
3543006,RIBEIRAO BRANCO,SP,24,33,0,1,-0.0978617304310592,-0.18287619822401588,-0.20720730481124433,-0.21861267704764664,0.22511258444537408,,,,,,-0.15584561614612077,-0.1642739187739858,0.1795565531992269,0.4225771273642583,-0.14790713033090194
3543303,RIBEIRAO PIRES,SP,24,783,1,2,-0.02452225177812465,-0.282841602363206,-0.3397236276939387,-0.41484800380787146,-0.06706144597009621,-0.15589041868151407,-0.16432629368963952,0.27941637527734575,-0.16910276367005675,0.25056992998240185,-0.15589041868151407,0.1460678166130129,-0.1596665001584833,0.21137845458757093,-0.1670466199882679
3543402,RIBEIRAO PRETO,SP,24,8606,24,26,-0.0417127562337651,-0.0081330275460984,0.14607222272692483,0.2140072402053803,-0.04548094540318854,0.16134906233463284,0.4144336904465439,-0.1629434674133743,-0.07334256759140845,-0.3856314786797421,0.02575594365527063,-0.3059694275969733,0.20686894590996682,0.3252059665329639,0.1415824560465913
3543600,RIFAINA,SP,24,52,0,0,0.17681699827039093,0.2283278089479089,0.17658648538270721,0.2630968240907115,0.24753940634662203,,,,,,,,,,
3543709,RINCAO,SP,24,68,0,0,-0.219633573225607,0.018592771494398516,-0.16966560622619456,-0.0166152848846485,-0.041467279578151196,,,,,,,,,,
3543808,RINOPOLIS,SP,24,30,0,0,-0.257076928732134,-0.21655835759899245,-0.24804159132453932,-0.07024977378105218,0.0037831292156660537,,,,,,,,,,
3543907,RIO CLARO,SP,24,2970,2,9,-0.32719276267234393,-0.4995194331894934,-0.1590506312058531,-0.30978412587809184,-0.012050350734523515,-0.1341431204246545,-0.14079529090477774,0.6666251026112214,-0.10771355506504919,0.4172137249498924,0.18169038077329608,-0.17618673952226402,0.13916605966335752,-0.19596711899208943,-0.23554860795339055
3544004,RIO DAS PEDRAS,SP,24,511,2,0,0.14952237603650204,0.08555321244388454,0.03924126478204297,0.12625264709645298,-0.0999986922443551,-0.1312525635516668,-0.1380498647283479,0.32867417309504154,-0.13887301496588275,,,,,,
3544103,RIO GRANDE DA SERRA,SP,24,95,0,0,-0.35606628784161365,-0.17868663277837613,-0.0506614807795033,-0.193193237059499,0.09299968998173644,,,,,,,,,,
3544251,ROSANA,SP,24,68,0,1,0.07441351809811081,-0.021192815158147818,-0.04977239691468089,0.06506052953857851,-0.29516423079277865,,,,,,-0.14356850721551082,-0.1511670118591232,0.3951556760775207,,
3544301,ROSEIRA,SP,24,68,0,0,0.11345374198959671,-0.12119544005076786,0.01940399692716218,-0.20025973871711727,-0.24918648037978086,,,,,,,,,,
3544905,SALES OLIVEIRA,SP,24,82,0,0,-0.10334442361157828,-0.3326617960740104,0.44131812993815545,0.012355328678958282,-0.0901710856532439,,,,,,,,,,
3545001,SALESOPOLIS,SP,24,64,0,3,0.16857400287080035,0.002869751547023326,0.1203020692448437,0.2398438531989689,-0.20681438137824507,,,,,,-0.22520401249046162,0.12052956497497969,0.40314029041404337,-0.16910276367005675,
3545159,SALTINHO,SP,24,100,0,0,-0.1584862608216097,-0.3046030949530213,0.04947789758152576,0.16039082333095872,0.5212392576693882,,,,,,,,,,
3545209,SALTO,SP,24,1151,8,3,-0.14593897071482512,-0.12987482388637944,0.08727836055994634,-0.08276270588875838,0.20085350756269138,0.06987325811313919,-0.2082974725303595,0.04167543767332454,0.13334911522761048,0.5674940860145814,0.0733857919468035,0.08701975933308556,0.026567821110274194,0.13486806122797917,
3545308,SALTO DE PIRAPORA,SP,24,292,1,2,0.10345405532092301,-0.08386142168355629,-0.045840932207441946,-0.05503396455908346,0.20457813694325716,0.16151457061744967,-0.1511670118591232,-0.14558367013382342,0.26396480703843594,0.47329875663342574,0.19740669742132735,-0.1511670118591232,-0.14558367013382342,0.3959472105576539,-0.1670466199882679
3545407,SALTO GRANDE,SP,24,48,0,0,0.023390939028771523,-0.12742238221039345,0.03202859434245318,-0.04614296310626229,-0.17505168174138738,,,,,,,,,,
3545605,SANTA ADELIA,SP,24,107,1,0,0.01656175279714919,-0.2977039978084011,-0.04593887205183493,-0.08374735830258277,-0.04338674153913792,0.4455580368616717,-0.11134924551362411,-0.11716084956187751,-0.12360984849491553,-0.14802951937156295,,,,,
3545704,SANTA ALBERTINA,SP,24,69,0,0,-0.22606450516688675,-0.2842225678245257,-0.15849417095068652,0.21955011436463648,0.08540712890734732,,,,,,,,,,
3545803,SANTA BARBARA D'OESTE,SP,24,2563,6,4,-0.08782996498910788,-0.16382241199998207,0.01980234605486139,0.15162850110068707,0.06518000413168544,-0.0004509118088496981,-0.2740134787903624,-0.024042351841717248,0.304546225171533,-0.18713485846554165,0.06487491201346025,0.3829232779476474,0.06027736605720579,-0.22341689809980017,0.2573104303901197
3546009,SANTA BRANCA,SP,24,43,0,1,0.04421168979661961,-0.03151692519379039,-0.08785807939240417,0.017141236029666003,0.3186414115423713,,,,,,-0.07860336953666276,-0.08233397804228353,0.6050500627608509,,
3546207,SANTA CRUZ DA CONCEICAO,SP,24,41,0,0,-0.13229793616829355,-0.27666548119978546,0.16313250267124332,0.06671349283671979,-0.06127639678680198,,,,,,,,,,
3546306,SANTA CRUZ DAS PALMEIRAS,SP,24,57,3,0,-0.1832508837894431,0.3300932279283027,0.14662228593005375,0.06890688928099227,0.26380426309335514,0.1772561208885188,0.2319428126811227,-0.1903887960276917,-0.20134887321168685,-0.15725872741394237,,,,,
3546405,SANTA CRUZ DO RIO PARDO,SP,24,622,3,0,-0.23243751250777603,-0.3252641566869936,-0.07005953714425202,-0.1525715004665673,0.45376612129066063,-0.18967533954949783,0.05953612304114379,-0.21081851067789192,-0.22324035166731424,0.334338086649178,,,,,
3546603,SANTA FE DO SUL,SP,24,342,1,0,0.015941982424253286,0.026372956289057215,0.19651130644371864,0.27396281873489076,0.014310922123206997,-0.10603951061323537,-0.11129646084817227,-0.10222556095668148,0.5385677753252459,-0.10793353340882884,,,,,
3546702,SANTA GERTRUDES,SP,24,401,2,0,-0.2055911985234812,-0.35122925202051536,-0.11539969349539521,-0.07426752854609238,0.25016005559657967,-0.1312525635516668,-0.1380498647283479,-0.13146966923801662,-0.13887301496588275,,,,,,
3546801,SANTA ISABEL,SP,24,356,0,0,-0.04521502090184508,0.03715303423359238,0.17831460518785985,-0.1344675177968311,0.06350146337872573,,,,,,,,,,
3547304,SANTANA DE PARNAIBA,SP,24,1447,2,5,0.21409131686578523,0.32469861806451544,0.14580247992626394,-0.0400161263692245,-0.3041773761281141,0.21798257069006358,0.21119293635716663,-0.12525726299675796,-0.13198848607808558,-0.08574929257125442,0.26733454080762964,0.7368824697868696,0.3980937143290165,-0.13182339722538647,-0.08560080883635282
3547502,SANTA RITA DO PASSA QUATRO,SP,24,436,0,0,0.21866149234994214,0.0640480559149438,0.28113752927858143,0.08227538118631028,0.15716850217150288,,,,,,,,,,
3547601,SANTA ROSA DE VITERBO,SP,24,167,0,0,0.03196071813022857,0.018889327467121766,0.23840390822035246,0.3196632624313734,0.35539386836318115,,,,,,,,,,
3547700,SANTO ANASTACIO,SP,24,42,0,0,-0.2125635127738461,-0.16778872322126653,-0.20800622671744978,-0.24690338797004183,0.0,,,,,,,,,,
3547809,SANTO ANDRE,SP,24,6656,14,65,-0.2119931103358693,-0.3181752053061707,0.037376246242625824,-0.06908155493032403,0.33195384808601336,-0.0018738950205205566,0.13552815459933604,-0.013852712896188304,-0.18224661172130227,-0.19755017243033696,-0.19793761840430588,-0.23114496393752795,-0.020056068403480284,-0.28806765868842893,0.35006133125728317
3548005,SANTO ANTONIO DE POSSE,SP,24,249,0,1,0.0006157093875519776,-0.08553842853576335,0.005469485741713912,0.0579392616632644,0.010436432637571158,,,,,,0.44536594457558853,-0.11129646084817227,-0.10222556095668148,-0.10771355506504919,-0.08560080883635282
3548500,SANTOS,SP,24,5096,21,45,-0.08664492048568147,0.19195402008049578,0.07385937542071415,0.0,-0.06376304752012706,0.216689424494072,0.3271803546034645,-0.3759012859580445,0.09648572565400369,-0.15328627553849594,-0.0853976918827589,0.22511739180583562,-0.04158359448299418,0.05628512591369101,0.2342923392212804
3548609,SAO BENTO DO SAPUCAI,SP,24,27,0,0,0.057386742768114354,-0.1062145492637518,0.36053137207377334,0.09066202870991809,0.11140368731447735,,,,,,,,,,
3548708,SAO BERNARDO DO CAMPO,SP,24,8593,25,37,-0.23099249286597076,0.01627753300900223,0.12612934953467472,-0.08994197079474997,0.10569730690816401,-0.17635632066862325,0.07513916692779217,0.10645152604798788,-0.22142857142857145,-0.1193741589648137,-0.3048786567878908,0.026896389853951454,0.16309068523215806,-0.12244273267299521,-0.057630245042642754
3548807,SAO CAETANO DO SUL,SP,24,2558,4,19,0.23704385717074022,0.04742936342278237,0.2152389159591722,0.049059256797136346,0.29401341881730797,-0.16712580435934665,0.17676780020038269,0.04309849859200243,0.3666793988112845,-0.2727272727272727,-0.07182967660069577,-0.04301458080927272,0.12099363509798396,0.2579974099229472,-0.14121858464756284
3548906,SAO CARLOS,SP,24,3107,9,5,-0.12073089688871863,-0.21402761744365859,-0.0744295075855135,-0.21738575923108708,-0.29009467878790535,-0.12815573671768027,0.10549452131935377,-0.09215452664793308,0.04819416274485244,-0.24308853833436805,0.3967236545483034,-0.04321722602783669,-0.3133121229068701,-0.09503819266229831,-0.03473428961875255
3549102,SAO JOAO DA BOA VISTA,SP,24,895,0,0,0.14100741597290628,0.16960132859417154,0.16546099963103314,0.09698145779608727,-0.03877856220111409,,,,,,,,,,
3549409,SAO JOAQUIM DA BARRA,SP,24,601,0,1,-0.23875201638613025,-0.32727761259206356,-0.10467465685899313,-0.024866584454388895,0.26126037666720436,,,,,,0.25974269357686797,0.40155846811418744,-0.17365294618974278,-0.18415070799100533,-0.18610323617140284
3549706,SAO JOSE DO RIO PARDO,SP,24,348,0,0,0.1062288161596541,0.14610198483120543,0.1387217833126637,0.15981434734180364,0.06918800362777788,,,,,,,,,,
3549805,SAO JOSE DO RIO PRETO,SP,24,5848,11,14,-0.4475940542483897,-0.28903165583058554,0.24900997971222913,0.05606119105813881,0.3136875470286385,-0.1535191007834347,-0.16131713859673247,-0.16994625070841787,-0.17954621161490195,0.3321055820775357,-0.24865873945168254,-0.2633461955176637,0.4268292389672294,0.028891599832849384,0.39625474688741635
3549904,SAO JOSE DOS CAMPOS,SP,24,5601,8,41,-0.4380284127362421,-0.3645010280082552,0.014189506746440891,0.07144903839417262,0.05877304360285693,-0.2401372605202287,-0.2533772256796554,-0.26815977922673023,0.012269049019363576,0.3863867428689631,-0.4223444178761747,-0.16628715365996086,-0.1716049462612076,-0.281667219881946,0.16344713750816917
3549953,SAO LOURENCO DA SERRA,SP,24,137,0,2,-0.3768860477186792,-0.291124285358404,0.07899106590616375,0.16894851647373724,-0.10683883532987203,,,,,,-0.09276856296835104,-0.09726832530780989,0.5366841950225778,-0.10771355506504919,
3550001,SAO LUIS DO PARAITINGA,SP,24,27,0,0,0.18587002045244133,-0.07364420011387357,0.1753805972389457,0.00788570348155252,-0.3941932170518756,,,,,,,,,,
3550100,SAO MANUEL,SP,24,178,1,1,-0.05757377272591159,-0.20217214501393152,0.18795565183737536,0.0,0.031957390724654436,0.28595333635486664,-0.17750655146324398,-0.1737146894614502,-0.18422417725704063,-0.20541351223856336,-0.16820784491462742,-0.17750655146324398,0.3667310110852837,,
3550209,SAO MIGUEL ARCANJO,SP,24,115,2,0,0.16231117388836516,-0.014314422088966243,-0.20650284050800943,-0.17018932880038448,0.13352385429054853,-0.1341431204246545,-0.14079529090477774,0.37577178899027386,-0.09096678634074566,-0.08560080883635282,,,,,
3550308,SAO PAULO,SP,24,97895,240,1987,-0.284928776707622,-0.36980151727824784,-0.18471913367261342,-0.11592058844458102,0.29124956621302206,-0.1806633489968752,-0.27162008463466747,-0.17244815495898883,-0.20840496384945983,0.11457638480753535,-0.24615266199033092,-0.24490594791172915,-0.40328630981086905,-0.22596991009590076,0.3018537766524362
3550407,SAO PEDRO,SP,24,301,0,4,-0.33372662367955314,-0.3925581215482166,-0.168146259953268,-0.22769934576219536,-0.3485142693631796,,,,,,-0.214903671624183,-0.2262404526381345,-0.23882651437293667,-0.2528781691270574,0.2232176845589381
3550506,SAO PEDRO DO TURVO,SP,24,39,0,0,0.5729988545802197,0.32841614051452417,0.08762430306003312,-0.04453387988924469,-0.2274704045284901,,,,,,,,,,
3550605,SAO ROQUE,SP,24,633,3,3,-0.33605494018389187,-0.3707556257392571,-0.1006709977818911,-0.029392818207015108,0.33040170815760495,-0.03139726452783383,-0.06633634150359538,0.18171354348845956,-0.11577674774819398,0.228924479058705,-0.28257538075050453,-0.2985135367661792,-0.2907416695815353,0.38592249249397986,-0.18622759518038343
3550704,SAO SEBASTIAO,SP,24,345,1,1,0.0809362184615936,-0.050690877023122964,-0.009235032537546038,-0.3039912062756278,-0.31655495468792477,-0.10603951061323537,-0.11129646084817227,-0.11709949273674157,-0.12353796140044059,-0.14790713033090194,0.36053433608500024,-0.11129646084817227,-0.11709949273674157,-0.12353796140044059,
3550902,SAO SIMAO,SP,24,49,0,1,0.02165196485739852,-0.27276146108532484,-0.3423941349462961,-0.31987082000668654,-0.06673003493303754,,,,,,-0.09276856296835104,-0.09726832530780989,-0.10222556095668148,-0.10771355506504919,-0.10793353340882884
3551009,SAO VICENTE,SP,24,630,0,12,-0.14393030804005513,-0.14343211146682391,0.07456458840042172,-0.026082026547865057,-0.04842396868673036,,,,,,0.23161553288019116,-0.05527207848465241,0.16903676838515444,-0.028306764034562913,-0.13496499799238004
3551108,SARAPUI,SP,24,44,0,0,0.19985889831596754,-0.1421860594357049,-0.08333715371162569,0.3759253975654081,-0.476277770112976,,,,,,,,,,
3551306,SEBASTIANOPOLIS DO SUL,SP,24,65,0,0,0.08691523276618981,-0.20521648646443597,0.0957559012021999,0.31452502103210656,0.4610215256656922,,,,,,,,,,
3551504,SERRANA,SP,24,250,1,0,-0.29030550565294927,-0.2279360572138623,0.20470632071028885,0.21499244171983997,0.25603776336257644,-0.11879247414119364,-0.12481171852545074,-0.13146966923801662,-0.13887301496588275,0.47329875663342574,,,,,
3551603,SERRA NEGRA,SP,24,143,0,0,-0.06803460806267941,0.16174872665684106,0.020048966223841204,0.008717763016099025,0.004748777086181077,,,,,,,,,,
3551702,SERTAOZINHO,SP,24,2214,4,4,-0.30233130997514923,-0.32890517336632563,0.19274916560662508,-0.02710661175801957,0.02644198414747257,-0.23752486357374697,0.2757255508205338,0.04810456929208346,0.01208569239388486,0.3684249791214511,-0.009896869315572791,0.5835845304960922,0.04810456929208346,-0.28051528135280124,0.07756315349925287
3552106,SOCORRO,SP,24,260,0,0,0.4053974214468902,0.3828201369623341,0.24958900129656778,0.21844325102197754,-0.2697791517331625,,,,,,,,,,
3552205,SOROCABA,SP,24,6751,25,22,-0.3470990119561168,-0.49262909707796027,-0.030786522278768907,0.08768352202859332,0.3682081932694688,-0.26067759588425765,-0.28988321538413303,0.20734151955901708,0.03228873826765763,0.05513940321242554,-0.12189869402916709,-0.41859691053848447,-0.2996085517698777,0.23633397831004566,0.18631167094316933
3552403,SUMARE,SP,24,1961,9,8,-0.2775432828156853,-0.40418329221626287,-0.006920405506975158,0.020854589981249123,0.12407492731048023,0.13480692536778066,-0.052140371136266114,0.36829379908790916,-0.1867903699429738,0.01217203503644688,0.10562142982193283,-0.07484485771371555,0.10831263506568839,-0.029154642855888313,0.0
3552502,SUZANO,SP,24,1605,5,15,-0.5676099944417479,-0.5076195373028933,-0.09501530735731398,-0.14247245392039276,0.4883476709562973,0.019475409561671993,-0.16216633111876635,-0.22092782051900414,0.22156468376279898,0.1512658452268832,-0.30193593965130505,-0.5256488450617393,-0.09488938893271372,0.07693218186208295,0.4381221856721801
3552551,SUZANAPOLIS,SP,24,67,0,0,-0.228515474701328,-0.21541921456131594,-0.04936335867765557,-0.011547290976889862,-0.07460628262220693,,,,,,,,,,
3552601,TABAPUA,SP,24,52,1,0,0.12108531758779983,-0.03321454578754915,0.36550198098228814,-0.05886090889596986,-0.13999582915191008,-0.07860336953666276,-0.08233397804228353,-0.08643572325155013,0.6064452422716378,,,,,,
3552700,TABATINGA,SP,24,67,0,0,-0.12906128872131525,-0.3891763026114593,-0.1940671105975831,-0.14049121980031534,0.2880884686482083,,,,,,,,,,
3552809,TABOAO DA SERRA,SP,24,1674,9,8,0.04625592049983359,-0.0646784124935576,-0.12041985558696576,-0.24010637668491094,-0.23386170701251208,0.09662042125513083,-0.20119782108123324,-0.146862614204502,-0.1396590275021572,-0.12964074471043288,-0.13408540512067524,-0.14072938661026804,-0.10228935226457879,-0.10778802002732396,-0.08574929257125442
3553005,TAGUAI,SP,24,64,0,0,-0.21196134874860395,-0.31002626167631014,-0.03406172479508699,-0.09976582934073785,0.14105306244321325,,,,,,,,,,
3553302,TAMBAU,SP,24,100,1,0,-0.23050397181356191,-0.3905823242985568,-0.14013964821351158,-0.2899830908928926,-0.0857364724303446,-0.09276856296835104,-0.09726832530780989,-0.10222556095668148,-0.10771355506504919,-0.12837345383073615,,,,,
3553401,TANABI,SP,24,150,0,0,-0.3983228058783715,-0.37340788310694856,-0.2154760672494597,-0.0604525937432114,0.37284759762199216,,,,,,,,,,
3553609,TAPIRATIBA,SP,24,67,0,0,0.1940698249303485,0.1913365066831781,0.08729643620019052,-0.11795398431660754,-0.11241756990799125,,,,,,,,,,
3553708,TAQUARITINGA,SP,24,340,1,1,-0.13875427170182697,-0.07335075675019567,-0.006928234022495147,-0.08784867477493107,0.004257465447384394,-0.10603951061323537,-0.11129646084817227,-0.11709949273674157,-0.12353796140044059,-0.12837345383073615,-0.10603951061323537,0.3561486747141512,-0.11709949273674157,-0.12353796140044059,
3553807,TAQUARITUBA,SP,24,188,1,0,-0.0005770871774079836,-0.08449116342786539,0.14959150435944077,0.25741197531862314,0.23600006699022139,0.3761761681137798,-0.12481171852545074,-0.11709949273674157,0.4447366610415861,,,,,,
3553955,TARUMA,SP,24,112,1,2,-0.07642799658936741,0.14552934700502615,0.14809335260634265,0.13438557823516456,0.061627800329659956,-0.14361283900820412,-0.1512186664008184,-0.14564381625088382,-0.15405047814108908,-0.12849851324064712,-0.14361283900820412,-0.1512186664008184,-0.14564381625088382,-0.15405047814108908,0.4818694246524267
3554003,TATUI,SP,24,791,4,0,-0.0745462330011368,-0.08367421368979482,-0.08129289879514613,-0.19413324443812396,0.4044235702790207,0.15023492575084033,-0.2377854672490602,0.1590124347568291,-0.24525573579398632,0.36193434330791374,,,,,
3554102,TAUBATE,SP,24,2721,7,14,0.09910852861934112,0.07399741870642045,0.1597829536081351,0.0684112584876445,-0.12327522520557897,0.47998856854914235,-0.07542833304431727,0.049858390901341976,0.2632295731757786,-0.2358370938030285,0.1119806103634769,0.0,-0.21239595243409967,0.23063475963538002,0.09175957229755799
3554300,TEODORO SAMPAIO,SP,24,84,1,2,0.0462802029063688,0.08054502423013134,0.09150877039738962,0.01818169399882585,0.2859188635029393,-0.11879247414119364,-0.12481171852545074,-0.13146966923801662,-0.13887301496588275,-0.12837345383073615,-0.11879247414119364,0.33283124940120196,-0.13146966923801662,-0.13887301496588275,
3554508,TIETE,SP,24,639,3,0,-0.028887929032988917,-0.03712029078664887,0.08542405097230084,0.014351516176102601,-0.24906172867198706,0.1436052056190534,0.16478375578114304,-0.1695007813951502,-0.1790235141109993,-0.1868108151774625,,,,,
3554706,TORRINHA,SP,24,48,0,0,-0.26957585863578043,-0.12179632747992422,-0.18381386328421115,-0.1865956253951195,-0.46989391184842283,,,,,,,,,,
3554805,TREMEMBE,SP,24,249,0,0,-0.43463620053020546,-0.47002344454766215,-0.20242845603282672,-0.022810679152231058,0.30195692763707577,,,,,,,,,,
3555000,TUPA,SP,24,490,2,0,-0.023819041260960433,-0.23653151779665538,-0.13513525588848582,-0.1884953104228589,0.22069211485499404,-0.24322814189169228,0.2312456580753756,0.1118828893925857,-0.2673005305920798,-0.2714710372473851,,,,,
3555109,TUPI PAULISTA,SP,24,57,0,0,-0.20568762360996296,-0.1680700041780122,0.48661977381802535,-0.16578990186116288,0.0913261873901053,,,,,,,,,,
3555406,UBATUBA,SP,24,366,1,1,-0.050372280960196095,-0.1017859823560363,0.12240394519169369,-0.0162906641414778,-0.2392545277889045,-0.11879247414119364,0.41603906175150246,-0.13146966923801662,-0.13887301496588275,-0.14790713033090194,0.336578676733382,-0.12481171852545074,-0.13146966923801662,-0.13887301496588275,-0.14790713033090194
3555604,UCHOA,SP,24,36,0,0,-0.14175868336860478,-0.1304421515363719,0.16321014618352725,0.4507139103065478,0.268998758063972,,,,,,,,,,
3555802,URANIA,SP,24,62,0,0,-0.09691619554402534,-0.27587731254788406,0.02879667544294901,-0.031035636006712306,-0.08276488121517235,,,,,,,,,,
3556008,URUPES,SP,24,48,2,0,-0.0008865554809834589,-0.17841346503134722,-0.01598599614160031,-0.22020059257911148,0.07981019244074038,-0.11888182539424856,-0.1249151679576533,-0.1315903389919538,-0.13901493939225787,,,,,,
3556107,VALENTIM GENTIL,SP,24,184,0,0,-0.3598909484263647,-0.47522902640845316,0.16366216592694105,0.005237508706910818,0.2407530050336603,,,,,,,,,,
3556206,VALINHOS,SP,24,1715,10,5,-0.48112166662175027,-0.46242070904959476,0.03602678139004872,0.09511432898016904,0.2809711751717793,0.027768164426467973,0.20557404625437103,0.7499697693870219,0.3760158827317212,-0.2568933072315449,-0.05140394620886558,0.011913629512624454,-0.28993837966622105,-0.06595575120547419,-0.29873461377540633
3556305,VALPARAISO,SP,24,180,0,0,0.0303171853392647,-0.2422176347926509,0.19092999928595128,-0.0777360290846399,0.10404951914670162,,,,,,,,,,
3556354,VARGEM,SP,24,30,0,1,0.12174809753102432,-0.15009386534887836,0.5093155912330615,0.05286509718396803,0.07153319528599066,,,,,,-0.13134109817458522,-0.13815269518188256,0.4165115482338335,0.3010451661008468,0.4172137249498924
3556404,VARGEM GRANDE DO SUL,SP,24,155,0,0,0.06564261456962348,0.18432273955758607,-0.14037103545397023,0.13860395701623635,0.2225589896299979,,,,,,,,,,
3556453,VARGEM GRANDE PAULISTA,SP,24,404,3,1,0.17815110713722626,0.20731034168693543,-0.13156201246814708,0.06434344747580943,0.11255241224225798,-0.17161120007588127,-0.18047744680791858,-0.1695007813951502,-0.1790235141109993,-0.08560080883635282,-0.11879247414119364,-0.12481171852545074,-0.11709949273674157,-0.12353796140044059,
3556503,VARZEA PAULISTA,SP,24,686,1,2,-0.08087895941339412,-0.22870170551603472,-0.06782234668784258,-0.041043833738788366,0.15073444277682174,0.08408112697716678,-0.17745307757998113,-0.17365294618974278,0.12276713866067022,-0.1670466199882679,-0.24316221747202585,0.20548977357845366,0.3075685881059397,0.16328517955251126,-0.24351020133702336
3556602,VERA CRUZ,SP,24,25,0,0,-0.1756226321995037,-0.12087057573987861,-0.03595559163285173,-0.3219200241206845,0.2361941263339749,,,,,,,,,,
3556701,VINHEDO,SP,24,1234,2,4,-0.35592826469558636,-0.5799030224703928,-0.15308576768916923,-0.15719699330715037,0.11991422354562323,-0.1312525635516668,-0.1380498647283479,-0.14558367013382342,-0.15397947077242097,,-0.020729309813007413,0.08030368057480108,0.019157404504602606,0.1942965570300532,0.055883489636142966
3556800,VIRADOURO,SP,24,70,1,0,0.04774915984154112,-0.10637049713937619,0.0936461292010237,0.017400630178686965,0.005363048283339483,-0.156070015997619,-0.1645362954286044,-0.15990989435489308,0.42347833787256467,,,,,,
3556909,VISTA ALEGRE DO ALTO,SP,24,56,2,0,0.3051944120816338,0.18786126312492013,0.2964251360889648,0.026571737387614654,-0.29642989481807,0.21402804083139101,0.10061569421555494,-0.2936063064929554,0.17054580785283843,-0.32819623087026273,,,,,
3557006,VOTORANTIM,SP,24,574,0,5,-0.3099820539655867,-0.4804469839144499,-0.32524172669290263,-0.4175916752839098,0.3648286236460661,,,,,,-0.3042169637819907,0.15104082642473257,0.15869925144018363,-0.3631500935296892,0.03855796054802905
3557105,VOTUPORANGA,SP,24,1415,3,1,-0.41861919482132026,-0.5400332365149079,-0.19393709201065476,-0.022743839968223368,-0.04113421383101131,-0.16815730064857082,0.11779779182426424,-0.18614568639604176,-0.1966571461940076,0.17753171470930612,-0.09276856296835104,-0.09726832530780989,0.48557141454423713,-0.10771355506504919,-0.12837345383073615
3557204,CHAVANTES,SP,24,82,0,0,0.0791771619427718,-0.18026360672234662,-0.03062592267963595,-0.15625235800851883,-0.2592647022732122,,,,,,,,,,
3557303,ESTIVA GERBI,SP,24,48,1,0,-0.008053795985707582,-0.3928342223156576,0.2780310642700076,0.11624829865871689,0.10748815753922081,-0.11879247414119364,-0.12481171852545074,-0.13146966923801662,-0.13887301496588275,-0.1670466199882679,,,,,
4100400,ALMIRANTE TAMANDARE,PR,24,413,8,0,-0.3057455368837314,-0.3391274639263766,-0.029185712030421383,-0.03996412994020319,0.2515397772671854,0.04428534369142492,-0.25023663043631567,0.07779954634875967,-0.2528781691270574,-0.24351020133702336,,,,,
4100509,ALTONIA,PR,24,17,0,0,-0.11290504482413519,-0.29399673748692406,-0.20503408802982181,-0.24882267533335256,0.25853385690769737,,,,,,,,,,
4100608,ALTO PARANA,PR,24,37,0,0,0.10452796701083164,0.05525828254573903,-0.04017303010532692,-0.02579865078096131,0.20514711902599572,,,,,,,,,,
4101002,AMPERE,PR,24,60,0,0,0.3685517092931618,0.33296540127274477,0.28834433584523295,0.06597548646180416,0.22498668757209733,,,,,,,,,,
4101101,ANDIRA,PR,24,68,1,0,-0.33244133858905917,-0.49201263343485574,-0.4212761230474896,-0.21049330959761853,0.37807765482688843,0.3379996625114654,0.20426810464901227,-0.21671809314923093,0.07691224192380872,0.07337471263750266,,,,,
4101200,ANTONINA,PR,24,43,1,0,0.07083447944928435,0.14705198885125983,0.19537499170617034,0.336571341796918,0.42949959509386937,-0.1312525635516668,0.2366569109628821,0.31196500742962163,0.43994134506405985,0.32539568672798425,,,,,
4101408,APUCARANA,PR,24,886,4,6,-0.24910028304995466,-0.2624699374712206,0.09127493386027413,-0.1407274063535646,0.31768811222157173,0.18569533817705186,-0.16694736685591696,-0.10420367738613855,-0.09961826839231651,0.3276158657284959,0.19879219318187571,-0.08842026459467388,-0.3162100218445592,-0.024904567098079127,-0.22474262977070078
4101507,ARAPONGAS,PR,24,1234,3,5,-0.0670415786721633,-0.15836327691625596,0.225194441420425,0.09220189701262187,0.2052755920831274,0.43151697133684574,0.05278659868680483,-0.2310284308807498,0.07581753965757455,-0.20528572777068282,-0.14578022521236725,-0.06212552220078385,-0.14881285657228857,0.4129654203411967,0.3599629624125903
4101606,ARAPOTI,PR,24,175,4,0,-0.35891992626088065,-0.3539173699400525,-0.2452157848974457,-0.1196387534568446,0.4003597170482947,0.11363127000523368,-0.1763138125568306,-0.18570195349698687,-0.19613894464455778,0.467711978104925,,,,,
4101705,ARARUNA,PR,24,60,0,0,0.020807261907162537,0.1594290486820129,0.07254476175066472,-0.08228712882041739,-0.10039446634710288,,,,,,,,,,
4101804,ARAUCARIA,PR,24,1708,8,7,-0.3551043981664182,-0.5353091302958249,0.007924738863812937,-0.1247453032384407,0.3746491182575313,-0.03081889960500198,-0.2672361849337517,0.04974212328423657,0.152064480694831,-0.24308853833436805,0.08878496115036913,-0.18047744680791858,-0.19030152176409712,-0.2012461179749811,0.20595001164439514
4101903,ASSAI,PR,24,26,2,1,-0.10842931000191458,-0.4464171451511416,-0.20056664209187958,-0.16669881472608844,0.2868946671782426,0.1253399232298219,-0.23808915251617294,0.18821003770437678,0.2116488172492429,-0.167169043324589,0.32938623457082195,-0.1644837195220285,-0.15984894146746623,0.2116488172492429,-0.167169043324589
4102000,ASSIS CHATEAUBRIAND,PR,24,267,3,1,-0.28419103360116865,-0.429360191195592,-0.11664222703848771,-0.27147930889450156,0.5165929534651944,0.16577517586103427,-0.23761542809353142,-0.23111625769665028,0.06126329642911571,0.45499880992832853,-0.15589041868151407,-0.16432629368963952,-0.1596665001584833,0.2747919909638422,0.19503055054535384
4102109,ASTORGA,PR,24,124,0,0,0.053297940544545765,-0.012245216963615859,0.10153620244086395,0.1341733643252347,0.028861612575572862,,,,,,,,,,
4102307,BALSA NOVA,PR,24,161,1,0,0.06413256125320171,-0.04852207255071488,0.11424503013350092,-0.006666207152578084,-0.04382606356767632,-0.10603951061323537,-0.11129646084817227,-0.10222556095668148,-0.10771355506504919,-0.08560080883635282,,,,,
4102406,BANDEIRANTES,PR,24,224,3,0,-0.5144304339207433,-0.63111179515979,-0.36402949127970274,-0.11696188637651536,0.5708064708254541,-0.2602400194529422,-0.27460851418988047,-0.037871115531884755,-0.2811267651158746,0.2737944425639727,,,,,
4102802,BELA VISTA DO PARAISO,PR,24,46,0,0,0.031283481772300316,-0.3314849999544552,-0.0357879541877534,-0.16782216191058658,0.22230797000175917,,,,,,,,,,
4102901,BITURUNA,PR,24,78,0,0,0.05078877219794983,0.04164254388573615,0.026866921804128127,0.27851987490844543,0.12306987488819597,,,,,,,,,,
4103040,BOA VENTURA DE SAO ROQUE,PR,24,26,0,0,-0.04336025315061589,-0.28828834028413386,-0.038369433977923834,0.037494822223959924,-0.37999558563933616,,,,,,,,,,
4103107,BOCAIUVA DO SUL,PR,24,100,1,0,-0.41243674144912834,-0.33293479150583,-0.11536469195468059,0.06754035549436939,0.28414351471181176,-0.09281641882036987,-0.0973233880494449,-0.10228935226457879,-0.10778802002732395,-0.12849851324064712,,,,,
4103222,BOM SUCESSO DO SUL,PR,24,29,0,0,-0.07984904632452544,-0.25908048932410765,0.33164216375565436,-0.06738348083809916,0.5650687590602983,,,,,,,,,,
4103453,CAFELANDIA,PR,24,472,0,0,0.007256584709853213,-0.09072277811650004,0.0258957217936151,0.04537213758898683,0.14805272294594718,,,,,,,,,,
4103602,CAMBARA,PR,24,78,0,0,0.15053840128536564,0.3114683763019984,0.3573980528268203,0.24498331822625385,0.0024934128448823433,,,,,,,,,,
4103701,CAMBE,PR,24,910,5,0,-0.06309976364487027,-0.18315002442270306,0.20234391391299816,0.10260171354250693,0.17257703643789835,0.11296814116255502,0.1771820759234949,0.17275587987989208,0.0057131198904004235,0.19371284083153256,,,,,
4104006,CAMPINA GRANDE DO SUL,PR,24,427,1,2,-0.26488216951067,-0.5328605723586604,-0.07471326120554081,0.004788514248938693,0.3627133702969151,-0.10603951061323537,-0.11129646084817227,-0.11709949273674157,0.49415184560176234,0.384558538860345,-0.1533328790143649,-0.16110092912777269,-0.1696932866035796,-0.179247713966054,0.258731808559231
4104105,CAMPO DO TENENTE,PR,24,34,0,0,-0.16929563431512745,-0.33714732132242237,-0.12089642650605428,-0.2147704820305765,0.374577481759115,,,,,,,,,,
4104204,CAMPO LARGO,PR,24,1306,7,1,-0.21475358179784415,-0.21114942208854534,-0.14002506590177058,-0.16129337171300878,-0.07159326024628676,0.038608222063985696,0.040068173892766096,-0.32630033425508737,-0.07153663613895694,0.08841291020198094,-0.11879247414119364,-0.12481171852545074,0.49181786949431466,,
4104253,CAMPO MAGRO,PR,24,141,2,1,0.2807244530941042,0.17490353684941964,0.19413829613705713,-0.050150698061672126,-0.37158052739543285,0.1212481034189554,0.32865258737927905,0.3193330003169666,0.25365414550508514,-0.14790713033090194,0.22517504920663145,-0.16432629368963952,-0.1596665001584833,-0.16910276367005675,-0.14790713033090194
4104303,CAMPO MOURAO,PR,24,831,3,2,-0.09982066566844684,-0.14272111802452928,0.1469909345559411,0.11390529215312212,0.1892221925179592,-0.17161120007588127,-0.18047744680791858,0.18645085953466525,0.21312323108452297,-0.10793353340882884,0.3761761681137798,0.41603906175150246,-0.11709949273674157,-0.12353796140044059,-0.10793353340882884
4104428,CANDOI,PR,24,37,2,0,0.23297744262492742,0.21620382787259793,-0.0410985609431442,0.13416696870627065,-0.12005968109009987,-0.13134109817458522,0.4144580855456477,-0.145704036975496,-0.15412158383522445,,,,,,
4104501,CAPANEMA,PR,24,134,0,1,0.0815362798927138,-0.09257618799179479,-0.17768396988763419,0.0753917753959747,0.1057868501564519,,,,,,-0.14361283900820412,-0.1512186664008184,-0.14558367013382342,-0.15397947077242097,0.5455871787806285
4104600,CAPITAO LEONIDAS MARQUES,PR,24,71,1,0,-0.2582028555236666,-0.10839197358517906,0.08572100457825617,0.0167376959492808,-0.08320342938321963,0.1850286294060902,0.08875327573162199,-0.1737146894614502,-0.18422417725704063,-0.18610323617140284,,,,,
4104659,CARAMBEI,PR,24,241,2,0,0.09201387820564434,-0.035004127393180706,-0.03747427117511022,-0.2186944241419131,-0.16139573529842427,-0.16820784491462742,-0.17750655146324398,-0.1737146894614502,0.16375482422848053,-0.20541351223856336,,,,,
4104709,CARLOPOLIS,PR,24,39,0,0,-0.004411802870432117,-0.20035369264596742,-0.25133025909278645,-0.14192788897807443,0.5293388324102345,,,,,,,,,,
4104808,CASCAVEL,PR,24,5683,21,4,0.024613117032345866,0.1440707736737431,0.23421395506267093,0.03171820686289883,0.21811066169316,0.08325753666430072,0.046523278124302035,0.14509756674345975,0.24107810814758135,0.35210355628883655,0.33142017950452807,-0.0754529869132882,0.0,0.22825071990935353,0.258731808559231
4104907,CASTRO,PR,24,380,4,0,0.08982956150890127,-0.0006398467336016526,0.1734275281215298,0.18728176268221067,0.34591595049691026,-0.010615894693111676,0.2909926401577918,0.3313414362366244,0.0,0.47341790589148297,,,,,
4105003,CATANDUVAS,PR,24,52,1,0,-0.2643320999811961,-0.28175206452388096,0.33700254238019267,0.3061435110734587,0.0,-0.04347826086956522,-0.04545454545454546,-0.04761904761904761,1.0,,,,,,
4105300,CEU AZUL,PR,24,91,1,0,-0.5278078381424213,-0.5018351408145788,-0.13657569718901413,0.14525778469263073,0.5730134747318357,-0.10608524687182662,-0.11134924551362411,-0.11716084956187751,-0.12360984849491553,-0.14802951937156295,,,,,
4105409,CHOPINZINHO,PR,24,263,1,0,-0.09538988248642989,-0.38595199575587563,-0.1472827903366796,-0.37268436893823337,0.28044587091099177,-0.11879247414119364,0.2912273432260517,-0.11709949273674157,-0.12353796140044059,-0.12837345383073615,,,,,
4105508,CIANORTE,PR,24,605,3,1,-0.3084160445922847,-0.4401201146940068,-0.05233185104609422,-0.08219504719040581,0.24971374211847408,-0.15318788335166178,0.22390875338439245,-0.1695007813951502,0.2523379056040752,0.5141760589972778,-0.10603951061323537,-0.11129646084817227,-0.11709949273674157,-0.12353796140044059,0.5028842431250666
4105607,CIDADE GAUCHA,PR,24,128,0,0,-0.06679683996279848,-0.19183089155018637,0.05194788934620211,0.02963838455826434,0.15951186077367496,,,,,,,,,,
4105706,CLEVELANDIA,PR,24,56,0,0,-0.17846227319037514,0.05982446563137265,0.012559137919945573,0.06324243251823455,0.46537574672017346,,,,,,,,,,
4105805,COLOMBO,PR,24,1430,6,1,-0.23375695838822522,-0.42623664209283113,0.11078988558930138,0.209364806786111,0.25447505374670243,-0.22723564344371122,0.058264463158888606,0.024696497857504704,0.07202243699240782,-0.18713485846554165,-0.09276856296835104,0.5349757891929545,-0.10222556095668148,-0.10771355506504919,-0.12837345383073615
4105904,COLORADO,PR,24,142,0,0,-0.30673914130742524,-0.3208092183001513,-0.17452879797256607,-0.1491613142872095,0.28012041596494264,,,,,,,,,,
4106209,CONTENDA,PR,24,40,0,0,0.06316121199029116,0.017010723456271373,0.21992218561042354,0.2265874986391989,0.09537017634922457,,,,,,,,,,
4106308,CORBELIA,PR,24,70,0,0,-0.02763716617650414,0.03602861698156585,-0.06308686733535498,-0.0396433459456293,0.25051406825365163,,,,,,,,,,
4106407,CORNELIO PROCOPIO,PR,24,504,0,0,0.16049719768726575,0.16815584790219804,-0.02880907679613106,-0.08802683959904456,-0.009224508469332853,,,,,,,,,,
4106506,CORONEL VIVIDA,PR,24,125,1,0,-0.3091430575072563,-0.2965131195262692,-0.018543630348075248,-0.06769553009774391,0.1570858036811855,0.41577365949417766,-0.12481171852545074,-0.11709949273674157,-0.12353796140044059,0.4172137249498924,,,,,
4106605,CRUZEIRO DO OESTE,PR,24,124,2,0,-0.19617448451992983,-0.2667452719017269,-0.12503398667499716,-0.0477255696253495,0.20346818812401088,-0.10603951061323537,-0.11129646084817227,-0.10222556095668148,-0.10771355506504919,,,,,,
4106902,CURITIBA,PR,24,18748,78,97,-0.08252524419985838,-0.04255350178669442,0.0639830656017832,-0.012233192018911546,0.1702022139010162,-0.19286829222359825,-0.10595807046895421,0.1292869175523,0.1460692554360111,0.0643217777730494,-0.016185836860860316,0.11163421603769953,-0.11793148709394992,-0.1869356148605822,0.08886486717137883
4107009,CURIUVA,PR,24,72,1,0,0.003019521689331315,-0.37627207495307674,-0.05138584908314082,-0.04288308247000764,0.05244633681297327,-0.20599054456031982,-0.21810969990025916,0.37949303365610837,,,,,,,
4107207,DOIS VIZINHOS,PR,24,508,4,3,-0.34190578334096183,-0.5385413861566468,-0.5436115457874413,-0.3989648594425848,0.3808460832285013,-0.1532539553337513,0.17781186400336266,-0.14797085841925586,-0.15609177071190494,0.1829189231945987,-0.10608524687182662,-0.11134924551362411,-0.10222556095668148,-0.10771355506504919,
4107256,DOURADINA,PR,24,42,1,0,0.1480172332360184,0.024389014022462813,0.15501561156968202,0.34499662845469065,-0.1308733208817407,-0.1436572118932451,-0.1512703739305911,-0.14564381625088382,-0.15405047814108908,-0.14790713033090194,,,,,
4107405,ENEAS MARQUES,PR,24,26,0,0,-0.08494117826544416,0.30595901836274414,-0.09134431627316898,0.017705408255148526,0.484653957793813,,,,,,,,,,
4107538,ENTRE RIOS DO OESTE,PR,24,78,0,0,-0.0019494091245811408,-0.0012436151724992608,0.17658108145089144,-0.045925516076534834,-0.030033720871171864,,,,,,,,,,
4107652,FAZENDA RIO GRANDE,PR,24,772,4,4,-0.12464398305875804,-0.11805882120803139,0.3062980264126042,0.2165360635389766,0.046200908663273935,-0.23752486357374697,0.06063888993609483,-0.2645751311064591,-0.0006360890733623612,0.44676254788595293,0.30444655132666776,0.02176780664372635,-0.017180203318601234,-0.0006360890733623612,0.03412323807787146
4107900,FLORESTA,PR,24,31,0,0,-0.2763139256077476,0.06974984461282356,0.12196814055677498,0.24093637948570346,0.363478819642827,,,,,,,,,,
4108304,FOZ DO IGUACU,PR,24,2395,11,12,-0.2692483387776853,-0.12376878387848289,-0.0703523355948138,-0.15980334914655986,0.15619088671617157,0.14662543908198455,-0.46099928763562564,-0.10037433377793979,0.30292194933042443,0.08313942851020466,0.07921944309706458,-0.2126068143408591,-0.21566109787901885,0.29730287099521946,-0.3068842366708962
4108403,FRANCISCO BELTRAO,PR,24,691,10,0,-0.13901182223434608,-0.09125215353853015,0.06625511985304454,-0.14192386152284955,0.0747348155323032,-0.28195699404901325,0.2042782593688209,0.33337058902591993,-0.011421285937830521,0.1723053605335579,,,,,
4108601,GOIOERE,PR,24,85,0,0,-0.24719462607603018,-0.2854073334228887,-0.011659778276292434,-0.27935698680516075,0.0624238248224653,,,,,,,,,,
4108809,GUAIRA,PR,24,105,1,1,0.3191019851853789,0.0177306807194216,0.2762962588264804,-0.06821669812809712,-0.09294967281137251,-0.11883712457469715,-0.1248634111010882,-0.11716084956187751,-0.12360984849491553,-0.10793353340882884,-0.11883712457469715,0.37459023330326463,-0.11716084956187751,0.3213856060867804,-0.10793353340882884
4109401,GUARAPUAVA,PR,24,1014,13,0,0.07527015972298715,0.018193811003874762,0.051812373546681105,-0.07898404773988886,-0.155749529374901,0.22042046174669133,0.10380953629508893,-0.021403372275416256,-0.026305495951003982,0.09108454563331013,,,,,
4109609,GUARATUBA,PR,24,118,0,0,-0.09268430780634301,-0.4113000623366965,-0.40825367199443185,0.02139281192438544,0.36031384600912614,,,,,,,,,,
4109708,IBAITI,PR,24,183,0,0,-0.045693579350243124,-0.0607313183874656,0.2555135367398671,-0.08999617933421432,-0.13823162715585627,,,,,,,,,,
4109757,IBEMA,PR,24,26,0,0,-0.0178593099072409,-0.1599798907082341,-0.02284722583066505,-0.0695925176450979,0.49348567444503516,,,,,,,,,,
4109807,IBIPORA,PR,24,586,4,0,0.08273827714078082,-0.058164942375058676,-0.07863763054549396,-0.11274412860789214,0.1702264914750865,0.17811016449563075,-0.2740134787903624,-0.26446587025888973,0.3299780602589262,0.23197710568714397,,,,,
4109906,ICARAIMA,PR,24,18,0,0,0.05888719579333128,0.2829600923120578,0.032908883534482694,0.03720584147803398,0.25490106463020884,,,,,,,,,,
4110078,IMBAU,PR,24,25,0,0,-0.3811042818949495,-0.09354640591451822,0.0728429165335186,-0.034622498067174746,0.3788749550669433,,,,,,,,,,
4110102,IMBITUVA,PR,24,351,0,0,-0.037095737805711175,0.004778091968933636,0.06688888435324225,0.04613095238095238,0.25115103843008907,,,,,,,,,,
4110607,IPORA,PR,24,218,2,0,-0.07505056674838056,-0.03916217210071092,0.08000681571855936,0.0351894859303124,-0.26866969455700196,-0.1533328790143649,0.14499083621499542,-0.1481389116913825,0.27350269105113545,-0.10793353340882884,,,,,
4110706,IRATI,PR,24,427,6,0,-0.040924655399184835,-0.07771346596049256,0.004787260717516139,-0.107686986876271,-0.015696939901880567,0.04430027217446868,0.07359591770021766,0.02405228464604173,-0.28051528135280124,0.5028842431250666,,,,,
4110805,IRETAMA,PR,24,29,0,0,-0.09838888194616416,-0.267446671306327,0.03339565242514513,-0.06566551120538407,-0.21955012183784506,,,,,,,,,,
4110953,ITAIPULANDIA,PR,24,254,2,0,-0.043541327741553594,-0.11470287405607796,0.15023932896388315,0.01784809856422604,0.24697722156255972,-0.1717736338084837,0.18066417986025618,0.1696932866035796,0.12547339977623778,-0.10793353340882884,,,,,
4111209,ITAPEJARA D'OESTE,PR,24,157,3,0,0.0864427807709492,0.12411924809990611,0.09587917141321044,0.11499827043561299,0.2334390838967568,0.010876956966098299,-0.2755512169768835,0.0633807560388845,0.3227786339143716,0.5148767223478705,,,,,
4111258,ITAPERUCU,PR,24,57,0,0,-0.41291272358655723,-0.2978767439833991,-0.24973291841047499,-0.053718641360167275,0.06849301491898158,,,,,,,,,,
4111506,IVAIPORA,PR,24,117,0,0,-0.09557297583554357,-0.0775976454159789,0.2903800225416501,-0.0014984573829346464,0.3330635422156618,,,,,,,,,,
4111555,IVATE,PR,24,93,0,0,-0.18734681111408372,-0.04600882806182475,0.17868019207941824,0.24048289250141805,0.19425793606546957,,,,,,,,,,
4111605,IVATUBA,PR,24,34,0,0,0.03636430421741318,0.28594158381881507,0.3628595721331064,0.6350407256835765,0.2240759418272798,,,,,,,,,,
4111803,JACAREZINHO,PR,24,152,1,0,-0.21858735748698732,-0.2738223252466643,0.16073297165279501,0.10784087440904634,0.35497863918025685,-0.09276856296835104,-0.09726832530780989,0.6050500627608509,-0.09096678634074566,-0.08560080883635282,,,,,
4111902,JAGUAPITA,PR,24,107,3,0,-0.3550043927867736,-0.32697601999633313,-0.2946547309166229,0.11691944618102817,0.3485333667897959,-0.20753155206829701,0.08202622474238627,0.05583055597714387,0.10506751297520021,-0.2711822893862938,,,,,
4112009,JAGUARIAIVA,PR,24,242,0,0,-0.17055414340940522,-0.17848895577408186,-0.27875367612868657,-0.23039308080113305,0.21474406782669833,,,,,,,,,,
4112108,JANDAIA DO SUL,PR,24,112,0,0,-0.23545241665508743,-0.34425188772830323,0.24499634038289944,0.15767897595693312,0.3927146871756004,,,,,,,,,,
4112405,JAPURA,PR,24,55,2,0,-0.20110940125149537,-0.18475602670238123,0.0667446028131032,-0.1590257478798686,0.004345649699676195,-0.09281641882036987,-0.0973233880494449,0.40915740905831516,-0.10778802002732395,-0.12849851324064712,,,,,
4112504,JARDIM ALEGRE,PR,24,41,1,0,-0.059590850395898745,-0.19776579451364443,0.07253240768377052,-0.21239637515551446,0.12140414512166717,-0.15589041868151407,-0.16432629368963952,-0.1596665001584833,0.3804812182576277,,,,,,
4112801,JOAQUIM TAVORA,PR,24,344,0,5,0.04401152261278705,0.10313965180323631,0.044211383939737676,0.19969022444350445,-0.12124145337999402,,,,,,-0.1312968084757456,0.2367450021295149,0.3537064108950036,-0.15405047814108908,
4113007,JUSSARA,PR,24,61,0,0,-0.2649800735273555,-0.39162333012301664,0.20534323117000694,0.018337897770463706,-0.20981610886084368,,,,,,,,,,
4113205,LAPA,PR,24,288,1,0,-0.05134297761933869,-0.24514998277025285,0.02455031712222159,0.1724844304292252,-0.22229218775847184,-0.11879247414119364,-0.12481171852545074,-0.13146966923801662,0.2777460299317655,-0.10793353340882884,,,,,
4113304,LARANJEIRAS DO SUL,PR,24,208,2,0,-0.37126246855552275,-0.37369151926960487,0.09177119651224774,0.019965874389002842,0.4034357652299393,-0.1341431204246545,-0.14079529090477774,-0.1481389116913825,0.31257450405844056,-0.08560080883635282,,,,,
4113452,LINDOESTE,PR,24,44,0,0,0.26719051096615337,0.008723466768991139,0.09967128661421332,0.14682769055464787,-0.5335311688706468,,,,,,,,,,
4113502,LOANDA,PR,24,117,0,0,-0.3288470417705801,-0.4403994066776536,-0.3111968941771355,-0.08455147553130761,0.7220173320781297,,,,,,,,,,
4113700,LONDRINA,PR,24,4640,9,15,-0.22359578661453272,-0.21342130691265673,0.07716086566204612,-0.11604222023011763,0.16550698041409162,-0.053583634688967506,-0.33963161098493666,-0.08039156355024882,0.1671285729033982,0.001808960190875423,0.08909901312252133,-0.4200529098073125,-0.010757159963950602,0.22448096816684573,-0.18332722582622193
4113908,MALLET,PR,24,70,0,0,-0.13790891169365488,-0.5349244404362605,-0.050122971077081954,0.08804690891427885,0.10492515236116509,,,,,,,,,,
4114005,MAMBORE,PR,24,65,1,0,-0.27144000948004254,-0.20732496313539975,0.2912708211226865,-0.04890894344525082,-0.04652922675048752,-0.11897137857108693,0.3750566251418857,0.2853745735275238,-0.13915729983856637,0.38549553972194134,,,,,
4114104,MANDAGUACU,PR,24,129,2,0,-0.25835949709688427,-0.4088987699832376,-0.08470979959759305,-0.15258520609766676,0.12841076151144068,-0.2075997184430728,0.1914616389738237,-0.21097078120022028,-0.22341689809980017,0.3062521366451578,,,,,
4114203,MANDAGUARI,PR,24,357,4,0,-0.005161845244709592,-0.1738113520443488,0.11528828602548459,0.24569224762435166,0.39295021624780907,-0.23752486357374697,0.06893138770513345,0.403657102447718,0.041498549789209006,0.0020127611035002167,,,,,
4114302,MANDIRITUBA,PR,24,98,2,0,0.08234363677443142,0.09249808253519763,0.2455127352870507,0.22892167770368288,0.258397391727722,-0.18979089332840635,0.15700638915607118,0.4822189284576463,0.30795894154484194,-0.14790713033090194,,,,,
4114401,MANGUEIRINHA,PR,24,30,0,0,0.14974935312528342,-0.0013652446467372747,0.26349449981295636,0.39668994399869284,0.3377833559143714,,,,,,,,,,
4114609,MARECHAL CANDIDO RONDON,PR,24,511,5,2,0.25383654128340477,0.031115539717511912,0.18821511975911545,-0.02951535158010827,-0.03933487170005495,-0.12703356080574568,-0.13328837610675584,0.4172805703601387,-0.18163327615991215,0.2232176845589381,-0.24329411995933517,0.12850854660540958,0.2237657787851714,0.07425014738668884,0.10146258389042641
4114807,MARIALVA,PR,24,277,1,1,-0.10999244693143885,-0.04325034308099921,0.03542099823092766,0.0643853241138096,0.31279266259806904,0.37631756115320764,-0.1248634111010882,-0.11709949273674157,-0.12353796140044059,,-0.11883712457469715,-0.1248634111010882,0.39813827530492135,-0.12353796140044059,0.44372139099270586
4115200,MARINGA,PR,24,4554,38,9,-0.31719861290301726,-0.5611543947304405,-0.04690497065838718,-0.055612239949997665,0.4061821304585195,-0.18848885007713667,-0.2273804139536208,-0.34208051521387106,-0.15592405644855306,0.7560375193093879,-0.0008658089785895599,-0.27381262827869074,0.038947907869495785,0.16082146340478085,-0.10981636385741296
4115358,MARIPA,PR,24,29,0,0,-0.010203884882330892,0.2212248643966899,-0.14541102658385957,0.06920895047481891,0.020928463204028618,,,,,,,,,,
4115408,MARMELEIRO,PR,24,51,1,0,-0.02377639158162043,-0.13102744562603977,0.12596831138696463,-0.06886935852623441,-0.29462556065444134,-0.10603951061323537,-0.11129646084817227,0.5366841950225778,,,,,,,
4115606,MATELANDIA,PR,24,188,1,0,-0.405122414922829,-0.4761509046966936,-0.05167354061250657,-0.019423142338941973,0.4547494590644554,-0.14361283900820412,-0.1512186664008184,-0.1596665001584833,-0.16910276367005675,0.47364562275300215,,,,,
4115705,MATINHOS,PR,24,133,0,0,-0.3101514320904923,-0.13862921781150594,-0.03372681379486694,-0.07648772479576135,0.25225460646635967,,,,,,,,,,
4115754,MAUA DA SERRA,PR,24,24,0,0,-0.008099781859612395,-0.41841378524364825,0.13526775937800475,-0.06943444346952049,-0.14992993188239873,,,,,,,,,,
4115804,MEDIANEIRA,PR,24,497,0,2,0.22764966663652192,0.004813053761784294,0.20264599265681937,0.08626009820051299,0.23429946613537445,,,,,,-0.2611839471781639,0.012555221118032787,0.38116009611175794,0.05985197814056687,0.4365037135069471
4116059,MISSAL,PR,24,60,0,0,-0.15979640760998853,-0.2559305604853634,0.060160071873413594,0.10738893346344834,0.2723941252843171,,,,,,,,,,
4116109,MOREIRA SALES,PR,24,35,1,0,-0.10128656758206639,-0.11948809201599109,-0.013157057029372882,-0.014941460185414432,-0.20709672705264945,-0.06281001030561872,-0.06572716413465648,-0.06892827280530912,-0.07245688373094719,-0.05882352941176471,,,,,
4116208,MORRETES,PR,24,41,1,0,-0.023998135074537064,-0.04384163971519345,-0.1460035305059648,-0.3346820834010301,0.5656501731746101,0.3562569582116671,-0.1380498647283479,0.28485095001570265,0.4166190448976482,-0.10793353340882884,,,,,
4116703,NOVA AURORA,PR,24,214,0,0,-0.246009432660249,-0.20549996919227842,-0.032747935914093,-0.009030589767069618,0.38312151138826966,,,,,,,,,,
4116901,NOVA ESPERANCA,PR,24,105,0,0,-0.07349600741876967,-0.32151002703103526,0.12461789500167286,0.007663946315470318,-0.13278005057566739,,,,,,,,,,
4117008,NOVA FATIMA,PR,24,19,0,0,0.09785943616735743,0.002272458993522805,-0.07097167435322323,0.18263367730434682,0.07099339957199535,,,,,,,,,,
4117107,NOVA LONDRINA,PR,24,159,2,0,-0.08703329907023796,-0.36981837061673467,-0.39825167018469315,-0.23069083684838246,0.004354237605803568,0.21690387808960726,0.0713665405254869,-0.1905176507625011,-0.20149814827784027,0.2232176845589381,,,,,
4117222,NOVA SANTA ROSA,PR,24,45,0,0,-0.1996834665690522,-0.37077966169840737,-0.19631302795549496,0.015565359054070613,0.41688783567045257,,,,,,,,,,
4117255,NOVA PRATA DO IGUACU,PR,24,25,0,0,-0.5891371133026785,-0.3625324635183934,-0.14313059567303651,-0.1617622404683113,0.5677115093015548,,,,,,,,,,
4117305,ORTIGUEIRA,PR,24,113,0,0,0.10846835204447353,-0.054163932588903035,-0.02092130823785185,-0.2542314697952417,0.029445331984990598,,,,,,,,,,
4117453,OURO VERDE DO OESTE,PR,24,33,0,0,-0.04062383208161623,-0.161628435441662,0.009227452195889998,0.05070165060642806,0.3684458858453423,,,,,,,,,,
4117503,PAICANDU,PR,24,271,0,0,-0.45393135306376453,-0.29998985194350986,-0.184191701176259,0.06098449498300381,0.41836110546770267,,,,,,,,,,
4117602,PALMAS,PR,24,288,1,0,-0.006017254394169825,-0.17143531099184547,-0.0768997622991518,0.018649821122515932,-0.09588759328364958,-0.15589041868151407,-0.16432629368963952,0.4189652907981961,,,,,,,
4117701,PALMEIRA,PR,24,241,0,0,-0.30883625090942607,-0.24606172080783503,-0.04759096206802346,0.030239526069424667,0.15207274152310798,,,,,,,,,,
4117909,PALOTINA,PR,24,460,2,0,-0.05183087390677012,-0.09271184639468408,0.20898813398060043,0.2208604789403073,0.3200917146805034,0.0,0.06607257766972811,0.1678243340888786,-0.18422417725704063,0.36193434330791374,,,,,
4118006,PARAISO DO NORTE,PR,24,177,2,0,-0.5363273833736977,-0.5323156751572652,-0.11643660943375504,-0.20874496905805678,0.38057759840909955,0.18636835661892504,-0.18096403762652918,0.11133958927459003,0.10095531606231765,0.1831698070186243,,,,,
4118105,PARANACITY,PR,24,89,2,0,-0.4818001457469356,-0.377224797514043,-0.38857101982426684,-0.14424998975526881,0.3310043690625473,-0.15589041868151407,0.21910172491951935,-0.1596665001584833,-0.16910276367005675,0.23943547951763583,,,,,
4118204,PARANAGUA,PR,24,1141,6,1,-0.1772546568878878,-0.25715480554812203,-0.01999792931570725,-0.004346117552366325,0.14635334625572666,-0.214903671624183,-0.2262404526381345,0.058015034288023466,0.01785349965750132,-0.21560984046602585,-0.11879247414119364,-0.12481171852545074,-0.11709949273674157,-0.12353796140044059,-0.14790713033090194
4118402,PARANAVAI,PR,24,586,2,0,-0.07044888518840471,-0.3468748760490076,0.07675346390029446,0.16775246807140826,-0.004777724285915882,0.7956219919452867,-0.11917791689254184,-0.12525726299675796,-0.13198848607808558,-0.15733881028688976,,,,,
4118451,PATO BRAGADO,PR,24,39,0,0,-0.18470385718433802,0.10132842254266591,-0.0774490532068059,0.11094071268438226,0.49016224488236015,,,,,,,,,,
4118501,PATO BRANCO,PR,24,1218,0,2,0.003789759095161572,-0.14551452744044777,0.13021377180855362,0.17908090586514533,0.2811575329109643,,,,,,-0.18979089332840635,-0.1998263134713633,-0.1905176507625011,0.23508117299081363,0.6116233559833635
4118907,PEROLA,PR,24,25,0,0,-0.019512984886379932,0.22896586524266194,-0.21531098354525383,0.024168284181234314,0.23300100000912533,,,,,,,,,,
4119103,PIEN,PR,24,83,0,0,-0.16798242374255415,-0.2308414676037043,-0.2364040747000799,-0.1304448532170345,0.24924793010841464,,,,,,,,,,
4119152,PINHAIS,PR,24,1346,2,5,-0.019511418469433845,-0.002730421673740996,0.11769051553434143,0.14498691085915244,-0.09432500757800868,0.21690387808960726,0.15700638915607118,0.5398000104937531,-0.20149814827784027,-0.18713485846554165,0.06878361892497915,0.11035279975762986,-0.23882651437293667,0.012041817577478924,0.27632433078332996
4119301,PINHAO,PR,24,31,1,0,0.22035676623718672,-0.31129987170420265,-0.07841877156474457,-0.021860861192798436,0.4853816597762125,0.15584561614612077,0.10951594584932384,-0.15960582506597942,-0.16903085094570333,0.41761654997066977,,,,,
4119400,PIRAI DO SUL,PR,24,71,1,0,0.002114485085106184,0.21495205943352666,0.29437851092039924,-0.029109819068508444,-0.07937937806154027,-0.14356850721551082,-0.1511670118591232,-0.14558367013382342,0.17597653802562396,-0.12837345383073615,,,,,
4119509,PIRAQUARA,PR,24,434,5,2,-0.2710137012123059,-0.33239534095684925,0.0485251077932894,-0.13016052367569722,0.07332833478926803,0.24000907423861795,0.2311110604771687,-0.2910215856069615,-0.07412277684026436,-0.07564093584889488,-0.10603951061323537,-0.11129646084817227,-0.11709949273674157,-0.12353796140044059,0.44372139099270586
4119608,PITANGA,PR,24,142,2,0,-0.18290117295224687,-0.3118525628619282,0.1468045147855902,-0.10183315124705891,0.0667906310879055,-0.1717736338084837,-0.18066417986025618,0.20639412165937618,0.2777460299317655,-0.12837345383073615,,,,,
4119707,PLANALTINA DO PARANA,PR,24,36,0,0,0.0007093215487819303,0.025173044880980502,0.03465392285175998,0.19375658485809324,-0.009191627707350788,,,,,,,,,,
4119806,PLANALTO,PR,24,46,0,0,0.12026266088505934,0.11105225730454724,0.036731548900684946,0.2694842880788876,-0.24629740923442206,,,,,,,,,,
4119905,PONTA GROSSA,PR,24,2986,12,16,0.0973947829572704,0.08078246400089055,0.1850947545921701,0.037197241663944905,-0.0011750216106821206,0.12804555422442268,-0.038753738974248636,0.24147883916121313,-0.04878050505740302,-0.028303146305450156,-0.10203860272580186,-0.10064892908700099,0.22052877533130075,0.2632915619123366,-0.003617920381750846
4119954,PONTAL DO PARANA,PR,24,81,3,2,-0.4340815528786318,-0.2877147322186316,-0.10546686273029413,-0.2649054522789499,0.29885427908293866,-0.10608524687182662,-0.11134924551362411,-0.11716084956187751,-0.12360984849491553,-0.14802951937156295,-0.10608524687182662,-0.11134924551362411,-0.11716084956187751,-0.12360984849491553,-0.14802951937156295
4120101,PORTO AMAZONAS,PR,24,54,0,0,-0.06614836994809324,-0.07402977359915101,-0.20024264268771316,-0.29623878839690476,-0.10934619823546024,,,,,,,,,,
4120358,PRANCHITA,PR,24,22,0,0,0.09596879367174796,-0.10451993191547737,0.25369339023398885,-0.09470657635439061,0.43525992524670637,,,,,,,,,,
4120606,PRUDENTOPOLIS,PR,24,113,0,0,0.16445115803711366,0.11408193349047284,0.012539368771524608,0.06939062937586267,-0.3315422134241031,,,,,,,,,,
4120705,QUATIGUA,PR,24,43,0,0,-0.1774665316665012,-0.1468763409194147,-0.04579310832041076,-0.3834991907332468,0.5797588721118456,,,,,,,,,,
4120804,QUATRO BARRAS,PR,24,350,18,11,-0.24287897434573436,-0.27602465898222706,0.05579351134482519,0.037242462678785886,0.09650158057076917,-0.15589041868151407,0.10955086245975967,-0.1596665001584833,-0.16910276367005675,,0.0052190885240279055,0.11359666617992811,-0.10868200418440772,-0.30765469944807317,-0.18610323617140284
4120853,QUATRO PONTES,PR,24,39,1,0,0.06318471851901505,0.02239823174875813,0.1305760965010157,0.2946039966847196,0.532705584684262,0.34309968129444224,0.3805256870953796,-0.16083263654572127,-0.15469399651615295,0.50709255283711,,,,,
4120903,QUEDAS DO IGUACU,PR,24,115,0,0,-0.16781115920884468,-0.11344838348026699,0.23376049740138952,0.176216485422487,0.18279021297862813,,,,,,,,,,
4121208,QUITANDINHA,PR,24,34,1,0,-0.08606457450551361,0.3651330365404673,-0.3338677538788544,0.23344961897774275,-0.3130843059279076,-0.11897137857108693,0.29171070844368885,-0.11716084956187751,-0.12360984849491553,-0.10793353340882884,,,,,
4121406,REALEZA,PR,24,110,1,0,-0.2645371661123574,-0.368698963797239,-0.18870313081089832,-0.011504897814670468,0.30610223144091386,0.30508307783296046,0.22675051778868482,0.187179004457773,-0.13887301496588275,0.467711978104925,,,,,
4121505,REBOUCAS,PR,24,27,0,0,-0.22507882143248853,-0.3652047326529406,-0.07892988770933897,-0.254724338016035,-0.06264723779132747,,,,,,,,,,
4121604,RENASCENCA,PR,24,42,0,0,-0.09314908729774579,-0.35137248556979445,0.14715468100404658,-0.12524164833226084,0.1656079315655956,,,,,,,,,,
4121703,RESERVA,PR,24,60,2,0,0.008161023654562295,-0.15483140853828556,0.0031228183725031146,-0.12862112447384072,0.19036735969122054,-0.1717736338084837,-0.18066417986025618,-0.1696932866035796,-0.179247713966054,-0.08560080883635282,,,,,
4121802,RIBEIRAO CLARO,PR,24,68,0,0,-0.16028215592340198,-0.3808066186933799,-0.1900068598999578,-0.08333272274446357,0.04551398172135808,,,,,,,,,,
4122008,RIO AZUL,PR,24,44,0,0,0.17148751553993208,-0.27792915726371836,-0.5841456340456199,-0.2293333057539951,-0.4047149726329894,,,,,,,,,,
4122206,RIO BRANCO DO SUL,PR,24,140,1,0,-0.30418119499612845,-0.2745516847855607,-0.18795545752918108,-0.36509495883611165,0.571636645926135,0.12121325700253838,-0.1642739187739858,-0.15960582506597942,-0.16903085094570333,0.32539568672798425,,,,,
4122305,RIO NEGRO,PR,24,267,1,0,-0.0077563716781739594,-0.2759541690869339,-0.01156014860938864,0.07231018690841881,0.1658860979004886,-0.11879247414119364,0.33283124940120196,-0.11709949273674157,0.49415184560176234,-0.10793353340882884,,,,,
4122404,ROLANDIA,PR,24,848,4,1,0.08182809432400577,-0.0005235897761956524,-0.1412687303766298,-0.1928871733384352,0.28579806190579066,0.13808162173214344,-0.09158489617876751,0.1389479779742632,0.32851147026588995,-0.378528178725907,0.11266655417048847,-0.20426810464901227,-0.20214987702065615,0.39080336836735774,-0.20528572777068282
4122503,RONCADOR,PR,24,24,0,0,-0.1615457840231537,-0.16740761411603838,-0.05530273632248661,0.1667783516198341,-0.01567482841055192,,,,,,,,,,
4122602,RONDON,PR,24,131,1,0,-0.17322142317148814,-0.28324518748020094,-0.04395060213192076,0.13588101060103924,0.5780472201161798,-0.1312525635516668,-0.1380498647283479,-0.14558367013382342,-0.15397947077242097,0.44372139099270586,,,,,
4122701,SABAUDIA,PR,24,118,2,0,-0.17480047957124462,-0.3637489099555407,-0.42567636726223734,0.1857114775982542,0.24187395722648442,-0.1436572118932451,-0.1512703739305911,-0.15972724450162,-0.1691747682565304,,,,,,
4123303,SANTA CRUZ DE MONTE CASTELO,PR,24,20,0,0,-0.28833784313456345,-0.11161133609856802,-0.23869568807295016,0.006159242410501489,0.16755022866775005,,,,,,,,,,
4123402,SANTA FE,PR,24,33,0,0,0.06648402217480645,0.13221688710929244,0.30977245659273117,0.13630919811709843,0.2658416210878895,,,,,,,,,,
4123501,SANTA HELENA,PR,24,179,2,0,0.05502330016211798,-0.013098904903932661,-0.04116505376506217,-0.16229587738247525,0.2492184495349594,-0.1312968084757456,-0.13810125124221703,-0.13152996260015795,-0.13894392281577547,-0.10793353340882884,,,,,
4123709,SANTA ISABEL DO IVAI,PR,24,30,0,0,-0.16642952269702252,0.05613311921464376,0.23850087375061468,0.42925237665300586,0.5238763203339338,,,,,,,,,,
4123808,SANTA IZABEL DO OESTE,PR,24,52,0,0,0.12709633561997852,0.12091308607345015,0.010381415261410178,-0.21968556188923066,-0.45081910603348446,,,,,,,,,,
4123907,SANTA MARIANA,PR,24,32,0,0,0.26795736564871286,0.08593767127655429,-0.00321657955030739,-0.3260085011286613,-0.3011986620953216,,,,,,,,,,
4124020,SANTA TEREZA DO OESTE,PR,24,154,2,0,-0.16503980638520102,-0.16011567235714164,0.14997987704399995,-0.30062180778310726,0.27119258075403013,-0.1717736338084837,-0.18066417986025618,-0.1696932866035796,0.16132294256944857,0.35302699803452436,,,,,
4124053,SANTA TEREZINHA DE ITAIPU,PR,24,210,1,0,-0.19615974099925265,-0.33596987588647553,0.03874180351958541,0.047272104431276094,0.14796457486305023,-0.16816225395433357,-0.17745307757998113,-0.17365294618974278,0.40922379553556737,,,,,,
4124103,SANTO ANTONIO DA PLATINA,PR,24,233,2,0,-0.05317202390595651,0.009851912400350899,0.284594846799425,0.17897972569109488,-0.08275230653246472,0.45070477725252095,-0.2377854672490602,0.1590124347568291,0.24525573579398632,-0.21560984046602585,,,,,
4124400,SANTO ANTONIO DO SUDOESTE,PR,24,36,1,0,0.00025779498362735653,-0.19226796260641751,0.11926802353906989,0.002269126017580307,0.17486392912546928,0.28595333635486664,-0.17750655146324398,0.1737146894614502,0.2046935302856007,-0.1670466199882679,,,,,
4124509,SANTO INACIO,PR,24,80,0,0,0.04833113186104778,0.24558323223164244,0.044036782070943435,-0.3237467181464748,-0.30071237236315346,,,,,,,,,,
4124608,SAO CARLOS DO IVAI,PR,24,45,0,0,-0.09021020269537253,-0.04990565233330651,-0.23081485343225397,-0.09690013465038885,-0.21536445569045248,,,,,,,,,,
4124806,SAO JOAO,PR,24,91,0,0,-0.41545500013723596,-0.40950301085755836,0.05930573593472675,-0.08907689867497084,0.02666311182206424,,,,,,,,,,
4125001,SAO JOAO DO IVAI,PR,24,32,0,0,0.14945800694372868,-0.05234696788720062,-0.22204712003551563,0.21171372490889492,-0.29254801830876986,,,,,,,,,,
4125100,SAO JOAO DO TRIUNFO,PR,24,27,0,0,-0.18051761167589148,-0.19857092769401896,0.2113997283821921,0.44795595574246816,0.15819881302112615,,,,,,,,,,
4125209,SAO JORGE D'OESTE,PR,24,42,0,0,-0.06106691939102476,-0.16578972228666997,0.08365414555625474,0.3407458002343731,-0.07155791391356868,,,,,,,,,,
4125506,SAO JOSE DOS PINHAIS,PR,24,3895,15,7,-0.18207525350524362,-0.3926717427544073,0.0992790083402232,0.087912444697435,0.12929913477618465,-0.0896782592175987,-0.37743567594698435,-0.12026261652478311,0.215480639723785,0.29231988082174637,-0.214903671624183,-0.009836541419049325,0.07779954634875967,-0.2528781691270574,-0.21560984046602585
4125605,SAO MATEUS DO SUL,PR,24,197,1,0,0.487933992246953,0.09597952605478086,0.11107963041601512,0.27574717744160926,,-0.07860336953666276,-0.08233397804228353,-0.06892827280530912,-0.07245688373094719,,,,,,
4125704,SAO MIGUEL DO IGUACU,PR,24,219,2,0,-0.24361200982676065,-0.25201201673075707,0.07577019821754744,0.15608229852065758,0.6128971006835512,-0.19323863580839576,-0.2043814295424172,-0.2022803383940429,-0.215098344688742,,,,,,
4125753,SAO PEDRO DO IGUACU,PR,24,25,0,0,-0.18599533488265266,-0.20475781344427071,-0.08166667987184413,-0.055372237393970174,0.25532788933090816,,,,,,,,,,
4125803,SAO PEDRO DO IVAI,PR,24,33,1,2,-0.05019783816930724,-0.12722298414398317,0.2548576853058957,-0.14990696435141154,0.12027807700947706,0.16171434134392007,-0.15137394831720788,0.2997167652514992,-0.16931905379939433,-0.18660217335674506,-0.14374608119459562,-0.15137394831720788,0.2197922945177661,0.3809678710486372,0.1332872666833893
4126207,SAPOPEMA,PR,24,40,0,0,-0.041716837264812505,-0.10244863536394049,0.037493667145103875,0.11050329666691029,0.06696482794934293,,,,,,,,,,
4126256,SARANDI,PR,24,399,2,0,0.22248894668445043,0.06512860852939155,0.10390901826581146,-0.034459439419547745,-0.05108958536861273,-0.14356850721551082,-0.1511670118591232,-0.14558367013382342,-0.15397947077242097,0.5455871787806285,,,,,
4126306,SENGES,PR,24,196,3,0,-0.07782598621239771,0.056150202654206116,0.13534133871921647,-0.07315824200696051,0.20423752392302155,0.10319344501161656,0.05228869856160021,0.4401178648243004,-0.22324035166731424,-0.14790713033090194,,,,,
4126504,SERTANOPOLIS,PR,24,41,0,1,0.060117223022220834,-0.19734292443737575,0.1303436307173647,0.3522339335532549,0.17431537044756934,,,,,,0.2256133386548836,0.17045980924040188,-0.20247650492314945,-0.21533372503787265,0.1540601341789225
4126603,SIQUEIRA CAMPOS,PR,24,101,2,0,-0.1859976720140912,-0.2819433511997199,-0.28055333305101815,0.004129098874725672,-0.012661086786856323,-0.15593525987866802,-0.16437871873282672,0.4191245629160187,,,,,,,
4126678,TAMARANA,PR,24,22,5,0,-0.1911592156156155,-0.3328810936939616,0.09969646833968364,0.17822605195721333,-0.012558624889021177,-0.18081241768681364,-0.19104293587253485,-0.18793865726554423,0.10238763029321804,,,,,,
4126702,TAMBOARA,PR,24,29,0,0,-0.31864054906792666,-0.3475755442131054,0.1456914178635358,-0.022976140179098267,0.12758289000196488,,,,,,,,,,
4126801,TAPEJARA,PR,24,93,0,0,-0.06641787656375138,-0.10952717395675544,-0.1108912393631648,0.15195989079978955,0.1821202450782236,,,,,,,,,,
4127106,TELEMACO BORBA,PR,24,644,5,0,-0.19321963167526715,-0.3303793617349119,0.04195255336168914,-0.060030829037476675,0.3740329694714834,-0.21498444729763275,-0.22633415338874044,-0.21283325259742883,0.08717577666186327,,,,,,
4127205,TERRA BOA,PR,24,76,2,0,-0.21904291355759026,-0.13262805841975733,-0.121551694878423,0.07659073168853694,-0.1580776761087511,-0.09281641882036987,0.48661694024722457,-0.10228935226457879,-0.10778802002732395,-0.1080657239463167,,,,,
4127304,TERRA RICA,PR,24,136,2,0,-0.09864087177815525,-0.14833328156713294,-0.02801201667141168,0.07733322032025369,-0.03484960258725003,-0.13134109817458522,-0.13815269518188256,0.20814862425070862,-0.15412158383522445,,,,,,
4127403,TERRA ROXA,PR,24,32,2,0,-0.14716345848325804,-0.28686804955644546,-0.3123228019869797,-0.29881775670168187,0.032376571941906386,-0.01216470599796676,0.06425427330270479,-0.08170469662823925,-0.05791687722381825,-0.27128975439762093,,,,,
4127601,TIJUCAS DO SUL,PR,24,43,0,0,0.002528750165272597,-0.2166785527170035,0.01738419015130598,0.1378332987406409,0.2922349730638305,,,,,,,,,,
4127700,TOLEDO,PR,24,1987,12,1,-0.2240414515031469,-0.3530540780228415,-0.23555065536475614,-0.17988394158949994,0.4769551016369663,-0.3020665253621372,-0.24082594798891507,-0.24288652422419263,-0.3192254709524041,0.505807093930486,-0.15584561614612077,-0.1642739187739858,-0.15960582506597942,0.33806170189140666,0.26623283459562347
4127882,TUNAS DO PARANA,PR,24,38,0,0,0.03744066487404062,-0.13204142007753977,0.10833594093153645,-0.1653309140665767,0.09077373972805168,,,,,,,,,,
4127965,TURVO,PR,24,56,0,0,0.050536941897570166,0.155681131434005,0.37761573601642134,0.10797193884838563,0.024379029553914935,,,,,,,,,,
4128005,UBIRATA,PR,24,231,1,0,-0.06938302657255314,0.16356588397842362,0.3509565700210396,0.47745358121704695,0.2379114318824698,-0.11879247414119364,-0.12481171852545074,-0.11709949273674157,-0.12353796140044059,-0.10793353340882884,,,,,
4128104,UMUARAMA,PR,24,949,4,2,-0.21559498612740516,-0.15948937267510488,0.02999689397356087,-0.09604919790729578,0.1541602484629122,0.053286859038941044,-0.20174196763566252,-0.21272179238941938,0.15282595706821134,0.21787042023951098,0.21466603062011083,0.241651393691659,0.2036319439242955,-0.179247713966054,0.3146776205737795
4128203,UNIAO DA VITORIA,PR,24,531,2,1,0.14849653587236084,-0.08848971799198244,0.008247094176769157,-0.04539376169121115,0.3288798402754793,-0.16816225395433357,0.17745307757998113,-0.17365294618974278,-0.18415070799100533,,-0.16816225395433357,-0.17745307757998113,-0.17365294618974278,0.40922379553556737,
4128500,WENCESLAU BRAZ,PR,24,48,0,3,-0.28589047721104394,-0.20363231347386745,-0.1934119087494563,0.09363976228271924,0.4687626185467603,,,,,,-0.20740340660867612,-0.21858713800462334,-0.21073144955062867,-0.2231374522142017,0.5455871787806285
4128534,VENTANIA,PR,24,92,0,0,-0.22098086246734847,-0.0161242678297453,0.1618073136895453,-0.3779685236195339,-0.10062499497817719,,,,,,,,,,
4128609,VERE,PR,24,38,1,0,-0.05711450982380776,-0.3092454215225111,-0.08824414317065554,0.029219537946567602,-0.37705476506726465,-0.10622281154626695,-0.11150805126892994,-0.10228935226457879,0.40420507510246484,-0.10793353340882884,,,,,
4128708,VITORINO,PR,24,55,0,0,0.07735699529992508,-0.27288419069288755,-0.035819570799187385,-0.07823967902727942,0.0041185445749708635,,,,,,,,,,
4200101,ABELARDO LUZ,SC,24,102,0,0,0.06973613984490568,-0.18311826646374804,-0.13645764784420264,-0.06195460617043397,0.238145522144678,,,,,,,,,,
4200200,AGROLANDIA,SC,24,96,3,0,-0.13992471947655444,-0.14533998986007537,-0.022659156472562392,0.09581249865913229,-0.04472309440453167,0.0015191503409138468,0.11163106191195489,-0.25154039201289813,0.10032893186259931,0.2824435793280246,,,,,
4200408,AGUA DOCE,SC,24,32,0,0,-0.5334559925010608,-0.415275816356928,-0.27666239112542423,-0.3185035786281254,0.21581999913672,,,,,,,,,,
4200606,AGUAS MORNAS,SC,24,26,0,0,-0.2240338518539835,-0.19618199526915478,-0.023896901054953266,-0.25136255381874684,0.3530787734301309,,,,,,,,,,
4200804,ANCHIETA,SC,24,24,1,0,0.19631141862642867,-0.013537685595157549,-0.032434515729674464,-0.11783910098508468,0.05335918916045582,-0.15634057964943981,0.16485281312178152,-0.16027708173697894,-0.16982697582168213,0.4768021261059332,,,,,
4201208,ANTONIO CARLOS,SC,24,92,1,0,-0.6806739389853246,-0.3303325705237578,-0.26278076686679686,0.11135234679626713,0.4429066684913282,-0.1312525635516668,-0.1380498647283479,0.27036967310567206,0.3959472105576539,,,,,,
4201257,APIUNA,SC,24,41,2,0,-0.5090597330704404,-0.11520308125134542,0.08815430713948304,0.08529754061559246,0.6241821231940827,-0.13134109817458522,-0.13815269518188256,-0.13152996260015795,0.23157320469295908,-0.14802951937156295,,,,,
4201273,ARABUTA,SC,24,36,0,0,-0.449902512003428,-0.06635065268477273,-0.4646991143421873,-0.2122130190493518,0.2625472057043648,,,,,,,,,,
4201307,ARAQUARI,SC,24,978,6,0,-0.3354348737465908,-0.37391202914808164,-0.018376564193035724,-0.048948663079500736,0.6047400350152524,-0.23577210273945112,-0.15293759019628658,0.135728312595734,-0.2075629014560489,0.3740660010403623,,,,,
4201406,ARARANGUA,SC,24,518,4,2,-0.10104067706042338,-0.23299470385145785,0.00884793467213048,0.03792174796486868,0.0018447742525532073,-0.12182390699828455,0.2052275611846175,-0.28993837966622105,0.08549819600709617,-0.24308853833436805,0.15584561614612077,-0.1642739187739858,-0.15960582506597942,-0.16903085094570333,-0.1670466199882679
4201505,ARMAZEM,SC,24,63,0,0,-0.09554986916147268,-0.10469262533366652,0.12789732121538175,0.3543624099379881,0.5566778792428008,,,,,,,,,,
4201703,ASCURRA,SC,24,77,1,0,0.34016277190078564,0.17186819385388719,0.5415891879016127,-0.012170115866650719,-0.09879363274258826,0.3769837023965358,-0.1512186664008184,-0.1596665001584833,0.2959298364225993,,,,,,
4201901,AURORA,SC,24,45,2,0,-0.4126090723792034,-0.24097100195165616,-0.10814176798457267,0.1293417931361612,-0.16183146278209137,-0.2079208318885809,0.08219546929617809,0.1509429077230219,0.01598784776350044,-0.2157882516181635,,,,,
4201950,BALNEARIO ARROIO DO SILVA,SC,24,23,1,0,-0.27475623681785316,-0.4469987314092163,0.11666896043253894,-0.26966529323904903,-0.13024701806293193,-0.21895724146267445,-0.23209210055749657,0.16035674514745463,,,,,,,
4202008,BALNEARIO CAMBORIU,SC,24,1424,4,12,-0.22666511150652777,-0.3108118354701009,0.2898880973477372,0.2137595473078035,0.3617763670000318,0.002487311014168785,0.3869039624826068,-0.21272179238941938,-0.22495409568451666,0.17248787237282068,-0.3599483070545019,-0.15524502238750953,0.3624427498873426,-0.15725735205829458,-0.007179986397079907
4202057,BALNEARIO BARRA DO SUL,SC,24,28,0,2,-0.07778676758040964,-0.30960345212241563,0.0006698733593496952,-0.07890276727247471,-0.24812517131657902,,,,,,-0.16834484060307353,-0.1776672636296754,0.21231795378621687,-0.18422417725704063,
4202073,BALNEARIO GAIVOTA,SC,24,29,0,0,-0.22328555312565532,-0.14825432913099448,-0.18326943206012203,0.005197191965064279,0.25810224335190507,,,,,,,,,,
4202107,BARRA VELHA,SC,24,308,1,1,-0.13534931361543268,-0.1428869321151936,0.1568725486776655,-0.17068477401521825,0.11076703694819806,-0.15584561614612077,-0.1642739187739858,-0.17365294618974278,0.40922379553556737,0.07491420992356691,-0.15584561614612077,0.18252657641553977,-0.17365294618974278,-0.18415070799100533,-0.22474262977070078
4202206,BENEDITO NOVO,SC,24,108,0,0,0.2511282201313852,-0.06137507868258684,-0.06116933838943796,-0.23725122397873286,0.033003480070417604,,,,,,,,,,
4202305,BIGUACU,SC,24,721,1,0,-0.3836483044677549,-0.4661806722862116,-0.12683276483316874,-0.046477394542378786,0.3402716785267839,-0.14361283900820412,-0.1512186664008184,-0.1596665001584833,-0.16910276367005675,-0.20541351223856336,,,,,
4202404,BLUMENAU,SC,24,4789,10,34,-0.3958452284712489,-0.5194333041606244,-0.05217218169631083,-0.047227574937253124,0.4464353691178762,-0.28019503692675046,-0.2955805722128683,-0.282406893484698,-0.29937694636794854,0.02029251677808528,-0.43632948336804445,-0.5426685191991932,-0.2931255536228931,-0.39042894087820335,0.3153903732383514
4202453,BOMBINHAS,SC,24,103,4,0,-0.24859309641909255,-0.26857542632014453,0.05058346837522296,-0.3672015683870483,0.004030311379606878,-0.22535238862626047,-0.2377854672490602,0.43367027660953394,-0.24525573579398632,-0.20528572777068282,,,,,
4202602,BOM RETIRO,SC,24,23,2,0,-0.1986257970891268,0.10879209623669539,-0.1598493147044216,0.013807063136339106,0.07208809411238945,-0.11883712457469715,0.3954008018201126,-0.11716084956187751,-0.12360984849491553,,,,,,
4202701,BOTUVERA,SC,24,93,2,1,-0.1269639762921065,0.03732831777462847,0.1541031608991706,0.2695713584730916,0.3220086201509499,0.23337086338833168,0.1512186664008184,0.4191245629160187,0.35934337279887063,-0.167169043324589,-0.14361283900820412,-0.1512186664008184,-0.1596665001584833,-0.16910276367005675,0.47364562275300215
4202800,BRACO DO NORTE,SC,24,376,0,1,-0.16674726207107268,-0.17797512982471803,0.09316795118742757,0.04227764461356165,0.3644010104602621,,,,,,-0.14361283900820412,0.3024373328016368,-0.14564381625088382,0.2860937451191654,0.5028842431250666
4202859,BRACO DO TROMBUDO,SC,24,32,1,0,0.14069228229553216,0.26573756750847294,0.12397282555885344,0.36165881912276854,0.21975199202014156,1.0,-0.04545454545454546,-0.04761904761904761,,,,,,,
4202909,BRUSQUE,SC,24,1755,0,1,-0.04430402557819899,-0.1470920209014881,0.2798516974228031,0.23117716938955127,0.351327952068623,,,,,,-0.11879247414119364,-0.12481171852545074,0.24102772693636382,-0.13887301496588275,-0.14790713033090194
4203006,CACADOR,SC,24,601,0,0,-0.012255049201302649,-0.07909929225698278,0.09279700582064491,-0.012319579982787656,-0.02364546475677689,,,,,,,,,,
4203105,CAIBI,SC,24,57,1,1,0.16878638515409777,-0.07534134875173813,0.03794014278930517,0.2398037029095068,0.41139735975163905,-0.10603951061323537,-0.11129646084817227,-0.10222556095668148,-0.09096678634074566,-0.05882352941176471,0.40295014033029436,0.3116300903748823,0.5366841950225778,-0.09096678634074566,-0.05882352941176471
4203204,CAMBORIU,SC,24,437,1,2,-0.3413532753369492,-0.5069690051616431,0.02223534433111249,0.08699170651997425,0.5972028804472118,0.08417242030153677,-0.1776672636296754,-0.17390031518436025,-0.1844451137872728,-0.22527393696552758,-0.012171311866494875,-0.2571722499368198,-0.2520054983617653,-0.2676210990030101,-0.072975638311578
4203303,CAMPO ALEGRE,SC,24,145,0,0,-0.19320347400589685,-0.3509766862874519,-0.07183792313436908,-0.2532892850570678,0.5297240155433153,,,,,,,,,,
4203402,CAMPO BELO DO SUL,SC,24,23,1,0,0.029456473996209067,0.0287717668824218,0.1357491445797411,0.04822428221704121,-0.26025640253572124,-0.11879247414119364,0.2912273432260517,0.3044586811155281,-0.12353796140044059,-0.10793353340882884,,,,,
4203501,CAMPO ERE,SC,24,39,0,0,0.08741380604937382,0.03390869384648712,0.14874155166814618,0.1846137079931915,0.32365562490510186,,,,,,,,,,
4203600,CAMPOS NOVOS,SC,24,369,1,0,0.05530098787831819,-0.061943252573583324,-0.1873979127503856,-0.23689679381479825,-0.02423201908766489,0.3938904254272368,-0.13810125124221703,-0.13152996260015795,-0.13894392281577547,-0.14802951937156295,,,,,
4203709,CANELINHA,SC,24,76,1,1,-0.08754778250574727,-0.17438428757814248,0.007563071942012531,0.11711792102585869,-0.045116053279119855,-0.180859254215947,-0.19109807887725447,-0.18812903920590088,0.2597527341333174,-0.22500781290692462,-0.180859254215947,-0.19109807887725447,-0.18812903920590088,,
4203808,CANOINHAS,SC,24,320,1,6,0.25985392395657014,0.07543731160513287,0.29621380861435614,0.2541669867709369,0.004733991029262135,-0.11883712457469715,-0.1248634111010882,-0.11716084956187751,0.49443939397966213,,-0.2540844599930804,-0.2678021818176189,-0.035529251710027604,0.11444048226643268,0.4679383110793329
4203907,CAPINZAL,SC,24,174,2,0,0.04425548306518179,-0.16896826318602137,0.10569119145628869,-0.011957792483247735,0.44042906052997327,-0.15593525987866802,0.2739645312213778,-0.15972724450162,-0.1691747682565304,,,,,,
4203956,CAPIVARI DE BAIXO,SC,24,97,0,0,-0.2429799849789965,-0.10257261164667003,0.19734692755068725,0.27473254711124534,0.2878450627540578,,,,,,,,,,
4204004,CATANDUVAS,SC,24,71,0,0,-0.22123205990435713,-0.14651126789082894,-0.08034337562709215,-0.1182661691846565,-0.2815037501446982,,,,,,,,,,
4204202,CHAPECO,SC,24,3453,6,4,-0.04616815732982619,0.054871021566180754,0.20718956497352797,0.18869202793022635,0.16378781791513836,0.16686639443781767,0.09452746251956266,-0.17039525083228357,-0.18007351439963426,-0.14914486848150293,0.2514812921517958,-0.1492430092290261,-0.1252144257397936,-0.1319389811118841,-0.08574929257125442
4204251,COCAL DO SUL,SC,24,194,1,0,-0.06140138748806519,0.03562914011108936,0.33279323234639885,0.11600550911039621,0.15373669374418086,-0.11888182539424856,0.37474550387295996,-0.11722230293592323,-0.12368186122953842,-0.12849851324064712,,,,,
4204301,CONCORDIA,SC,24,750,6,0,-0.08513774092471649,-0.0016403241746706376,0.059700484112148004,0.054489219611623584,0.3365274837450335,-0.2776971486610099,-0.202721155088635,0.299196247340179,0.23363502938075878,0.434752668617103,,,,,
4204350,CORDILHEIRA ALTA,SC,24,94,0,0,-0.3848167594149513,-0.41412301761671994,-0.17142021175437533,-0.17861823416647368,0.4887151414670145,,,,,,,,,,
4204400,CORONEL FREITAS,SC,24,74,0,0,-0.029880385565954976,-0.158662788694523,0.21612865193469968,0.05532425555527807,0.03696978867636772,,,,,,,,,,
4204509,CORUPA,SC,24,276,2,0,-0.3119998048951128,-0.4456497264739494,-0.010412538713344568,-0.013951978726485521,0.4242771397476081,-0.17183819822865823,0.12049266969288179,-0.1697822010904791,0.5559912580490995,0.1637430011573489,,,,,
4204558,CORREIA PINTO,SC,24,59,2,0,0.004074067698546901,-0.04091164408511786,0.2508763001472383,0.0749633702778218,0.13112410684419198,-0.1717736338084837,0.15055348321688017,0.1696932866035796,-0.179247713966054,-0.15733881028688976,,,,,
4204608,CRICIUMA,SC,24,2441,8,10,-0.17903312419224682,-0.322744188971596,-0.050451739813869884,-0.04459932436103304,0.1396831962360064,-0.14249044841579658,-0.40318487601868813,0.16456143875543855,-0.16754156331667822,0.4866102913454888,-0.22759781695685244,-0.14156504132637018,-0.23185580248855248,0.27266100440586505,0.23419796570082915
4204707,CUNHA PORA,SC,24,95,0,0,-0.061376200542444054,-0.07133142780881177,-0.18062922163595865,-0.11056630274733499,0.2623171433359689,,,,,,,,,,
4204806,CURITIBANOS,SC,24,238,2,3,-0.04401579001589208,-0.12536547576841242,-0.0492898473124494,0.014741821100508031,0.31160244843445023,0.3768673314407159,0.26454227075346565,0.22877433878172254,-0.15397947077242097,0.4172137249498924,-0.20740340660867612,-0.21858713800462334,-0.21073144955062867,-0.2231374522142017,-0.12837345383073615
4205001,DIONISIO CERQUEIRA,SC,24,44,0,0,-0.35296281779523475,-0.36278364318837697,-0.06541733767757722,0.3269577319682471,0.5099340669767056,,,,,,,,,,
4205159,DOUTOR PEDRINHO,SC,24,23,0,0,0.01569133806071103,-0.34045352588225325,-0.08363593251757263,-0.3236729223356599,-0.10458831623207712,,,,,,,,,,
4205308,FAXINAL DOS GUEDES,SC,24,170,1,0,-0.1363048991535261,-0.2192483201144089,0.20582526882531088,-0.0756290612487605,0.6260093940204807,-0.13134109817458522,0.21709709242867256,-0.13152996260015795,0.41683176844732633,-0.12849851324064712,,,,,
4205357,FLOR DO SERTAO,SC,24,39,2,0,-0.12979932418450466,-0.05424796560588826,0.029621407052316723,-0.09518157075640117,-0.13714787353158786,0.4153311931459038,0.2283154122572278,-0.16083263654572127,-0.1704867852492875,,,,,,
4205407,FLORIANOPOLIS,SC,24,4775,5,46,-0.24503679321966335,-0.3035251252439506,0.20905873273089579,0.3177882603203498,0.5607266051840135,0.5192074952546832,-0.1763138125568306,-0.15701828886553715,0.6205085643421646,-0.15706636192614137,-0.265534514355808,-0.30888880476871666,0.03800333929350072,0.08213083311351614,0.23349196718209453
4205456,FORQUILHINHA,SC,24,336,2,0,-0.2540363243446839,-0.22823412200561904,-0.37378134211940794,-0.19707487155415998,-0.11664329057173306,-0.1312525635516668,-0.1380498647283479,-0.14558367013382342,-0.15397947077242097,,,,,,
4205506,FRAIBURGO,SC,24,189,1,0,-0.08457848280538502,-0.02499732948778814,-0.003851199031213444,0.10839454981688496,-0.1429665290837165,-0.11879247414119364,-0.12481171852545074,0.44497807239961795,,,,,,,
4205704,GAROPABA,SC,24,115,0,0,-0.4215791538235134,-0.5420872860266868,-0.06685684094333776,-0.18055976576051347,0.43229534644429696,,,,,,,,,,
4205803,GARUVA,SC,24,220,2,2,-0.24298481151065998,-0.27304515373691923,-0.2629075921024221,-0.26567507056634215,0.2456298622471572,0.20632355617617168,-0.13810125124221703,-0.13146966923801662,-0.13887301496588275,,-0.1312968084757456,-0.13810125124221703,0.24102772693636382,-0.13887301496588275,0.384558538860345
4205902,GASPAR,SC,24,997,2,0,-0.020773370203954186,-0.08653105663503849,0.09053112875193452,0.22192904758083887,0.49741387976941,-0.22541717298540426,-0.03964354660183687,-0.23137874075420972,0.11170844904990009,0.3040941450065051,,,,,
4206009,GOVERNADOR CELSO RAMOS,SC,24,119,0,0,-0.3566673433130105,-0.41764972349330676,-0.20306178593972857,-0.038044557044322594,0.4860244520344173,,,,,,,,,,
4206108,GRAO PARA,SC,24,70,0,0,-0.2662215831100744,-0.20539167122855745,-0.0074720438089670264,0.07445026201733677,0.43170928361199584,,,,,,,,,,
4206207,GRAVATAL,SC,24,55,0,0,-0.12931681999897823,-0.5292390931056368,0.026138846944786142,-0.20338415189930723,-0.08518804406920447,,,,,,,,,,
4206306,GUABIRUBA,SC,24,223,1,0,-0.03843273518981983,0.11879586683157485,0.1080686631571304,0.17870983398612464,0.3782572964030829,0.2625936169514912,-0.13810125124221703,-0.13152996260015795,0.3010451661008468,-0.1080657239463167,,,,,
4206405,GUARACIABA,SC,24,50,0,0,0.07027987412740043,-0.10737682342756213,-0.10282582008401751,-0.16338585418218743,0.11766543906270165,,,,,,,,,,
4206504,GUARAMIRIM,SC,24,759,3,2,-0.005693221049569954,-0.24676858226427065,-0.025548326128243485,-0.10987524606083172,-0.14747146773409278,0.1261179754864281,-0.17669668773639638,0.19236981187641375,-0.16608186954193074,0.34198686714702664,-0.09276856296835104,-0.09726832530780989,-0.08643572325155013,-0.09096678634074566,0.7276068751089989
4206603,GUARUJA DO SUL,SC,24,35,0,0,-0.13078105814302182,-0.07147070539748333,-0.13318180962032738,0.3094774499884664,0.21641016733614646,,,,,,,,,,
4206652,GUATAMBU,SC,24,174,0,0,0.042964806680156384,0.05774864583667971,-0.04943691445045493,0.12273888543953396,0.18000018986601501,,,,,,,,,,
4206702,HERVAL D'OESTE,SC,24,108,0,1,0.07656092130240524,-0.24225045628866723,-0.4747606494667595,-0.12679033876355447,-0.18396587231928582,,,,,,-0.15593525987866802,-0.16437871873282672,-0.1596665001584833,-0.16910276367005675,-0.14802951937156295
4206900,IBIRAMA,SC,24,178,2,2,-0.0980102152665692,-0.09283924162718218,0.07203976908452353,-0.10782170720516054,0.20881825986699903,-0.22541717298540426,-0.03964354660183687,-0.23137874075420972,0.0,-0.18610323617140284,-0.22541717298540426,0.1717887019412931,0.11568937037710486,-0.24536007774118457,0.07751135839932027
4207007,ICARA,SC,24,680,2,1,-0.14427935973631933,-0.4187705397290305,-0.10777252923881339,0.0034791554366309335,-0.037934271429544704,0.21471704226060462,-0.18066417986025618,-0.1696932866035796,-0.179247713966054,0.258731808559231,-0.11879247414119364,-0.12481171852545074,0.49181786949431466,,
4207106,ILHOTA,SC,24,107,0,0,-0.04292122537404561,-0.2466650435664581,0.35766926817013417,0.47610045672609425,0.48357860109132883,,,,,,,,,,
4207304,IMBITUBA,SC,24,295,1,1,-0.13953336242499353,0.04009581424198654,0.18875287111990813,0.26335119572559706,0.32212089925285603,0.3937576906550004,-0.1380498647283479,-0.13146966923801662,-0.13887301496588275,-0.14790713033090194,-0.1312525635516668,0.2366569109628821,-0.13146966923801662,-0.13887301496588275,0.44372139099270586
4207502,INDAIAL,SC,24,762,1,0,-0.3872346348128096,-0.4438674976391452,-0.10017720440827786,-0.12173094756436903,0.6209303130691285,-0.16816225395433357,-0.17745307757998113,0.40519020777606646,,,,,,,
4207650,IPORA DO OESTE,SC,24,39,0,0,0.3222648050943581,0.0006599224061337999,0.21151768007609276,-0.11597532683120239,-0.2605664684948565,,,,,,,,,,
4207684,IPUACU,SC,24,44,0,0,-0.27397286577096946,0.018215354756601635,0.2536521525943997,-0.07223430905871654,0.03899682266908973,,,,,,,,,,
4207700,IPUMIRIM,SC,24,81,0,0,0.11947395964611598,-0.008956403812351254,0.1108796316601333,-0.07119372691895526,-0.3004371984870121,,,,,,,,,,
4207809,IRANI,SC,24,52,0,0,0.17711076706792117,0.04134521146574951,0.10282678982452151,0.17913294909768898,0.0026815241416697417,,,,,,,,,,
4208005,ITA,SC,24,37,0,0,-0.26405155645927453,-0.26087885250702375,0.39658639770988313,-0.12599187772294113,-0.06971051589509769,,,,,,,,,,
4208104,ITAIOPOLIS,SC,24,81,1,1,0.3576983550528954,0.16364029190252538,0.0898162250423638,-0.11168167244194568,-0.2506445214557995,-0.1312525635516668,-0.1380498647283479,-0.13146966923801662,-0.13887301496588275,,-0.1312525635516668,-0.1380498647283479,0.24102772693636382,-0.13887301496588275,-0.10793353340882884
4208203,ITAJAI,SC,24,3800,18,8,-0.2643949913537682,-0.36325333857410974,0.16070719455086754,0.12947224613358832,0.23378328409027327,0.07553931665879568,0.0984502452975522,-0.2347551834440711,0.014213700144463215,0.1092488796294243,-0.32591755487910706,-0.0997931436182874,0.1536070097295217,0.1591843499931502,0.25154481387703015
4208302,ITAPEMA,SC,24,567,3,2,-0.2805115166373631,-0.2223495153419254,0.11562862004563715,0.13491595186438887,0.3165622432614164,0.03398792510220617,-0.250780033096736,0.26509780872319333,-0.22341689809980017,0.18263265100276752,-0.1312525635516668,-0.1380498647283479,0.4367510104014703,0.26396480703843594,-0.1670466199882679
4208401,ITAPIRANGA,SC,24,267,2,0,0.15564971589184468,-0.09160496078076658,-0.13464326407821342,-0.024668399838706008,0.08534163042998276,0.06997748771657282,-0.2964171247052767,0.2136702916058189,0.2900248189000142,0.0,,,,,
4208450,ITAPOA,SC,24,247,1,1,-0.3910098352758901,-0.22697988856515613,0.2661117323722342,0.0782801388444256,0.07963579533887398,0.08410392245731371,-0.17750655146324398,-0.17365294618974278,0.40922379553556737,0.28226787568468886,-0.16820784491462742,0.2307585169022172,-0.17365294618974278,0.08184475910711347,0.436232171512701
4208500,ITUPORANGA,SC,24,163,0,1,-0.03138320626767607,0.029004056510133488,0.1465004756029339,0.16402730604132096,0.3038581100089087,,,,,,-0.15593525987866802,-0.16437871873282672,-0.1596665001584833,0.3804812182576277,
4208708,JACINTO MACHADO,SC,24,56,0,0,-0.1615479856207392,0.09096839829377508,0.269302404478095,-0.027191204783433037,-0.12109736044941105,,,,,,,,,,
4208807,JAGUARUNA,SC,24,165,2,3,0.06122066361553817,-0.20219026492488798,0.1424452019046787,-0.0789221014093787,0.11046940284326605,0.3087517286929038,-0.012558836732540575,-0.01361744943803987,-0.2895843861190912,0.48509407856645803,0.08502416594341343,0.32291942449601485,0.27080348223095824,-0.04131745415934297,0.15818966880867139
4208906,JARAGUA DO SUL,SC,24,2558,7,1,-0.03575238741706549,-0.11264088238707241,0.18316147866132973,0.27954619410098286,0.18865001515601737,-0.07456686026083512,0.29717228970468196,-0.11865466700184994,-0.3466775443657144,0.01641281283090892,-0.11879247414119364,-0.12481171852545074,-0.11709949273674157,-0.12353796140044059,-0.12837345383073615
4209003,JOACABA,SC,24,372,5,3,-0.31677272468747586,-0.47665181385908517,-0.2161080163500375,-0.019220241628715273,0.5666627792146774,0.09865723536929825,-0.20861731638973613,-0.18601921439430782,-0.1965107181472809,-0.2364705238370121,-0.13401627110983003,-0.14064976601741078,-0.12511516736054804,-0.13182339722538647,-0.10793353340882884
4209102,JOINVILLE,SC,24,10641,22,29,-0.33135479401967666,-0.3922206461065884,0.08076086839035619,0.1538525613537679,0.13720626211474374,-0.09668142404275683,-0.2509963134188633,0.3522403773690005,0.2983324820249321,0.2654338993576442,-0.3397060765467918,-0.20803224515352603,0.10172844177625825,-0.2684176074757406,-0.12383907523268177
4209300,LAGES,SC,24,1069,10,3,0.11512227649762018,-0.08212015532640593,0.07299998785744787,0.045458132885627535,-0.11149135707644381,-0.25884392723636207,-0.03368122958047105,0.02001725004677323,0.32757436986239175,0.4679383110793329,-0.15318788335166178,-0.1609344164950321,-0.14797085841925586,-0.15609177071190494,0.7276068751089989
4209409,LAGUNA,SC,24,112,1,0,-0.3254292868065054,-0.3386084636990823,-0.040786137411138436,0.1241336711124898,0.150366750044112,-0.16834484060307353,0.10660035817780521,0.251189344155187,0.28691462144686875,-0.20579830217101067,,,,,
4209508,LAURENTINO,SC,24,61,1,0,0.036199029626151374,-0.11474561431632282,0.08024778978456933,-0.22021111839305244,0.22272877523020532,-0.14379057773836207,-0.15142581535601532,0.31248150613994535,,,,,,,
4209607,LAURO MULLER,SC,24,116,1,0,-0.07577884165913391,-0.14472363636317837,-0.09807353533317256,0.08096157455958675,0.04480231618669371,0.48703495558384285,-0.09726832530780989,-0.08643572325155013,-0.09096678634074566,-0.08560080883635282,,,,,
4209904,LONTRAS,SC,24,100,0,0,0.25726658687030624,0.29573460105250676,0.11292452208191699,-0.0957084276690256,0.19501861021409658,,,,,,,,,,
4210001,LUIZ ALVES,SC,24,147,0,0,-0.12117133130993574,-0.4063662039939087,-0.055893963784038006,0.0526028595015352,0.11210815100732702,,,,,,,,,,
4210035,LUZERNA,SC,24,47,1,0,-0.25456602083499735,-0.18211341929052302,-0.012939372728554206,0.14285714285714285,0.33696502384397825,-0.1314742366762554,0.2370983530756024,-0.14588514834059396,-0.15433549314543446,0.4746908148060868,,,,,
4210100,MAFRA,SC,24,516,3,2,0.11394723561217684,0.06490822832843195,0.03833063830507126,0.0787372647390185,-0.019188413355419463,0.010846682402141018,-0.022891862443729413,0.25257841014136084,0.26786324403914596,0.47341790589148297,-0.20766382210939702,0.08208302674107883,0.49749371855331,0.3521153786082036,-0.12837345383073615
4210407,MARACAJA,SC,24,26,0,0,-0.013818636470221387,0.007690318692611648,0.3196815003753626,0.5148008933025,0.05210027516553273,,,,,,,,,,
4210506,MARAVILHA,SC,24,401,1,1,-0.15150218886650654,-0.34786714536531516,-0.21797786516668094,0.0008706389543524897,0.38195048324326697,-0.11879247414119364,-0.12481171852545074,-0.11709949273674157,-0.12353796140044059,0.35302699803452436,-0.11879247414119364,-0.12481171852545074,0.3512984782102247,-0.12353796140044059,0.48140045186526054
4210605,MASSARANDUBA,SC,24,116,0,0,-0.3827711632902468,-0.4659828500814255,-0.08174745416846235,-0.0032768858965492665,0.42748927350745797,,,,,,,,,,
4210803,MELEIRO,SC,24,43,2,0,-0.01916129876975122,-0.04164573800111468,0.1634441368179991,-0.07255647966964388,-0.07878088816342718,0.11455879881910548,-0.18073900453932268,-0.1697822010904791,0.2690280280882739,0.6549720046293956,,,,,
4210902,MODELO,SC,24,32,0,0,-0.042919120369560436,-0.2349827015176555,0.3276498057627187,0.2669272751274618,0.18703000141999063,,,,,,,,,,
4211009,MONDAI,SC,24,61,1,0,0.35238339847717287,0.07470213610691125,0.15946472135557674,-0.0014398981187173075,-0.4394141917193881,-0.09281641882036987,-0.0973233880494449,-0.10228935226457879,0.5389401001366197,0.38549553972194134,,,,,
4211058,MONTE CARLO,SC,24,47,0,0,-0.12331899894346449,-0.009295320060505508,0.3623730540628613,0.4244666099160266,0.3134789294714212,,,,,,,,,,
4211207,MORRO DA FUMACA,SC,24,161,0,0,-0.5078715230224768,-0.33172440692623334,-0.14445167651024837,0.10677209606011968,0.30005996936759805,,,,,,,,,,
4211306,NAVEGANTES,SC,24,669,5,3,-0.31676113518954474,-0.4988107805029279,-0.1051828976469717,-0.047289069201500396,0.16021179399170743,0.12088331528860295,-0.2262404526381345,-0.23882651437293667,0.3947040205951425,-0.0009471735699719019,0.26318067798390754,-0.22673174627345843,0.3457959380218456,-0.20149814827784027,-0.24351020133702336
4211405,NOVA ERECHIM,SC,24,32,0,0,-0.16836892273339796,-0.21394709769384654,0.07422185038084644,0.14805763354654883,0.49059126096063715,,,,,,,,,,
4211504,NOVA TRENTO,SC,24,234,1,0,-0.060857961642565545,0.037898020149836016,0.03783834550378504,-0.12220853649458574,0.1264048540395945,-0.11883712457469715,-0.1248634111010882,-0.11709949273674157,0.3953214764814098,,,,,,
4211603,NOVA VENEZA,SC,24,351,1,0,-0.07329192596631356,0.19188785497246394,0.10403250198808184,0.06792255670331152,0.13424080961345194,-0.11888182539424856,-0.1249151679576533,-0.11722230293592323,-0.12368186122953842,-0.12849851324064712,,,,,
4211702,ORLEANS,SC,24,280,2,1,-0.24748018166221597,-0.2402504803097257,-0.26310633444620035,-0.07560966168021012,0.31796559480606795,-0.14361283900820412,-0.1512186664008184,-0.14564381625088382,-0.15405047814108908,,-0.14361283900820412,-0.1512186664008184,-0.14564381625088382,0.44014422326025443,
4211751,OTACILIO COSTA,SC,24,123,3,3,0.0940692647660288,0.016179430058664644,0.25348945089646313,0.11357416186512725,0.07684319186497056,0.5302536403529315,0.06824388630407675,-0.1903887960276917,-0.20134887321168685,-0.15706636192614137,0.05703473660878178,-0.1997684671810247,0.14279159702076877,0.18217279004866901,-0.10793353340882884
4211900,PALHOCA,SC,24,1726,9,9,-0.2821277209760885,-0.5288334398459598,-0.13564767241040818,-0.10748344640892091,0.3222205694459602,-0.1528429509562903,0.03309948579560145,0.1763370438976643,-0.07424359491976879,0.028094733527525482,-0.3206663754316019,-0.17080282346509182,0.12173600666871408,-0.02851209013028081,0.09081743495369067
4212007,PALMA SOLA,SC,24,58,0,0,-0.1550493288642571,-0.1394076343866619,-0.19929688043803795,-0.050505909368751566,0.2719478180832704,,,,,,,,,,
4212106,PALMITOS,SC,24,152,1,2,-0.19699172103159743,-0.09287317745212167,-0.04749286024175141,0.34084760871042397,0.5853309775476768,-0.1312525635516668,-0.1380498647283479,-0.14558367013382342,0.21997067253202993,0.41761654997066977,0.3562569582116671,-0.1380498647283479,-0.14558367013382342,0.17597653802562396,-0.1670466199882679
4212205,PAPANDUVA,SC,24,96,2,0,0.16883637419151082,-0.10792749258849911,0.2302648523150763,0.2572302891259946,0.14296934624344643,-0.10603951061323537,-0.11129646084817227,-0.10222556095668148,0.37699744272767216,,,,,,
4212270,PASSOS MAIA,SC,24,25,0,0,-0.03657218699569832,0.04641547454926711,0.07770099904094735,0.16939110467404028,0.46617225931749867,,,,,,,,,,
4212304,PAULO LOPES,SC,24,72,0,0,-0.12915853551353698,-0.13506331120593204,-0.13572416718244806,0.2175051596414943,0.6086895225799542,,,,,,,,,,
4212403,PEDRAS GRANDES,SC,24,86,0,0,-0.07824799341992533,0.17281699934211844,0.3415908992911492,0.024898170197560028,-0.1419773474252064,,,,,,,,,,
4212502,PENHA,SC,24,219,1,3,-0.3277744626787973,-0.4108385835569248,0.13714517919729496,0.05916102659210045,0.28452313439520505,-0.15584561614612077,-0.1642739187739858,-0.17365294618974278,0.3273790364284539,0.37457104961783466,-0.22513928939313688,-0.23753969409062176,-0.2513615506166574,0.18355431078559412,0.01816936472791536
4212809,BALNEARIO PICARRAS,SC,24,148,2,1,-0.18299291699988196,-0.09257389787139239,0.06263834291759715,-0.17705622274714217,0.5487238546286634,0.2573836939725862,-0.12481171852545074,-0.11709949273674157,-0.12353796140044059,,0.2573836939725862,-0.12481171852545074,-0.11709949273674157,-0.12353796140044059,
4212908,PINHALZINHO,SC,24,254,1,0,-0.34064068171216366,-0.4243827921331341,-0.23432936488870013,0.0636180026756933,0.4922876164106062,-0.1312968084757456,-0.13810125124221703,-0.14564381625088382,-0.15405047814108908,-0.167169043324589,,,,,
4213005,PINHEIRO PRETO,SC,24,37,1,0,-0.014483858846896978,-0.06052937059595469,-0.013565972133541227,0.11335732933875725,0.1613672468566126,0.2540037377270598,0.24863646220241997,-0.14680094608748354,0.2664318214721315,0.50709255283711,,,,,
4213203,POMERODE,SC,24,751,0,2,-0.1407769603880865,-0.21146802356979846,0.1071052665190991,0.22326761240772763,0.22742236032155919,,,,,,-0.1438351156293909,-0.15147773574682818,0.33993819867257863,0.42365927286816163,
4213401,PONTE SERRADA,SC,24,61,0,0,-0.08398963126271074,-0.3130581512940825,-0.04882740507960705,-0.11556980875355391,0.43476398207139183,,,,,,,,,,
4213500,PORTO BELO,SC,24,222,0,1,-0.3520575636925255,-0.4485370262126231,-0.12448057670271162,-0.014164597060259335,0.4702949258088806,,,,,,0.34097520463683817,-0.1511670118591232,-0.15960582506597942,0.3803194146278325,0.23927558936323223
4213609,PORTO UNIAO,SC,24,250,5,1,-0.049507756345723616,-0.30643280642820114,0.15998366309250442,0.09496762244178211,-0.07399123451609815,-0.19183269254018775,-0.20174196763566252,-0.18570195349698687,0.1120793969397473,0.395574541147319,-0.10603951061323537,0.3116300903748823,-0.10222556095668148,0.5385677753252459,
4213708,POUSO REDONDO,SC,24,127,0,0,-0.11016105146612995,-0.21637240343159303,-0.029965103950034027,0.07986488305391416,0.17914359097500468,,,,,,,,,,
4213807,PRAIA GRANDE,SC,24,57,2,0,-0.15348030845792918,0.10606160556833986,0.28760189848112416,0.27445545394657034,0.2370037121529196,-0.1312968084757456,-0.13810125124221703,-0.13152996260015795,-0.13894392281577547,-0.10793353340882884,,,,,
4214003,PRESIDENTE GETULIO,SC,24,238,0,0,0.11839526183372533,0.1865191767597192,0.1994061998381727,0.09028038375327042,0.3108830676423473,,,,,,,,,,
4214151,PRINCESA,SC,24,62,0,0,0.20428602902117377,0.2654554703672632,-0.23076588676418636,0.019941796727686686,-0.1917800871213605,,,,,,,,,,
4214201,QUILOMBO,SC,24,72,0,0,0.330225413168205,0.3508184157937211,0.3833265207218672,0.30947849357345675,0.5375990502721365,,,,,,,,,,
4214607,RIO DO OESTE,SC,24,25,0,0,0.22976336294620076,0.1271262927466857,0.2324053901748297,0.002671833572417009,0.14029855312161732,,,,,,,,,,
4214706,RIO DOS CEDROS,SC,24,125,0,0,-0.29063369090813757,-0.26433200530531253,-0.12187502398787686,-0.029963748056042336,0.5879490649597272,,,,,,,,,,
4214805,RIO DO SUL,SC,24,841,10,0,-0.15487241496959947,-0.20528683416038687,0.13888594575707575,0.09771222400810992,0.2147797807388603,0.066422403920257,0.05240751917636896,-0.053867974245500584,0.07121817753582725,-0.002712384267481035,,,,,
4215000,RIO NEGRINHO,SC,24,302,1,0,-0.032097108991446716,-0.0853108336044327,0.2731295294488516,0.07371329186311631,-0.2361915982156111,-0.11879247414119364,-0.12481171852545074,0.49181786949431466,,,,,,,
4215109,RODEIO,SC,24,50,0,0,0.08427110645175442,0.16733395673459883,0.19671137773460634,0.2360147193361415,0.09853184939714733,,,,,,,,,,
4215307,SALETE,SC,24,109,0,0,-0.0159788170515997,0.0936029317821987,0.3206367200760013,0.39487422171393405,0.415751807026692,,,,,,,,,,
4215406,SALTO VELOSO,SC,24,46,0,0,0.06502398069655434,-0.15078220245447543,0.22926038773541757,-0.17153457841337397,-0.022724398343577003,,,,,,,,,,
4215455,SANGAO,SC,24,235,2,0,0.1878741699365374,-0.11344941844457694,0.026981333282113388,0.3115582280423816,0.3939794825136605,0.10020128638828216,0.18066417986025618,-0.1696932866035796,0.26887157094908093,0.3146776205737795,,,,,
4215505,SANTA CECILIA,SC,24,97,0,0,0.05002558773251226,-0.2300334324493864,-0.1557862303978536,0.08923021894987031,-0.06723605601078482,,,,,,,,,,
4215653,SANTA ROSA DO SUL,SC,24,24,0,0,-0.1648375474499749,-0.2157271131407731,0.396916697835956,0.25762395200997734,-0.08239642240737192,,,,,,,,,,
4215703,SANTO AMARO DA IMPERATRIZ,SC,24,213,3,7,-0.2387461106934572,-0.13966427329527004,-0.08878946858880875,-0.24031189121091956,0.15236767216643535,-0.14361283900820412,0.3024373328016368,-0.1596665001584833,-0.16910276367005675,,-0.03712510067082523,-0.0703861923717002,-0.34297584047083407,0.016816809952126817,-0.27128975439762093
4215752,SAO BERNARDINO,SC,24,22,0,0,0.27805908120922823,0.20052052254805647,-0.11847782931214644,0.07166459431214216,0.09212772848257884,,,,,,,,,,
4215802,SAO BENTO DO SUL,SC,24,703,3,0,-0.04644537051028451,-0.11056157834048301,0.08552214556126045,0.009304036594559837,0.1533481494062187,-0.20753155206829701,0.12125615831483189,-0.2109056797991186,-0.22334339360756575,-0.12837345383073615,,,,,
4216008,SAO CARLOS,SC,24,54,0,0,0.1783710776190217,0.13372699311151331,0.18573026787381114,0.1985221220529498,-0.06802453580813508,,,,,,,,,,
4216057,SAO CRISTOVAO DO SUL,SC,24,18,0,1,0.18035775626003356,0.16886940223099123,-0.03740728432313258,-0.15002182704317288,0.13807730805433505,,,,,,-0.14374608119459562,0.2649044095551138,0.22915310450262658,-0.1542640911091607,-0.14802951937156295
4216107,SAO DOMINGOS,SC,24,18,0,0,0.005417288018420193,-0.2922380025064031,-0.031871023611185205,-0.0932650462408214,-0.03162629082924387,,,,,,,,,,
4216206,SAO FRANCISCO DO SUL,SC,24,403,1,0,-0.07618068476085206,-0.08460634595866755,-0.047795504671172294,-0.06359811619656112,-0.025611160145297282,-0.11879247414119364,-0.12481171852545074,-0.11709949273674157,-0.12353796140044059,0.5455871787806285,,,,,
4216255,SAO JOAO DO OESTE,SC,24,49,0,1,0.08390946480715637,-0.03891391584629768,0.17870321392075716,0.2689492360229521,0.25633866204349015,,,,,,-0.15679466303278844,-0.1653844262821008,-0.1749635530559413,-0.1704867852492875,0.19633028722009013
4216305,SAO JOAO BATISTA,SC,24,185,0,0,0.007774522590145148,-0.2713206238027292,-0.08897887726470054,-0.0815386654873055,0.43602962733726697,,,,,,,,,,
4216354,SAO JOAO DO ITAPERIU,SC,24,101,2,0,0.03744059704117482,-0.2971504074869706,0.09739566537523621,0.32158914164522606,0.19421332830154456,0.2186701983890157,-0.17750655146324398,0.35696311739461206,-0.1995065938018895,-0.22487510407030975,,,,,
4216503,SAO JOAQUIM,SC,24,50,2,0,-0.1661401591058251,-0.1990610480707587,-0.04532861422473488,0.1299469082851341,0.08929401954728156,0.09082487681884435,-0.2188133016843699,-0.21097078120022028,-0.22341689809980017,0.08624393618641034,,,,,
4216602,SAO JOSE,SC,24,3236,7,44,-0.3932232357889907,-0.5844690372790442,-0.23093018966586906,-0.1656073448782751,0.31356867716088654,-0.032080516201045725,-0.33882199931855406,-0.09789385359327546,-0.03333024822858476,-0.12272631746559043,-0.1589530482713729,-0.46826575265092396,-0.15254551285132412,-0.4886771196324669,0.15270304408372
4216701,SAO JOSE DO CEDRO,SC,24,60,1,0,-0.12002469241019106,-0.14655883726340907,-0.24099310548836095,-0.0743827055520697,0.11872245587533838,-0.13142981219900263,0.395016445048668,-0.13171134162808792,-0.13915729983856637,-0.1675379346374424,,,,,
4216909,SAO LOURENCO DO OESTE,SC,24,197,2,1,-0.035838340171773314,-0.12835077631950415,0.023931731810071567,0.17016328742440032,0.3246425475897107,-0.1717736338084837,-0.18066417986025618,0.27150925856572733,0.3953214764814098,-0.10793353340882884,-0.11879247414119364,0.33283124940120196,-0.11709949273674157,-0.12353796140044059,-0.10793353340882884
4217006,SAO LUDGERO,SC,24,380,3,0,-0.00738111305999239,-0.11838691907035967,0.1291641584664214,-0.004490849437978963,0.5281484720377602,-0.026267304225152523,-0.09299847975437081,0.18086213940060158,0.014897546908416878,0.5306618532579187,,,,,
4217204,SAO MIGUEL DO OESTE,SC,24,554,0,0,-0.173960911165303,-0.6160324148058755,-0.3533403566808399,-0.16530266345533984,0.4325718437776101,,,,,,,,,,
4217303,SAUDADES,SC,24,82,0,0,-0.16835240522893624,0.0005428148979929467,0.17485119225987528,-0.14761423112202052,0.32099729848188036,,,,,,,,,,
4217402,SCHROEDER,SC,24,249,3,0,0.23307054192360954,0.18086954591503196,0.48933672843486137,0.39466792815502266,0.06597198964503025,0.1771963884113759,0.05331459818265723,-0.21073144955062867,-0.2231374522142017,0.39879264893872035,,,,,
4217501,SEARA,SC,24,368,1,0,-0.18091875531046409,-0.3043648565283359,0.09052495750834894,0.04483477960969997,0.36413520574977504,-0.10608524687182662,-0.11134924551362411,-0.11716084956187751,0.3213856060867804,-0.14802951937156295,,,,,
4217600,SIDEROPOLIS,SC,24,177,1,0,-0.249503137643755,-0.347845580579183,-0.009930573507025356,0.14450420474514944,0.2840461823058322,-0.18095303656822614,0.1390607333001665,0.20694194312649095,-0.1998097954871672,-0.22500781290692462,,,,,
4217709,SOMBRIO,SC,24,246,0,0,-0.2489732236748691,-0.41982455640487837,-0.12666390910176634,-0.13618619846679714,0.1482270156904807,,,,,,,,,,
4217808,TAIO,SC,24,117,1,0,-0.16055638241563436,-0.39548137094269786,0.008239438241433928,-0.17633813328094178,0.0886701035762949,-0.14361283900820412,-0.1512186664008184,-0.14564381625088382,-0.15405047814108908,-0.1670466199882679,,,,,
4217907,TANGARA,SC,24,45,1,0,-0.13918224268376772,-0.3244903555690157,0.019091344390473983,0.10465823835696726,0.3470442478683732,-0.1312968084757456,-0.13810125124221703,-0.13146966923801662,0.23145502494313785,-0.12837345383073615,,,,,
4218004,TIJUCAS,SC,24,662,3,1,-0.17440826009543756,-0.22104899807332978,0.010817200242902511,0.15694296772583968,0.4967577187445505,-0.020931509685222557,-0.2985135367661792,0.06054816342261466,0.4598545046137243,0.1948877233196459,-0.15589041868151407,-0.16432629368963952,0.4189652907981961,,
4218202,TIMBO,SC,24,623,1,2,0.09515508644039283,-0.06324844676886965,0.2901544510276942,0.13553196397718006,0.11211420502287807,-0.15593525987866802,-0.16437871873282672,-0.15972724450162,-0.1691747682565304,-0.167169043324589,0.012526778513853419,-0.2379371645322726,-0.2314667676703691,-0.24546455297595582,0.40614777080541176
4218251,TIMBO GRANDE,SC,24,41,0,0,0.24673520874003563,-0.17065588214615643,-0.22574813758554735,-0.19909828018808343,-0.18950288617807742,,,,,,,,,,
4218301,TRES BARRAS,SC,24,119,0,0,0.03767949937456689,-0.1062248671237237,0.11245591019482806,0.16553409832689547,0.6940205641132523,,,,,,,,,,
4218350,TREVISO,SC,24,88,2,4,-0.20819880597389168,-0.17369600043363706,-0.03098747127654064,0.0007121903785503125,0.17025931778941686,-0.16861983916471296,-0.17799000188592018,0.39574002765897387,0.24022889847835158,0.04919520370144727,-0.16861983916471296,-0.17799000188592018,0.39574002765897387,0.24022889847835158,0.04919520370144727
4218400,TREZE DE MAIO,SC,24,40,0,0,-0.17580255636464534,0.05366026235209279,0.3752457013223293,0.05277534145924739,0.22878167991834078,,,,,,,,,,
4218509,TREZE TILIAS,SC,24,112,0,0,-0.06710948657986643,0.20789829178327124,-0.19370685937535034,0.18519438156546142,0.27108388309998066,,,,,,,,,,
4218608,TROMBUDO CENTRAL,SC,24,44,1,0,-0.1893267654767126,-0.20816004049965875,-0.0921037616961804,0.27812914456491955,0.398398316933774,-0.15638581054280606,-0.1649057438706561,0.4069292295344024,,,,,,,
4218707,TUBARAO,SC,24,1126,5,7,-0.21681995763949266,-0.32171676033175656,0.17690475933125643,0.05128418711792263,0.5755814586137113,0.010435177140809476,0.0,-0.08148604396994923,0.2594297189409252,-0.017682582040396192,0.04338773196267935,-0.23829847024844342,-0.251538656513593,-0.01331591225756546,0.1766614559650429
4218806,TURVO,SC,24,80,4,0,-0.21823564692266298,-0.22653436730049722,-0.16276506593735401,-0.1595045250239534,0.11193852494139803,-0.19183269254018775,0.09414625156330918,-0.18570195349698687,0.5448304017904382,-0.15733881028688976,,,,,
4219002,URUSSANGA,SC,24,374,0,1,0.008607671143186708,0.09602172641094674,0.31011693392089695,0.08600429299539615,0.02039784478376181,,,,,,-0.11888182539424856,-0.1249151679576533,-0.11716084956187751,-0.12360984849491553,-0.14802951937156295
4219101,VARGEAO,SC,24,59,1,0,0.03282073278396244,-0.004283038222833494,0.47986199219065,0.05723208767465286,0.19695785078867856,-0.19430385309597972,0.27418744287519664,-0.20373228767966756,0.3548333915393186,-0.2465401844283986,,,,,
4219176,VARGEM BONITA,SC,24,52,0,0,0.2644710987408535,-0.1761083927868336,0.150965115892602,0.14432597462193977,-0.10927560581161458,,,,,,,,,,
4219309,VIDEIRA,SC,24,522,3,0,-0.028542885515183053,-0.12046110924827215,0.060208985585893895,0.04380891540424122,0.24163187188305987,-0.20740340660867612,0.3231288127024867,0.10536572477531433,0.034912662591337684,-0.1868108151774625,,,,,
4219408,WITMARSUM,SC,24,25,1,0,-0.4116934575884684,-0.006751221791608614,-0.2527525334221496,0.09655799720088866,0.08757932911874178,0.06460582824697986,-0.2050653626180143,0.3138330538264084,,,,,,,
4219507,XANXERE,SC,24,565,5,0,-0.18149333836842205,-0.11439697922785858,0.006156688358364024,0.18526502700059722,0.5106870147651743,-0.2267220103862319,-0.021794741825020593,0.2772121329929054,-0.22495409568451666,0.734247781338819,,,,,
4219705,XAXIM,SC,24,198,1,0,0.0,-0.05504664502012257,-0.049864647103170255,0.032707402342682414,0.3913522156507844,-0.19319063217188104,-0.20432474352564461,0.07353275496149549,-0.21502005593466966,-0.20541351223856336,,,,,
4300109,AGUDO,RS,24,56,0,0,0.18497172902671305,0.26223090172976915,0.14201858289204913,-0.03826300428276941,-0.08004358913931588,,,,,,,,,,
4300406,ALEGRETE,RS,24,287,2,0,0.4126296197297609,0.5211163560412865,0.3377131172215132,0.46748804229764174,0.1833363793379702,0.3524688018956118,-0.1998263134713633,0.2381470634531264,0.10074907413892013,0.3671238906694095,,,,,
4300471,ALMIRANTE TAMANDARE DO SUL,RS,24,31,0,0,0.44808337304565843,0.277517377374318,0.5175020503320833,0.3750979946321672,0.2852867231269061,,,,,,,,,,
4300570,ALTO FELIZ,RS,24,21,0,0,0.5302150728440824,0.10219670326866583,0.23009393506619935,0.2391271883505171,0.20788210587867345,,,,,,,,,,
4300604,ALVORADA,RS,24,483,1,3,0.0736122918870788,0.21388814043192503,0.3231656204495741,0.30887293781627506,0.24751449356936117,-0.14356850721551082,-0.1511670118591232,-0.14558367013382342,-0.15397947077242097,0.5455871787806285,-0.20740340660867612,0.03801515443558667,0.13547021756826128,0.22769127776959358,-0.1868108151774625
4300802,ANTONIO PRADO,RS,24,92,0,0,0.3237225932089403,0.41982233019743936,0.4109693619513513,0.5500024874384358,0.45667262074611903,,,,,,,,,,
4300877,ARARICA,RS,24,52,0,0,-0.21687462907695917,-0.3072088721446786,-0.21676280203335138,0.06469731111019629,0.3627409370298375,,,,,,,,,,
4300901,ARATIBA,RS,24,26,0,0,0.33624458796122675,0.360749607314462,0.2446009116168443,-0.0998103706242053,0.13756901411604217,,,,,,,,,,
4301008,ARROIO DO MEIO,RS,24,444,1,0,0.02982862226160195,0.09806461132338375,0.3548950456792292,0.33164595906651434,0.2199850043678041,-0.1312525635516668,-0.1380498647283479,-0.14558367013382342,-0.15397947077242097,,,,,,
4301107,ARROIO DOS RATOS,RS,24,28,0,1,0.08241021136444315,-0.03707498147933004,0.24113723532328793,0.4666393504820554,0.58778679655571,,,,,,-0.07754734499011516,0.3292315613525253,0.1402626006403199,0.2831845382226774,-0.2654651635481739
4301305,ARROIO GRANDE,RS,24,26,0,0,0.29061016858149613,0.3813677624527742,0.371274402061273,0.23428979967449728,-0.06533964869317567,,,,,,,,,,
4301602,BAGE,RS,24,397,2,5,0.11099216487948273,0.07988404735010467,0.0930821142981593,0.14458075014301364,-0.05063349296714266,-0.14356850721551082,-0.1511670118591232,-0.15960582506597942,-0.16903085094570333,,0.02209467863363521,0.011913629512624454,0.07632847495000894,0.6461220812536269,0.011366082839662823
4301651,BARAO,RS,24,50,0,0,0.40337832560996795,0.3916686207650899,0.3814988052779837,0.44828848459838794,-0.1629951708364713,,,,,,,,,,
4301701,BARAO DE COTEGIPE,RS,24,24,0,0,-0.005261927178504714,-0.1920577943129017,-0.45945335974478996,0.1489145496846823,0.1190063217837242,,,,,,,,,,
4301909,BARRA DO RIBEIRO,RS,24,27,0,0,0.057059795781598574,0.2672174278755208,0.0679074145987724,0.19763359774003278,0.10012361291012434,,,,,,,,,,
4301958,BARRA FUNDA,RS,24,27,0,1,-0.2292442366573642,0.3535258498026047,0.21582223418924082,0.4397697630638937,0.4076290567704987,,,,,,0.4032979609736749,0.3342063160591997,0.4688892117436929,,
4302105,BENTO GONCALVES,RS,24,1565,2,0,0.10837763981542337,0.12796934672033053,0.233118653671629,0.37040957600938945,0.44642637460794765,-0.11879247414119364,-0.12481171852545074,-0.11709949273674157,-0.12353796140044059,-0.08560080883635282,,,,,
4302204,BOA VISTA DO BURICA,RS,24,33,0,0,0.03272424384652782,0.17847954836986113,0.24871899892873572,0.41761896166753065,0.23642681204004148,,,,,,,,,,
4302303,BOM JESUS,RS,24,60,2,0,-0.015995317347800284,0.2795231405631115,0.30889617555880616,0.32110052822155344,0.06032384571964085,0.19004719444900028,0.45742706161988617,-0.19086786732786865,0.23556240414540783,-0.18786728732554484,,,,,
4302352,BOM PRINCIPIO,RS,24,128,0,0,-0.17355744482758123,-0.22957335952332003,0.1990210067758525,0.3393087612782228,0.1510557976386261,,,,,,,,,,
4302402,BOM RETIRO DO SUL,RS,24,86,0,0,-0.15576948609725375,-0.3081848179113204,0.08960107174087976,0.1327958826889182,0.2334064288371094,,,,,,,,,,
4302709,BUTIA,RS,24,63,0,0,-0.08840570278307863,-0.07018790064880233,0.17644916690885676,0.17863078293546014,0.48936620611221476,,,,,,,,,,
4302808,CACAPAVA DO SUL,RS,24,140,1,0,0.2851520082323719,0.39233154021595923,0.20053157448349582,0.2557985584587214,0.16341287908469118,-0.1312525635516668,-0.1380498647283479,-0.13146966923801662,-0.13887301496588275,-0.10793353340882884,,,,,
4303004,CACHOEIRA DO SUL,RS,24,422,0,1,0.05453382145720747,-0.018531872830625698,0.28255838210248374,0.4641346533693079,0.3139387980376114,,,,,,0.19047797528970317,0.2920425222648636,-0.15960582506597942,0.33806170189140666,-0.14790713033090194
4303103,CACHOEIRINHA,RS,24,1286,1,5,0.16353171570947067,0.36590186262071095,0.23920600066095976,0.195140678101248,0.0015892809119887855,0.2573836939725862,-0.12481171852545074,-0.11709949273674157,0.3459062919212336,0.5396676670441443,-0.17161120007588127,-0.18047744680791858,-0.1695007813951502,-0.12353796140044059,-0.10793353340882884
4303509,CAMAQUA,RS,24,259,0,2,0.3260357731017629,0.2721188363170675,0.07825571907375288,0.2907410991592546,0.0,,,,,,-0.1341431204246545,-0.14079529090477774,-0.1481389116913825,0.1953590650365253,-0.08574929257125442
4303608,CAMBARA DO SUL,RS,24,95,0,0,0.2250229002935934,0.3575109935042987,0.20714895423079766,0.3920757634122762,0.1730279722576943,,,,,,,,,,
4303905,CAMPO BOM,RS,24,508,3,1,0.19441698556691656,0.030643598720508123,0.2379199039609995,0.2938988095238095,0.10203010936222368,0.11361195622153668,0.05163906393274385,0.1765529770083003,0.548219132908616,-0.14790713033090194,0.15584561614612077,-0.1642739187739858,0.25935946573221663,0.29580398915498085,0.384558538860345
4304200,CANDELARIA,RS,24,228,3,0,0.16848312303675508,0.1425449990377791,0.1840143595283886,0.15147810813087084,-0.009161291373165202,0.08757933819073507,0.037880720420707906,0.17662009466022421,0.10794009370844197,0.23197710568714397,,,,,
4304358,CANDIOTA,RS,24,38,0,0,0.18578202005538508,0.18684792119720592,0.1872060867593543,0.24515944443252755,0.46959859648585517,,,,,,,,,,
4304408,CANELA,RS,24,295,0,1,0.34474257319736806,0.3503428658547425,0.23485661870506386,0.18625603685330086,-0.019110897143663527,,,,,,-0.11879247414119364,-0.12481171852545074,0.3044586811155281,-0.12353796140044059,-0.10793353340882884
4304507,CANGUCU,RS,24,70,0,0,0.031256257559871464,0.45297389838936797,0.11871438856722744,0.4099186911246343,0.14376678377731256,,,,,,,,,,
4304606,CANOAS,RS,24,2494,16,20,-0.04019618956173862,-0.03141467580834645,0.09151144168468124,0.2700830996226524,0.4818010448146356,0.3071293640443598,0.08145702212977698,-0.11235267534881568,-0.17059422417943643,0.12706959901450268,-0.1406576471423396,0.05394973601892748,0.20336577092650743,0.24921110666028604,0.0
4304630,CAPAO DA CANOA,RS,24,242,1,0,0.09362581852678027,0.14106531580062096,0.15337903725979882,0.24594015039929543,0.4168927734762279,0.3938904254272368,0.31566000283935314,-0.13152996260015795,-0.13894392281577547,-0.12837345383073615,,,,,
4304663,CAPAO DO LEAO,RS,24,73,1,1,-0.07142362629850994,0.11085435611126083,0.10528880106034803,0.23255789507445482,0.044136741475237475,-0.14356850721551082,0.3023340237182464,0.4367510104014703,0.30795894154484194,0.384558538860345,0.19740669742132735,0.1511670118591232,-0.14558367013382342,-0.15397947077242097,-0.14790713033090194
4304705,CARAZINHO,RS,24,525,1,1,0.23473017282031153,0.1827705759030248,0.4194094914001295,0.44449899627368855,0.3664823287702499,0.31875622576833373,0.3549853664443232,0.32867417309504154,0.2777460299317655,-0.10793353340882884,-0.1312525635516668,-0.1380498647283479,-0.13146966923801662,0.4629100498862757,
4304804,CARLOS BARBOSA,RS,24,619,1,0,-0.07666719897561414,0.0227340677382558,0.22639408619001253,0.2022866861865606,0.3110975559573626,-0.1440136819497087,-0.15168595266401022,0.3958099077772641,,,,,,,
4304903,CASCA,RS,24,112,1,0,-0.09621674603354315,-0.01090571872439869,0.010689566869258352,0.3149883389633712,0.5769079277593586,-0.15593525987866802,-0.16437871873282672,-0.15972724450162,-0.1691747682565304,0.5028842431250666,,,,,
4305108,CAXIAS DO SUL,RS,24,9349,17,29,0.14617642224194632,0.16344106885147494,0.38355548750529206,0.3476926637621911,0.39096310434924125,0.09684882408959815,0.06951863413144756,0.1508776846138522,-0.1291525798958539,0.3112477893186963,0.14081017887314762,0.3140259283857404,0.3273629939874466,0.43789483160813697,0.3623359935708485
4305207,CERRO LARGO,RS,24,54,0,0,0.028665001001125186,-0.05878226146887559,0.1738851693341936,0.22056514212759942,0.21041190125090822,,,,,,,,,,
4305306,CHAPADA,RS,24,26,0,0,-0.0028781751688826984,0.29503462462967867,0.07065953496548975,0.4773109160207251,-0.05298910007720154,,,,,,,,,,
4305355,CHARQUEADAS,RS,24,173,0,1,0.06437706633502714,0.03889306367202926,0.38219839125604077,0.5135837058925159,0.5670026287722759,,,,,,0.36363977100761513,0.21903189169864767,0.1795565531992269,0.3959472105576539,-0.12837345383073615
4305439,CHUI,RS,24,38,0,0,-0.15797519088184978,0.07375829151117548,0.019256186447607165,0.1346831326303287,0.20295497345645547,,,,,,,,,,
4305702,CONDOR,RS,24,134,0,0,0.011465748700280538,0.007948051617819465,0.22351845774620865,0.34785570563577095,0.4106035312645316,,,,,,,,,,
4305959,COTIPORA,RS,24,42,0,0,0.03295787631775611,0.16538913605219827,0.36580588159191973,0.34471812594782697,0.419674386861138,,,,,,,,,,
4306007,CRISSIUMAL,RS,24,47,0,0,-0.13496834557580545,-0.08101025454054836,0.18648161091319732,0.3070445998713016,0.11145434452948587,,,,,,,,,,
4306106,CRUZ ALTA,RS,24,347,3,0,-0.002006947049619306,0.026940263243505062,0.19206194711041508,0.22499182457351255,0.4805762411215251,-0.11879247414119364,-0.12481171852545074,-0.11709949273674157,-0.12353796140044059,0.7276068751089989,,,,,
4306205,CRUZEIRO DO SUL,RS,24,89,3,0,0.1726277203720934,0.29170341670356253,0.18950872637506347,0.07146291937523618,-0.18176492588233117,-0.22520401249046162,-0.23761542809353142,-0.23111625769665028,-0.24505318571646284,0.32539568672798425,,,,,
4306403,DOIS IRMAOS,RS,24,449,0,0,0.3577148072579985,0.4581978830075355,0.2957887402401815,0.19979247671127562,0.034110564171944614,,,,,,,,,,
4306601,DOM PEDRITO,RS,24,111,0,0,0.5713765127548066,0.5233740546941548,0.3650097055831245,0.32234112592499425,0.17645702291578513,,,,,,,,,,
4306767,ELDORADO DO SUL,RS,24,328,0,2,0.23953754225028817,0.44096898938768736,0.2659896270111811,0.39324474064129716,0.5082950559900423,,,,,,-0.18979089332840635,-0.1998263134713633,-0.1905176507625011,-0.20149814827784027,
4306809,ENCANTADO,RS,24,312,4,0,-0.0050074666922074705,0.07560627880253813,0.40922223481291914,0.46309921413928895,0.548653076369702,0.1251957714590336,0.013210303736058897,0.3180248695136582,0.06131393394849658,-0.14790713033090194,,,,,
4306908,ENCRUZILHADA DO SUL,RS,24,61,0,0,0.3290339874286461,0.3415383769009006,0.33487371443465985,0.30807332318815417,-0.14596422006176346,,,,,,,,,,
4306932,ENTRE-IJUIS,RS,24,29,0,0,0.27207684236853596,-0.12217469082578715,0.4555742234718612,0.2117090175634202,0.0038630519726831404,,,,,,,,,,
4307005,ERECHIM,RS,24,1314,5,0,0.3499690395636968,0.26290056900599035,0.3769724664512823,0.4167701081952474,0.3478728797033965,0.43013196229973943,0.16919084232174364,0.1586163290125217,0.0563436169819011,-0.19901960193908091,,,,,
4307500,ESPUMOSO,RS,24,76,4,0,-0.040382532188475574,0.23287927219205845,0.38159057219675513,0.42057731874731247,0.45376107871590726,-0.15593525987866802,-0.16437871873282672,-0.15972724450162,-0.1691747682565304,0.384558538860345,,,,,
4307559,ESTACAO,RS,24,137,2,0,0.09418071512107652,0.18278885279437138,0.005412936029748876,-0.05553538886069445,0.3437619363855792,0.2574804365785105,0.41621137033696065,0.374914718598008,-0.12360984849491553,-0.08574929257125442,,,,,
4307609,ESTANCIA VELHA,RS,24,266,0,0,0.12815983815451276,0.1872997052563935,0.4766549557902726,0.5653134441932742,0.5556589147322114,,,,,,,,,,
4307708,ESTEIO,RS,24,650,0,9,-0.05201911240687982,-0.0649394279480189,0.2030327527956974,0.3261156336179168,0.3363502689862082,,,,,,-0.28019503692675046,-0.2955805722128683,-0.31272484568406705,-0.331942845588289,-0.21560984046602585
4307807,ESTRELA,RS,24,428,1,0,-0.09990040867543858,0.007535130368302061,0.38721130147945104,0.43329582984698883,0.5109515509210996,0.3181185318397061,0.48970442773195794,0.39813827530492135,0.3459062919212336,-0.10793353340882884,,,,,
4307906,FARROUPILHA,RS,24,962,1,0,0.09152611178768766,0.1388810879431518,0.39673278706248954,0.39517709741843704,0.41841334854592166,-0.11879247414119364,-0.12481171852545074,-0.13146966923801662,-0.13887301496588275,-0.10793353340882884,,,,,
4308003,FAXINAL DO SOTURNO,RS,24,54,0,0,-0.48666910668967606,-0.1466342586856128,-0.3483720981612155,0.10677432827604623,0.4317748015929798,,,,,,,,,,
4308102,FELIZ,RS,24,118,0,1,0.1528221235104825,-0.09385030537067826,0.4473368000047777,0.2680566407213047,0.07371870602281268,,,,,,-0.11888182539424856,0.33310711455374215,-0.11716084956187751,0.4202734848827129,-0.10793353340882884
4308201,FLORES DA CUNHA,RS,24,608,1,0,0.37208848791355104,0.2831359145748671,0.3111847177498067,0.3007980862667599,0.011153810006051083,0.3938904254272368,-0.13810125124221703,0.4165115482338335,0.27788784563155094,0.5396676670441443,,,,,
4308508,FREDERICO WESTPHALEN,RS,24,214,0,1,0.338346525547703,0.32355344488006205,0.30479946117368717,0.3810619732520451,0.16640639012807373,,,,,,0.4312584230983338,-0.1380498647283479,0.37249739617438044,0.32403703492039304,0.5396676670441443
4308607,GARIBALDI,RS,24,609,6,0,0.11625792481195733,0.10150737185085396,0.24193018643734784,0.4235800755616318,0.44703387197536126,-0.1747897812410259,-0.016175201047435726,0.13086998717482368,0.14255728899344747,-0.23670895294574149,,,,,
4308904,GETULIO VARGAS,RS,24,155,0,0,0.12375191149545614,0.23929346615618485,0.1837947854467427,0.3029211301038155,0.15045064633160846,,,,,,,,,,
4309001,GIRUA,RS,24,75,0,0,0.23327959675238633,0.22762906376010983,0.2615244445137997,0.27364664189923743,0.3226941918078943,,,,,,,,,,
4309050,GLORINHA,RS,24,79,1,0,0.2790924097131943,0.21049326666221946,0.35155090079203705,0.3940948284473551,0.04609575165517688,-0.11883712457469715,-0.1248634111010882,0.3044586811155281,-0.12353796140044059,-0.08560080883635282,,,,,
4309100,GRAMADO,RS,24,572,2,2,0.16378250756330745,0.3108002083279289,0.2810856882997838,0.38691257660852935,0.06809893849951744,0.23009852030253333,0.27400146881999476,-0.14823135407896973,-0.1563952971524116,-0.12478354962115545,0.23009852030253333,0.5641206710999893,0.3149916274178107,0.19549412144051453,0.4055465362687552
4309209,GRAVATAI,RS,24,1802,8,7,0.17761591646863154,0.2510745918534717,0.309075200531938,0.4046914611002552,0.4209420690474889,0.06001715020758192,0.417464216110679,-0.13726569564931795,0.2904099614417481,0.27655612917369427,-0.13519646113297842,0.04124789556921528,0.2136412367282546,0.16168346958496735,-0.2725188134193338
4309308,GUAIBA,RS,24,340,1,1,0.1578495572555952,0.1387766661994519,0.18441418673114884,0.26112421144524356,0.15034470788600862,-0.14356850721551082,0.18895876482390403,0.31196500742962163,0.3959472105576539,-0.12837345383073615,0.26919095102908275,0.37791752964780806,0.4367510104014703,0.3519530760512479,-0.12837345383073615
4309407,GUAPORE,RS,24,135,0,0,0.11236113684422909,0.392668534372201,0.18631626384488648,0.1912307553325814,0.16296893132210158,,,,,,,,,,
4309555,HARMONIA,RS,24,74,0,0,-0.34322675974784383,0.11958356414148259,-0.22768907080651074,0.06371365369295895,0.6163590778610601,,,,,,,,,,
4309605,HORIZONTINA,RS,24,165,1,0,0.0888845912591953,0.2613464109770897,0.3194297818580151,0.27228738838873257,0.2799277460226867,0.25974269357686797,-0.1642739187739858,0.4189652907981961,0.253546276418555,0.5028842431250666,,,,,
4309654,HULHA NEGRA,RS,24,43,0,1,-0.001038932146064232,0.06646336589327058,0.20543500590773653,0.01106272531262916,0.13225722264511655,,,,,,-0.09276856296835104,-0.09726832530780989,-0.08643572325155013,-0.09096678634074566,-0.08560080883635282
4310009,IBIRUBA,RS,24,216,0,0,0.24769074880725078,0.22422952240377686,0.4951105794632416,0.6241636134970014,0.34323497091719063,,,,,,,,,,
4310108,IGREJINHA,RS,24,289,1,0,0.26508469665839623,0.4168495739504571,0.3987583581836096,0.5042066935669277,0.24225485255069623,-0.11879247414119364,-0.12481171852545074,-0.11709949273674157,-0.12353796140044059,-0.08560080883635282,,,,,
4310207,IJUI,RS,24,615,1,0,0.1051677910557516,0.16182178896397378,0.32356505436195554,0.422477945082148,0.45252600595978687,-0.1312525635516668,-0.1380498647283479,-0.13146966923801662,-0.13887301496588275,0.6116233559833635,,,,,
4310330,IMBE,RS,24,99,3,0,0.050739972669411285,0.1726266321298806,0.39834502190523724,0.24653774922449845,0.19543881341853042,0.1219341468532486,0.14139829222271652,0.03353930851693735,-0.22324035166731424,-0.18699280335035914,,,,,
4310363,IMIGRANTE,RS,24,45,0,0,-0.02466882046594377,-0.08658230458507424,0.046927781931621,0.0696050883231828,0.31564033481274006,,,,,,,,,,
4310603,ITAQUI,RS,24,106,3,1,0.13146940224586187,0.3398618310588421,0.20278131846803116,0.08969580282899639,-0.14413587206269995,0.06151405896730202,0.5119636759889613,0.20682278742740015,0.4478055238985363,0.23197710568714397,0.31178083736302814,0.3651695415325323,0.35924962535658744,0.2959298364225993,-0.14790713033090194
4310801,IVOTI,RS,24,268,0,0,0.23744101732712727,0.4278095570951374,0.45931712598402225,0.4943760936906785,0.40277077750328494,,,,,,,,,,
4311007,JAGUARAO,RS,24,34,0,0,0.456399153187339,0.1270136263049602,0.5123540138504101,0.06108399875337558,0.020116849448515915,,,,,,,,,,
4311205,JULIO DE CASTILHOS,RS,24,69,0,0,-0.2560500993866886,-0.11620150589435932,-0.05181866681078613,0.2354351900063327,0.35581039033109896,,,,,,,,,,
4311304,LAGOA VERMELHA,RS,24,141,0,0,0.35271963372091275,0.3063818305811611,0.037770048707119405,-0.02725407089419125,-0.1753043636245134,,,,,,,,,,
4311403,LAJEADO,RS,24,1262,5,1,-0.1622436783427846,-0.2559930784893086,0.10585356912962346,0.08172763384828911,0.5312949847353237,-0.2303341707774669,-0.18036867440760748,0.2302721054888309,0.18678425323559344,0.142047617446597,-0.16816225395433357,-0.17745307757998113,-0.17365294618974278,-0.18415070799100533,
4311627,LINDOLFO COLLOR,RS,24,158,0,0,0.3443135002162305,0.3835204792318314,0.42385585800352843,0.19638382760670595,0.172080357668935,,,,,,,,,,
4311809,MARAU,RS,24,669,2,0,0.14024100949145504,0.37788352989816837,0.41669973517729464,0.44750842253717976,0.36909466487701076,-0.11879247414119364,-0.12481171852545074,-0.11709949273674157,-0.12353796140044059,,,,,,
4312153,MATO LEITAO,RS,24,90,0,0,-0.2350323824300365,-0.044177627355787834,0.14636553715768086,-0.11443170360640681,0.5146988991667418,,,,,,,,,,
4312401,MONTENEGRO,RS,24,821,0,1,0.026475308644734536,0.11954267793201444,0.2719430716376716,0.4018272207083811,0.307687705155615,,,,,,-0.16820784491462742,-0.17750655146324398,-0.1737146894614502,0.4093870605712014,
4312476,MORRO REUTER,RS,24,48,0,0,0.3777600717534535,0.31066511754755877,0.3195217458552408,0.13088067723678706,0.08833535707027464,,,,,,,,,,
4312658,NAO-ME-TOQUE,RS,24,545,2,0,0.47423022475457705,0.45859694807124163,0.40695468930645184,0.44695250897702826,0.15622170396565047,0.2440839369410049,0.3555148005438013,0.2853745735275238,0.3467135422417645,-0.08560080883635282,,,,,
4312708,NONOAI,RS,24,31,0,0,0.08373920455260819,0.019632801174054092,-0.02315218359893772,0.030353503752136458,0.29450203266524166,,,,,,,,,,
4312807,NOVA ARACA,RS,24,71,0,0,0.05955045325604276,0.26554684252647826,0.21617519393852735,0.15544435502723608,0.3548415072391685,,,,,,,,,,
4312906,NOVA BASSANO,RS,24,106,1,0,-0.16583115568868564,0.009137483333063754,0.05380734732588369,0.014074733944742736,0.14310323112855766,0.21602052292456306,-0.15168595266401022,0.4374741085959235,0.3085281822183214,-0.14802951937156295,,,,,
4313003,NOVA BRESCIA,RS,24,33,0,0,0.26211575521565067,-0.09951719545232482,0.5307478023769305,0.28827659844950737,0.34597352617935073,,,,,,,,,,
4313037,NOVA ESPERANCA DO SUL,RS,24,104,0,0,0.013590764538567439,0.016788843445398244,0.16065240865304956,0.3526129213141134,0.15263683292825383,,,,,,,,,,
4313060,NOVA HARTZ,RS,24,74,2,0,-0.05448917283816055,-0.13007131292628663,0.04803072915847692,-0.006658514975677775,0.29375786998585746,-0.1436572118932451,-0.1512703739305911,-0.145704036975496,-0.13901493939225787,,,,,,
4313201,NOVA PETROPOLIS,RS,24,207,0,0,-0.058299673344229544,0.097395019647412,0.2854448272998799,0.4702321555101549,0.5768124780767127,,,,,,,,,,
4313300,NOVA PRATA,RS,24,195,0,0,-0.03273268353539886,0.06355994765028215,0.2411678992762487,0.40125045174182244,0.4614523745908307,,,,,,,,,,
4313375,NOVA SANTA RITA,RS,24,251,0,0,0.31824193051741656,0.40916262148701044,0.3658315807688923,0.40068748260408177,0.10554880857596505,,,,,,,,,,
4313409,NOVO HAMBURGO,RS,24,1774,3,16,0.10492960419052713,0.263742464709191,0.22192284371827423,0.2521984253001223,0.20120783884128984,-0.20740340660867612,-0.21858713800462334,0.19841597522624124,0.3959472105576539,,-0.23909882951346187,-0.23448695599395578,-0.19374032983569717,-0.0648432622525888,0.6665225381023044
4313508,OSORIO,RS,24,334,2,0,0.14425649971033866,0.264846921289128,0.30224909000217676,0.37843226757935344,0.09491500635950374,-0.15589041868151407,-0.16432629368963952,-0.1737146894614502,-0.18422417725704063,,,,,,
4313706,PALMEIRA DAS MISSOES,RS,24,59,0,2,0.4531861259549067,0.36864938946012704,0.3544722969031717,0.33902279651382883,0.06914112673089104,,,,,,0.2332988242252051,-0.1511670118591232,-0.14558367013382342,-0.15397947077242097,-0.12837345383073615
4313904,PANAMBI,RS,24,599,1,0,0.06299795259981021,0.14253351348812585,0.30852025517659903,0.3358724742112219,0.037875504126357123,0.19047797528970317,0.2555372069817557,0.25935946573221663,-0.16903085094570333,-0.14790713033090194,,,,,
4313953,PANTANO GRANDE,RS,24,46,0,0,0.14472618395004888,-0.021814431023350463,0.04588085707569643,-0.15981599587232384,-0.039824695614512656,,,,,,,,,,
4314001,PARAI,RS,24,114,0,0,-0.2063592174260861,-0.10723050974548143,0.10113534346055034,0.04729657952994841,0.4443818497793667,,,,,,,,,,
4314035,PARECI NOVO,RS,24,20,0,0,0.14113317244546467,-0.062499608173052,-0.15362989972167418,-0.12128308656506333,-0.17394459956084127,,,,,,,,,,
4314050,PAROBE,RS,24,359,0,0,0.24752257243840997,0.3066421159835814,0.433339907621951,0.45335693524931403,0.08390404838629172,,,,,,,,,,
4314076,PASSO DO SOBRADO,RS,24,75,0,0,0.17475436443091968,-0.2224404458200637,0.029004277965262726,-0.10678914831531387,0.11482965664908149,,,,,,,,,,
4314100,PASSO FUNDO,RS,24,2845,6,5,0.2761741912156445,0.3556668454844673,0.28689337056764624,0.34508173365788625,0.2740041826454975,0.007928952261159064,-0.267387636453381,-0.04576287619562756,0.04641909910950344,0.6420060662726461,-0.2922543926055381,-0.12341713041336766,-0.0582043171213923,0.06699786631145262,-0.1578400925293969
4314134,PAULO BENTO,RS,24,41,0,0,0.3795009856259699,0.4702781743082919,0.36826442543383847,0.43143090390270183,-0.0879031353377864,,,,,,,,,,
4314159,PAVERAMA,RS,24,55,0,0,-0.18704969496296414,-0.17197241494788126,0.07248767326066598,0.0227485089207987,-0.12430999837457564,,,,,,,,,,
4314407,PELOTAS,RS,24,1482,5,8,0.35523183293726307,0.399354151535051,0.28280920560896766,0.24590909708707664,0.014296145741235474,0.02261379252328081,-0.25023663043631567,-0.023520793082183154,-0.2528781691270574,-0.15733881028688976,0.1283220648041829,0.06523901850233028,0.12376457851843718,-0.02853182851279741,-0.1982865622404538
4314423,PICADA CAFE,RS,24,36,0,0,0.38297435020257553,0.18717521963602907,0.17638646709629927,0.3203579441759706,0.43992582376142514,,,,,,,,,,
4314605,PIRATINI,RS,24,37,0,0,0.3317087821839336,0.3404581446504963,0.1767396608216116,0.31244136877803685,0.25360059329250817,,,,,,,,,,
4314803,PORTAO,RS,24,314,8,0,-0.00351059163505375,0.11135665919818084,0.12433944221662373,0.27613156787949367,0.3952442849565559,0.34963857391278874,0.11172077230677235,0.39982409120715406,0.15942063153599692,0.22796456810728707,,,,,
4314902,PORTO ALEGRE,RS,24,16270,26,260,-0.07049770886169239,-0.04601475632293828,0.19321618820340472,0.3641173624452495,0.4548094540318854,-0.11976257217829053,0.09477993352856603,0.157573360932317,0.6370474373257949,0.6199169475754616,-0.30779436503657653,-0.3079944698152303,0.02476934979121034,0.06242804631000583,0.5606733123678724
4315149,PRESIDENTE LUCENA,RS,24,82,0,0,-0.17065127176124914,-0.18924402550458275,0.25424254235332694,0.3325476293377419,0.18018873761145843,,,,,,,,,,
4315305,QUARAI,RS,24,47,0,0,0.5461888373053306,0.42960350273201087,0.39195257623098884,0.4052125498553155,0.376946917884268,,,,,,,,,,
4315503,RESTINGA SECA,RS,24,36,0,0,0.07577242381534645,0.3300612566043455,0.04330643779777131,0.010237151555284993,0.17777452633012122,,,,,,,,,,
4315602,RIO GRANDE,RS,24,1139,3,4,0.34915329344230056,0.4064031836124488,0.3924888828457066,0.3960600043950162,0.18443462510285974,0.11619508338471127,-0.18047744680791858,0.12173237936560788,0.2472229480580466,0.6420060662726461,0.425827645625696,0.3267917649217498,0.11216239962351202,0.07498469856150555,-0.1572587274139424
4315701,RIO PARDO,RS,24,103,0,0,0.17829042212618817,0.026437422451322825,0.4291443236367126,0.27707640413728896,-0.15754120991442788,,,,,,,,,,
4315800,ROCA SALES,RS,24,48,0,0,0.14684225721191044,-0.1946235936719636,0.0009540216748554558,0.20838284736280113,0.39202819194557886,,,,,,,,,,
4316006,ROLANTE,RS,24,110,2,0,0.14916630885735108,0.05869867168666558,0.47285659293584353,0.4810494506059216,0.2382465937579259,-0.025046352553933806,0.3700064349504774,0.5493156837054097,0.39854057066522774,0.17248787237282068,,,,,
4316402,ROSARIO DO SUL,RS,24,125,0,1,-0.13222127250356994,0.26516601720286914,0.3262273394081168,0.5538068377898089,0.17157440704818924,,,,,,0.31190880117676567,0.24279555376688322,-0.187812056606337,-0.19943100880436643,-0.20528572777068282
4316501,SALVADOR DO SUL,RS,24,43,0,0,-0.1563248508473071,0.08405693591520094,0.18685699277651346,0.35949041170776497,0.3504256112373256,,,,,,,,,,
4316600,SANANDUVA,RS,24,88,0,0,0.10154460060210377,0.1777838069757372,0.44305625123277353,0.39153996313797806,0.13603117115155852,,,,,,,,,,
4316709,SANTA BARBARA DO SUL,RS,24,21,0,0,0.05344761391175008,-0.09545044354015157,0.19469995666847054,0.2683678009667789,0.4136111451397533,,,,,,,,,,
4316758,SANTA CLARA DO SUL,RS,24,56,0,0,0.02571473794506046,-0.2740500835173419,-0.05810281675051149,-0.07551699812132151,0.3908709866967477,,,,,,,,,,
4316808,SANTA CRUZ DO SUL,RS,24,1267,4,4,0.024094946147454378,0.036017693418435776,0.4322374156112849,0.48350925095882347,0.4009987210710213,-0.2597252018974261,-0.0754529869132882,0.4327623331509105,0.09411239481143202,0.27632433078332996,-0.04193479822302193,-0.03375528361910262,0.30911595225065036,0.17554184850698587,-0.12837345383073615
4316907,SANTA MARIA,RS,24,2143,5,17,-0.10999179669657398,-0.07652953484162284,0.13323057159680854,0.1725952469299299,0.4216148131114542,0.017549712329666914,0.3784248356131088,0.28063804228089717,0.2708012801545321,0.48215898828230197,-0.1688177819190128,-0.02423553076136361,-0.09387446990528256,0.0803030303030303,-0.3235319106305616
4316956,SANTA MARIA DO HERVAL,RS,24,31,0,0,0.0005746346416932831,0.10547290459796789,0.5599307580382229,0.5215222508168111,0.37975312145794893,,,,,,,,,,
4317103,SANTANA DO LIVRAMENTO,RS,24,241,0,0,0.41711810516964537,0.2860862371615691,0.13623166132190875,0.17839537229656494,-0.06047079478750746,,,,,,,,,,
4317202,SANTA ROSA,RS,24,912,0,4,0.23413702163320618,0.13112513771434936,0.36886057257020216,0.4223403076961587,0.3487738728718594,,,,,,-0.02010752765666659,-0.0742746355846198,-0.0828353590591561,-0.30125786715206027,-0.19901960193908091
4317301,SANTA VITORIA DO PALMAR,RS,24,97,0,0,0.4660932393860894,0.5466035067171221,0.5014803280857937,0.48530686983886634,0.30852609745466036,,,,,,,,,,
4317400,SANTIAGO,RS,24,185,2,1,0.04755721490857391,0.08391937059660835,0.07782783749704797,0.244556718618704,0.32245650093159456,0.09497598079205959,0.27621486459672134,-0.040824829046386304,-0.11574596833843877,0.11626703759898041,-0.180625434785001,-0.19082284025122073,-0.187812056606337,0.07977240352174657,
4317509,SANTO ANGELO,RS,24,724,3,2,0.05201911240687982,-0.11349227127364048,0.36263425417129974,0.4042714114919084,0.4584238213871548,-0.2379154757154432,0.0,0.0930989063904969,-0.02817180849095055,0.24324618014776556,0.46092074094041546,0.042819924315292135,0.11113529627812563,0.16791512356486685,-0.15733881028688976
4317608,SANTO ANTONIO DA PATRULHA,RS,24,297,0,0,0.03764454372560586,0.23221493689433365,0.08961552654544665,0.13333974366679457,-0.11507074965890761,,,,,,,,,,
4317806,SANTO AUGUSTO,RS,24,33,1,0,0.05513504011335789,0.12783174881539855,0.2111996946199793,0.11577249832619849,0.3521070552009818,-0.14356850721551082,-0.1511670118591232,0.3951556760775207,,,,,,,
4317905,SANTO CRISTO,RS,24,55,0,0,0.07047204530536226,0.043868193842241394,0.13289967580638853,0.27077137851219474,0.08434893556676792,,,,,,,,,,
4318002,SAO BORJA,RS,24,227,0,1,0.2743318600020753,0.17380564250682068,0.2960753421798728,0.36242425968824804,0.40032185797866304,,,,,,-0.14356850721551082,-0.1511670118591232,-0.14558367013382342,,
4318200,SAO FRANCISCO DE PAULA,RS,24,192,2,0,0.4534996305333321,0.3876442168913197,0.3166262670262786,0.35851812874184263,0.17120657445869125,0.16267790856720543,0.3425593945223371,0.11113529627812563,-0.20149814827784027,-0.15733881028688976,,,,,
4318309,SAO GABRIEL,RS,24,232,0,0,0.3415038325498869,0.3869696335291356,0.1735094077679571,0.24173133905801247,0.05895585288912715,,,,,,,,,,
4318408,SAO JERONIMO,RS,24,121,0,0,0.4353141808301346,0.22517469303655321,0.3346534083395913,0.29499674590843905,0.2352035372571022,,,,,,,,,,
4318481,SAO JOSE DO HORTENCIO,RS,24,25,0,0,-0.20176242371929975,-0.2446611798752989,0.06968104372781844,-0.10316378397763679,0.3737210516814583,,,,,,,,,,
4318499,SAO JOSE DO INHACORA,RS,24,27,0,0,-0.16307602202351856,-0.2746305402904274,0.011545650773567555,-0.04847803527451107,0.4005126726055266,,,,,,,,,,
4318507,SAO JOSE DO NORTE,RS,24,94,1,0,0.6794782400887288,0.7573956861726883,0.5527439189860905,0.5564955267915804,0.31753680900872894,-0.11879247414119364,0.33283124940120196,0.44497807239961795,0.29649110736105744,-0.08560080883635282,,,,,
4318606,SAO JOSE DO OURO,RS,24,45,0,0,0.4850851098452325,0.5125033035343013,0.29578876880641464,0.1840199928870363,0.06229678986555248,,,,,,,,,,
4318705,SAO LEOPOLDO,RS,24,1384,10,4,0.19520605113331405,0.1761399683220806,0.2830463154201448,0.21733266258979017,0.07725663843869311,0.11817578957375031,0.06507146153877164,0.24340875484622954,0.3590927607044563,0.012601877819703127,-0.05570860145311555,-0.18658823354484835,-0.34478798873601946,-0.09166984970282112,-0.21560984046602585
4318804,SAO LOURENCO DO SUL,RS,24,94,0,0,0.44333537802009443,0.3558748075140091,0.28958131887886834,0.3257397685001005,0.009707695787209376,,,,,,,,,,
4318903,SAO LUIZ GONZAGA,RS,24,132,2,2,0.07198210669120077,-0.15435728355079104,0.07065626341192627,0.3791930669420134,0.484776168751678,-0.18057877962865382,-0.19076793510255108,-0.187812056606337,0.3589758158478596,,-0.18057877962865382,-0.19076793510255108,-0.187812056606337,-0.19943100880436643,
4319000,SAO MARCOS,RS,24,588,1,1,-0.159633258477615,-0.08348126226224786,0.04971844842039591,0.17532809180785408,-0.15063147000440336,-0.1312968084757456,0.3551175031942724,-0.13152996260015795,-0.13894392281577547,-0.14802951937156295,-0.1312968084757456,-0.13810125124221703,0.4165115482338335,-0.13894392281577547,-0.14802951937156295
4319356,SAO PEDRO DA SERRA,RS,24,25,0,0,-0.1988119520508606,0.003932548523897629,-0.07720880321914482,0.2128944727893101,0.4170288281141495,,,,,,,,,,
4319505,SAO SEBASTIAO DO CAI,RS,24,453,0,0,0.06336419386103288,0.054628722285150796,0.21870371988939594,0.16652123013900466,0.39839567548376215,,,,,,,,,,
4319604,SAO SEPE,RS,24,22,1,0,0.37195886726349564,0.4453503462323293,0.27288227274115023,0.022731059422021027,0.18024268021136866,-0.11879247414119364,0.37443515557635226,0.41632061925371927,0.4629100498862757,-0.10793353340882884,,,,,
4319802,SAO VICENTE DO SUL,RS,24,23,0,0,0.31140556836876804,0.1473988241520437,0.2778564499174756,0.507263433868383,0.06188410440164164,,,,,,,,,,
4319901,SAPIRANGA,RS,24,515,0,0,0.23132628466516802,0.3246167989892073,0.34170930287760987,0.37402043235149574,0.1546879112549663,,,,,,,,,,
4320008,SAPUCAIA DO SUL,RS,24,773,2,5,0.16848354691069614,0.21691683296942357,0.2897694888402132,0.3514494079413255,0.21063554323810965,-0.1312525635516668,-0.1380498647283479,-0.14558367013382342,-0.15397947077242097,,0.23803419272898202,-0.02298788618501952,-0.07832803072671753,-0.332633674318044,0.09862873039405895
4320107,SARANDI,RS,24,144,0,1,-0.03262542475249034,0.21005247170502542,0.1444446165548644,0.4497002008921329,0.48776343357074753,,,,,,-0.10603951061323537,-0.11129646084817227,-0.11709949273674157,,
4320206,SEBERI,RS,24,163,0,0,0.3563759592086655,0.4556509680671796,0.5758885375081062,0.5598382689017932,0.25260880403135816,,,,,,,,,,
4320404,SERAFINA CORREA,RS,24,178,0,0,0.2295727015406871,0.3258691447620116,0.35638698595725427,0.3861197364738676,0.45958453358519213,,,,,,,,,,
4320701,SOBRADINHO,RS,24,30,1,0,-0.37189545352975595,-0.11949010892206927,-0.16473058179608815,0.153092138394251,-0.004541359160308738,-0.11879247414119364,-0.12481171852545074,0.4601438423330581,,,,,,,
4320800,SOLEDADE,RS,24,113,0,1,0.3918992700268876,0.5244386535474717,0.4988857369308725,0.6185917853505748,0.46447731936422404,,,,,,-0.1312525635516668,-0.1380498647283479,-0.13146966923801662,-0.13887301496588275,-0.10793353340882884
4320909,TAPEJARA,RS,24,216,0,0,0.1520873284128814,0.13510249571714406,0.3284741413645453,0.2962906836675276,0.256512297814991,,,,,,,,,,
4321006,TAPERA,RS,24,88,0,0,-0.337407420682006,0.0975790463624125,0.11196022386609093,0.17419861198188955,0.21784084771065826,,,,,,,,,,
4321105,TAPES,RS,24,20,0,0,0.5079730623669515,0.23392148697319445,0.25544113873172103,0.11454053224818188,-0.24641124624688665,,,,,,,,,,
4321204,TAQUARA,RS,24,232,0,1,0.33097103510404546,0.3152989029028942,0.4022282164559325,0.5245982743409835,0.36807573019968576,,,,,,0.3562569582116671,-0.1380498647283479,0.32867417309504154,0.4629100498862757,0.6116233559833635
4321303,TAQUARI,RS,24,132,0,2,0.06325923892233877,0.10057457832580263,0.3770958564044202,0.40502692674325685,0.4081871228949797,,,,,,-0.15584561614612077,-0.1642739187739858,-0.15960582506597942,-0.15397947077242097,
4321402,TENENTE PORTELA,RS,24,86,0,0,-0.25953010809962157,-0.17233711857857512,0.16927827900597886,0.28927855266373076,0.6886012834002825,,,,,,,,,,
4321436,TERRA DE AREIA,RS,24,41,0,0,0.20587942000303835,0.3836680420658425,0.5560067777831345,0.45004725174219423,0.15002974821010764,,,,,,,,,,
4321451,TEUTONIA,RS,24,391,2,0,-0.1616359350178162,-0.16167373669721966,0.24606276460420223,0.41163326141106865,0.4580759759026479,0.1615644438842296,-0.1512186664008184,-0.14564381625088382,-0.15405047814108908,-0.167169043324589,,,,,
4321501,TORRES,RS,24,300,1,2,-0.15256045628217518,0.1733108444469719,0.00185947142888584,0.12722648879557413,0.2871682480227601,-0.18067212612216063,-0.19087779283414566,-0.18787532494453266,-0.1995065938018895,0.2924479425550616,-0.18067212612216063,0.22558284607671758,-0.18787532494453266,-0.1995065938018895,-0.18610323617140284
4321600,TRAMANDAI,RS,24,252,0,4,0.031706527257992834,0.1063308799915489,0.02565514104330892,0.36514913519467984,0.1276005908903693,,,,,,-0.021754269106836525,-0.2977717651767463,-0.11696377816080507,0.22107390681834868,-0.24351020133702336
4321634,TRES ARROIOS,RS,24,34,1,0,0.1207093913121057,-0.2824421463706154,0.2757958955282871,0.21507086347706839,-0.26412618556073686,0.3613138706947311,-0.11156113770434332,-0.10235326314383178,0.40448489865629994,-0.1080657239463167,,,,,
4321667,TRES CACHOEIRAS,RS,24,47,0,0,0.303455629990798,0.2908401312477057,0.2545607550337753,0.04809501570611818,-0.07795229833124169,,,,,,,,,,
4321709,TRES COROAS,RS,24,121,0,0,0.13571642496655312,0.14106863588451665,0.393237298387175,0.1845001441407939,-0.023830819180707768,,,,,,,,,,
4321808,TRES DE MAIO,RS,24,111,0,1,0.02345402598269794,0.02714900887971971,0.19746185876273598,0.4151333224402157,0.3712142549010876,,,,,,0.3937576906550004,-0.1380498647283479,0.41632061925371927,0.32403703492039304,0.467711978104925
4321907,TRES PASSOS,RS,24,224,0,0,0.12657193750842222,0.3006807681856041,0.4295316573126256,0.5089936209681202,0.08126562308019575,,,,,,,,,,
4321956,TRINDADE DO SUL,RS,24,76,1,0,0.1360766028712671,0.14965835136564204,0.2812452448504162,0.47444467466909573,0.3559978950436434,-0.1436572118932451,-0.1512703739305911,0.4369314487526515,,,,,,,
4322004,TRIUNFO,RS,24,246,1,1,-0.015580453308076902,0.032907035484847275,0.2931218087127153,0.3111718836762715,0.290971236095183,-0.14361283900820412,0.20792566630112533,0.27048137303735564,0.44014422326025443,-0.12837345383073615,0.34108049264448476,0.3024373328016368,-0.14564381625088382,-0.15405047814108908,-0.12837345383073615
4322251,TUPANDI,RS,24,40,0,1,0.036718688666332024,0.18640604608761732,0.4545016693596503,0.4173673461473663,0.16772354891770427,,,,,,-0.11897137857108693,-0.12501887504729522,-0.13171134162808792,-0.13915729983856637,
4322400,URUGUAIANA,RS,24,392,4,4,0.3996922526872397,0.524655152568534,0.2803918303830479,0.29988373899177645,-0.10271219037236214,0.04103297460532253,0.048647320509883185,0.037780838608412824,0.22769127776959358,-0.1868108151774625,0.4220534530833174,0.2303301705774061,0.024042351841717248,-0.013351713420881406,0.1539492140103103
4322509,VACARIA,RS,24,549,3,0,0.3893108275495674,0.3478263554028509,0.2024064229692714,0.17932486741697803,0.03689803387733141,0.30361335602843254,0.27460851418988047,-0.012623705177294917,0.3346747203760412,0.5523208902067301,,,,,
4322541,VALE REAL,RS,24,40,0,0,-0.04036716076245344,0.011902656989872952,0.38583386786991564,0.3388541258139697,0.5860648378435298,,,,,,,,,,
4322608,VENANCIO AIRES,RS,24,1145,7,0,-0.023721879639925437,-0.13410532222151011,0.21383514642962206,0.1430787219397456,0.1747447485943282,-0.1912848276672351,0.08049290946831208,-0.23975748393047583,-0.17056431340692133,0.0757209264083495,,,,,
4322707,VERA CRUZ,RS,24,102,0,0,0.25813354892474416,0.181131149451714,0.27870465657554044,0.3552434581431379,0.5448290232582814,,,,,,,,,,
4322806,VERANOPOLIS,RS,24,298,0,0,0.27551486392182073,0.10644869079069862,0.21996174132887517,0.3206506489255706,0.11723401930806006,,,,,,,,,,
4323002,VIAMAO,RS,24,562,3,6,0.1465590018747725,0.253767725640624,0.34605255606554775,0.3405521679982324,0.0,-0.22513928939313688,-0.23753969409062176,-0.2310284308807498,0.13413872400955498,,0.13431671344343143,0.008200110071876134,0.13271434454630596,0.04781704867108594,0.09181368125783707
4323309,VILA FLORES,RS,24,27,0,0,0.25285352013484025,0.3149360681942973,0.12168590499917203,0.3569033544948839,0.2795000173900538,,,,,,,,,,
4323408,VILA MARIA,RS,24,84,2,0,0.1740102091322085,0.1757899795450089,0.017903197271953972,0.021150169069426662,0.1500056713991362,-0.10608524687182662,-0.11134924551362411,0.30461820886088153,-0.12360984849491553,,,,,,
4323770,WESTFALIA,RS,24,38,0,0,-0.10744406685576971,-0.19439610431618573,-0.2758312107813774,-0.03791268472746758,0.6552037088973378,,,,,,,,,,
4323804,XANGRI-LA,RS,24,106,0,0,0.050593439064607705,0.23286727694332332,0.2928173859963214,0.3926351647689457,0.3520920783738284,,,,,,,,,,
5000203,AGUA CLARA,MS,24,176,0,0,-0.24807432186974762,-0.4530972464574693,-0.18460260823684774,-0.03930417321200055,0.20935193011738643,,,,,,,,,,
5000609,AMAMBAI,MS,24,68,1,0,-0.18946796077289638,-0.2272897888524788,-0.10217399941121894,0.010050414248420795,0.28324590792405463,0.015470290118360115,0.3282968460388027,0.19383037638078007,-0.1128532190794918,0.07224081883666333,,,,,
5000708,ANASTACIO,MS,24,87,0,0,0.318910588566448,0.5685327564895735,0.4343711346356372,0.4242796186481467,-0.0476160484663053,,,,,,,,,,
5000807,ANAURILANDIA,MS,24,109,0,0,-0.32357850737164867,-0.24721528355827882,-0.0717796602214085,0.11330064535622172,0.3106517898422715,,,,,,,,,,
5000856,ANGELICA,MS,24,86,0,0,0.11303845514303548,-0.14317221317997375,0.14600956364218926,-0.09374070936644534,-0.20810914998228613,,,,,,,,,,
5001003,APARECIDA DO TABOADO,MS,24,524,0,0,-0.15514820795258488,-0.12683625070323645,0.052255187209242146,-0.025263422210235004,0.09112264036773103,,,,,,,,,,
5001102,AQUIDAUANA,MS,24,181,0,0,-0.053426509436333224,0.024125276249955346,-0.08280560487206134,-0.07166542940692525,0.07680812267187277,,,,,,,,,,
5001243,ARAL MOREIRA,MS,24,37,6,0,0.13443223135780552,0.016161283984514885,0.007379257954801608,0.29789694320956567,0.04122745989449594,0.08218746258491529,0.06947015849910358,-0.18812903920590088,-0.1998097954871672,,,,,,
5001508,BANDEIRANTES,MS,24,25,0,0,0.03592117532265528,0.10449608260418594,0.2548788341359033,0.05698381889282547,0.0016706531462279306,,,,,,,,,,
5001904,BATAGUASSU,MS,24,167,0,0,-0.17438883113686685,-0.25469751463831336,0.1463832033397328,0.1323903773318039,-0.06478635483917368,,,,,,,,,,
5002001,BATAYPORA,MS,24,102,0,0,-0.16269482817957834,-0.4207313880743753,-0.3028495402218407,0.18498937293781367,0.13274466231999438,,,,,,,,,,
5002100,BELA VISTA,MS,24,115,3,2,0.16956280689657488,0.21595239369203267,0.1647254525498918,0.07465018093404446,-0.23606684260939012,-0.13401627110983003,0.2996451536892665,-0.12511516736054804,0.3975626265527528,-0.08560080883635282,-0.09276856296835104,-0.09726832530780989,-0.08643572325155013,-0.09096678634074566,
5002159,BODOQUENA,MS,24,28,0,0,-0.28555357246313673,-0.09416152266415408,-0.0891044665254159,-0.04359657558380898,-0.30323921743156135,,,,,,,,,,
5002209,BONITO,MS,24,145,0,0,0.053030494169715156,0.13516245287019688,0.3712517521666943,0.3137890154131529,0.09933832512609876,,,,,,,,,,
5002308,BRASILANDIA,MS,24,44,0,0,-0.38350399347467357,-0.22065647923581722,0.16027669406422987,0.10702483148712251,0.16614414650259204,,,,,,,,,,
5002407,CAARAPO,MS,24,123,0,0,0.025200864455053464,-0.22818613151721562,0.19088164090168552,0.0432074033868133,0.31174675187104195,,,,,,,,,,
5002704,CAMPO GRANDE,MS,24,7061,23,28,-0.42904342469275786,-0.5148161451998275,-0.07286004118054625,0.0602713728391941,0.2081957994705309,-0.30517681240887984,-0.3227932499177186,-0.17126275588900114,0.17833273831119156,0.3592821766676367,-0.3763196101518894,-0.24999682264311593,0.1847674623500899,0.11430129446975336,0.3884553360365711
5002902,CASSILANDIA,MS,24,46,1,0,0.10201474915229607,-0.2753820984138478,-0.1444187486348708,-0.14162890240818693,0.11399548020825685,-0.11879247414119364,-0.12481171852545074,-0.11709949273674157,-0.12353796140044059,0.6116233559833635,,,,,
5002951,CHAPADAO DO SUL,MS,24,145,2,0,-0.40107584062121077,-0.4504620156574792,-0.11039834520039137,-0.16463357636536913,0.42040790366942615,0.12883022535636277,-0.18066417986025618,-0.1905176507625011,-0.20149814827784027,0.2232176845589381,,,,,
5003207,CORUMBA,MS,24,340,1,0,0.0,-0.0012806438523823565,-0.06543332132356529,-0.13786153417650074,-0.21159306219242427,-0.11879247414119364,-0.12481171852545074,-0.11709949273674157,-0.12353796140044059,-0.10793353340882884,,,,,
5003256,COSTA RICA,MS,24,97,0,0,-0.1840691514355387,-0.1120492407536327,0.23583135317764067,0.5142141834963708,0.5695938832513106,,,,,,,,,,
5003306,COXIM,MS,24,93,1,0,0.09985828996187068,0.06705117171715452,0.02456514070015386,0.09144747677561371,0.07119575861704348,-0.07860336953666276,-0.08233397804228353,-0.06892827280530912,-0.07245688373094719,-0.05882352941176471,,,,,
5003454,DEODAPOLIS,MS,24,54,0,1,0.3027395017782123,0.123751009469241,0.24611628416001932,0.07653847175216225,-0.15001666944495895,,,,,,0.2970928114367429,-0.1248634111010882,0.4217790584227591,-0.12360984849491553,-0.10793353340882884
5003488,DOIS IRMAOS DO BURITI,MS,24,26,0,0,0.1807104994700641,-0.15255867541389304,0.13235697253380035,0.08971458338216903,-0.4173182277015894,,,,,,,,,,
5003702,DOURADOS,MS,24,1720,8,16,-0.3070508088670831,-0.34031431978010185,0.015111942284448657,-0.06921282533907785,0.1757777079096206,0.018001835474308996,0.07316182611879045,-0.15758765183541218,0.24949779489980262,0.3032896508174003,-0.0768851290969392,-0.28245677140456604,-0.31647004885673236,0.39113671063380007,0.30181005271249034
5003751,ELDORADO,MS,24,49,0,0,0.21447761696418194,-0.03547393669704999,-0.16060381046162014,-0.12279116669241265,0.44809518657890757,,,,,,,,,,
5003801,FATIMA DO SUL,MS,24,75,2,0,0.12194583399963055,-0.08887753132666826,0.3139037784299884,0.07601046626930695,0.19257958955048562,-0.10603951061323537,-0.11129646084817227,-0.10222556095668148,-0.10771355506504919,0.7276068751089989,,,,,
5004106,GUIA LOPES DA LAGUNA,MS,24,83,0,0,-0.03236914702621894,0.13581433800859752,0.42724206974217493,0.28506960004503484,0.5515224304424645,,,,,,,,,,
5004403,INOCENCIA,MS,24,69,0,2,0.012794656929171361,-0.2070936082595854,0.09485266420373693,0.0400325918931852,0.2561117598986064,,,,,,-0.1312968084757456,-0.13810125124221703,0.3537064108950036,0.39612980093422906,-0.12837345383073615
5004502,ITAPORA,MS,24,45,0,0,0.036990943750427184,-0.025801250852027693,-0.04063901297774194,-0.19738118550565228,-0.39695083313850604,,,,,,,,,,
5004601,ITAQUIRAI,MS,24,275,0,0,-0.35263997612185505,-0.40857057030950106,0.16718940710339814,0.17636188194395222,0.33046711889889074,,,,,,,,,,
5004700,IVINHEMA,MS,24,40,2,0,-0.12292893016610568,0.05594420608148097,0.2474566772737701,0.30193379330983905,-0.02820855141157531,-0.11879247414119364,-0.12481171852545074,-0.11709949273674157,-0.10771355506504919,,,,,,
5005004,JARDIM,MS,24,109,2,0,-0.31832546243190196,-0.5208875387639593,-0.19748612342445557,-0.10923208639484965,0.6476002304782805,0.10383191105469851,-0.21888807130954352,0.06027736605720579,0.0797917493213572,0.18263265100276752,,,,,
5005400,MARACAJU,MS,24,225,0,0,0.116685189503622,-0.051274111751971656,0.21097078120022028,0.12845097751629148,0.14670548842744718,,,,,,,,,,
5005608,MIRANDA,MS,24,116,1,0,-0.2607028954719096,-0.2742192632746271,0.03322438183877617,-0.05850037344576564,0.32403776837022347,0.16820784491462742,-0.17750655146324398,-0.17365294618974278,-0.18415070799100533,0.07698214791400605,,,,,
5005707,NAVIRAI,MS,24,370,0,4,-0.30213540607143397,-0.3555488822279374,-0.052501844149163625,0.0616379896675567,0.34219355561943243,,,,,,-0.09276856296835104,-0.09726832530780989,-0.10222556095668148,-0.10771355506504919,
5006002,NOVA ALVORADA DO SUL,MS,24,126,0,0,-0.3063242288359866,-0.3027506448115739,-0.18310504636789252,0.15921441140936668,0.1226704282732897,,,,,,,,,,
5006200,NOVA ANDRADINA,MS,24,291,2,1,-0.019659521080854708,0.09055615377382757,0.1610023828823154,-0.018984083487523305,0.07967007147179346,-0.1533328790143649,0.241651393691659,-0.1481389116913825,-0.15628725202922028,0.467711978104925,-0.10603951061323537,-0.11129646084817227,0.5366841950225778,,
5006309,PARANAIBA,MS,24,324,0,3,-0.2958286132827226,-0.1572289743042933,0.03126107516251051,0.23552464061165274,0.25766265056033233,,,,,,0.23243447020611144,-0.14064976601741078,0.3980937143290165,-0.13182339722538647,0.3754325259515571
5006606,PONTA PORA,MS,24,289,3,2,0.005968330141220492,-0.06713011323847747,0.0825360766742012,0.06690055753648624,0.23749112000865624,0.1771963884113759,0.19590015146185677,0.09731327817482237,0.5749889084999459,0.14400000336596067,-0.1312525635516668,-0.1380498647283479,-0.13146966923801662,-0.13887301496588275,
5007109,RIBAS DO RIO PARDO,MS,24,251,7,0,0.0010872905706301888,0.06297130400374261,0.34423075535497355,0.12658228903375654,0.27659893917175826,0.2154835849967627,-0.020229339842817176,0.23899622547156985,-0.06428571428571431,-0.1868108151774625,,,,,
5007208,RIO BRILHANTE,MS,24,238,4,0,-0.0008148498338662168,0.04437591577112967,0.1744736160593752,0.21535670165682086,0.1051099342901494,-0.1312968084757456,-0.13810125124221703,-0.13152996260015795,-0.13894392281577547,,,,,,
5007406,RIO VERDE DE MATO GROSSO,MS,24,56,0,0,-0.10182199555704084,-0.05959475618410143,-0.08786847074567694,0.26165863833198916,0.548966910269878,,,,,,,,,,
5007505,ROCHEDO,MS,24,64,0,0,0.22666666666666668,0.1186053214366958,0.2571133416536915,0.02631333116455303,-0.0027456963833139094,,,,,,,,,,
5007695,SAO GABRIEL DO OESTE,MS,24,249,3,0,0.15239714282745723,-0.02794556750199062,0.18963444154541612,0.2578960331930241,0.009555448571831764,-0.18961142199433853,-0.1996197745908794,-0.19030152176409712,0.0862483362749919,-0.10793353340882884,,,,,
5007802,SELVIRIA,MS,24,30,0,0,0.06043616167220632,-0.14606168639302852,0.017381127379408258,-0.07114001159930292,0.29235166792991224,,,,,,,,,,
5007901,SIDROLANDIA,MS,24,286,1,3,0.12241512566208707,-0.028620551452509392,0.11197189128949958,0.19213869614549964,0.1198165622764228,-0.1312968084757456,-0.13810125124221703,-0.13152996260015795,-0.13894392281577547,0.6116233559833635,-0.18967533954949783,-0.19969407936716982,-0.1903887960276917,0.08629237423358008,-0.10793353340882884
5007935,SONORA,MS,24,60,0,1,0.2545254610684427,0.25594367553323477,0.03272792433155098,-0.32251452888009363,0.13492094936261928,,,,,,0.30508307783296046,-0.1511670118591232,-0.14558367013382342,-0.15397947077242097,0.32539568672798425
5008008,TERENOS,MS,24,76,0,1,0.11888189367127937,-0.004633996585757592,0.29386190594040446,0.18268600073927493,0.05006123391748498,,,,,,-0.1312525635516668,-0.1380498647283479,-0.14558367013382342,-0.15397947077242097,
5008305,TRES LAGOAS,MS,24,1222,1,5,-0.23710591194679576,-0.4509135003192582,0.16702414569902252,0.1307345852329562,0.2183240015431319,-0.09276856296835104,-0.09726832530780989,-0.10222556095668148,0.5385677753252459,0.35302699803452436,-0.1983475307948195,-0.20861731638973613,0.10812533789220885,0.07202243699240782,0.2573104303901197
5100201,AGUA BOA,MT,24,178,1,0,-0.10940399667655167,-0.09712168797865763,0.18044180398113926,0.040829098401939025,0.030344747304431107,-0.10603951061323537,0.3116300903748823,-0.10222556095668148,0.43085422026019676,-0.08560080883635282,,,,,
5100250,ALTA FLORESTA,MT,24,468,11,1,-0.000858618425457888,-0.18372689896970074,-0.012313376716728048,0.07915078618335372,0.2784119239374004,-0.09973015924358916,0.20985646308688652,0.10568897414125619,0.030217187322092658,-0.2725188134193338,-0.11879247414119364,-0.12481171852545074,-0.11709949273674157,0.49415184560176234,
5100300,ALTO ARAGUAIA,MT,24,25,0,0,-0.1953292192510242,-0.027285178588360232,-0.05929150982069987,0.4086116315463918,-0.04754429929877218,,,,,,,,,,
5100409,ALTO GARCAS,MT,24,61,0,0,0.04904595738497341,-0.027723774828655567,0.09222246683267758,-0.24590526819705766,0.27382401422590386,,,,,,,,,,
5100607,ALTO TAQUARI,MT,24,33,2,0,-0.10605183672023005,-0.032377184706671155,0.18377408889659477,-0.03648025846978957,0.08042535122641521,-0.09276856296835104,-0.09726832530780989,-0.08643572325155013,-0.09096678634074566,,,,,,
5100805,APIACAS,MT,24,28,2,0,-0.16239776758736554,0.1772594662212889,-0.02341959786380979,0.09657444663203463,0.09370236390204495,-0.20618908970960126,-0.21834498551333315,0.0,-0.21533372503787265,-0.2055415356303863,,,,,
5101258,ARAPUTANGA,MT,24,163,0,0,0.02460649743491,-0.07007868361282699,-0.06918367272446681,,,,,,,,,,,,
5101308,ARENAPOLIS,MT,24,31,0,0,0.17380310893091674,0.11824990777147797,-0.009324728162287263,-0.19810868701097586,-0.023021319813567708,,,,,,,,,,
5101407,ARIPUANA,MT,24,83,1,1,-0.06228086133141779,0.06220603923739624,-0.12821347352112933,0.20391696986128835,0.48168898982316416,0.08410392245731371,-0.17750655146324398,-0.1737146894614502,0.3889177075426414,-0.167169043324589,-0.16820784491462742,0.28401048234119036,-0.1737146894614502,-0.18422417725704063,
5101704,BARRA DO BUGRES,MT,24,79,2,0,0.04796116273362597,-0.10080985163637936,-0.09711942163853374,-0.21951915874311678,-0.1394819834693896,-0.10603951061323537,-0.11129646084817227,-0.10222556095668148,-0.10771355506504919,,,,,,
5101803,BARRA DO GARCAS,MT,24,506,3,0,0.004905225361308704,0.231306036232859,-0.10338215301116734,0.08824721038794907,-0.10731297839512367,-0.19221293610962237,-0.20218006145805978,-0.18614568639604176,0.4260904834203498,-0.23670895294574149,,,,,
5101902,BRASNORTE,MT,24,56,4,0,-0.0581137758834649,-0.22968130853460608,-0.07043411633950689,-0.4349557127531869,0.2084226961730733,0.2693356467807353,-0.20629485158256783,-0.3449190619164759,-0.07161051589356285,0.27611461476215654,,,,,
5102504,CACERES,MT,24,175,3,0,0.28911929925844726,0.2609740317870978,0.2962544473727376,0.13298406401476676,,0.2854591331954611,-0.11905473555017615,-0.09977324263038548,-0.105,,,,,,
5102637,CAMPO NOVO DO PARECIS,MT,24,236,3,0,0.08491190345271024,0.14328678663444153,0.545464772341619,0.32537153497479077,0.3230853348756192,-0.10603951061323537,-0.11129646084817227,0.38334585358755563,-0.10771355506504919,,,,,,
5102678,CAMPO VERDE,MT,24,312,3,0,0.18049023472461134,0.12442156201705665,0.3961901146538375,0.14051143410584274,0.16748115653414716,-0.011329308367402058,0.250780033096736,0.42559500064227146,0.5037453706946006,0.3146776205737795,,,,,
5102686,CAMPOS DE JULIO,MT,24,136,0,2,0.006036327274391504,0.022498689432116817,0.09235388247877929,0.20663298109849346,0.42660393306939115,,,,,,-0.11883712457469715,-0.1248634111010882,0.49207556815988557,0.4202734848827129,0.32566494261743845
5102702,CANARANA,MT,24,73,2,0,-0.15298577806083027,-0.030094433615492168,-0.19237617097426318,-0.1000967082815245,0.4121359436595771,-0.17183819822865823,0.21086217196254314,-0.1697822010904791,-0.17935201872551595,-0.18731716231633883,,,,,
5103007,CHAPADA DOS GUIMARAES,MT,24,37,0,1,0.3139806239040974,0.2483133308829121,0.32225551901181904,0.161024569128566,-0.4047632743460863,,,,,,-0.10603951061323537,0.3116300903748823,-0.10222556095668148,0.5385677753252459,-0.08560080883635282
5103106,COCALINHO,MT,24,32,0,0,0.397877400640251,-0.07890769401155644,-0.07139139965298656,-0.13993149668415716,0.0957272362739775,,,,,,,,,,
5103205,COLIDER,MT,24,412,0,0,-0.15547775518784954,-0.11085808498157255,0.06453339360575946,-0.08732555554320753,0.1297687051639063,,,,,,,,,,
5103254,COLNIZA,MT,24,65,1,0,0.17527550825853078,-0.20519831809672084,0.01553832627784339,0.1245504472346526,0.38696100226387653,-0.16829913818860218,-0.1776136444150456,0.4054784968255411,,,,,,,
5103304,COMODORO,MT,24,35,0,0,0.03481898817917245,-0.22666390180540297,-0.22728912956838918,0.21969737175564152,-0.00861346575823823,,,,,,,,,,
5103353,CONFRESA,MT,24,237,0,0,-0.07937814534908758,0.047899807456321025,0.1706567759974145,0.3104346221140531,0.13667833608619442,,,,,,,,,,
5103403,CUIABA,MT,24,4141,29,19,-0.012247050691236189,-0.23136226594071008,0.06756504386317241,0.029367914074069867,-0.06663135112030648,-0.1466988231479065,-0.0028906495764260518,0.3109331966954974,-0.18209360872437047,0.0037601850947034765,0.1789488076995798,0.021047171707008365,0.11067704796013282,-0.036686594308670994,-0.06781553091429338
5103502,DIAMANTINO,MT,24,416,2,0,0.060128357407745074,-0.08744730500485043,0.07276557596442214,0.009495139163241633,0.2472340882170744,0.1533328790143649,0.241651393691659,-0.1481389116913825,0.27350269105113545,-0.15733881028688976,,,,,
5103601,DOM AQUINO,MT,24,19,0,1,0.3105896054924062,-0.023568653314053407,-0.1721504434079904,0.13019672310478367,-0.33298459519402107,,,,,,-0.10608524687182662,-0.11134924551362411,-0.10222556095668148,-0.10771355506504919,
5104104,GUARANTA DO NORTE,MT,24,369,0,0,-0.3278490418412057,-0.13591664966818212,0.05087908561769954,-0.06405462870241971,0.532420079800563,,,,,,,,,,
5104807,JACIARA,MT,24,135,2,0,0.03294557344781869,0.019010926273646162,0.1125559458413767,0.19531004106273453,0.39881486132212646,-0.20772798519515778,0.26001846469111956,-0.21114520932526293,-0.22362309740358882,0.23414645289542352,,,,,
5105101,JUARA,MT,24,317,1,0,0.08944801108309802,0.10768192235003823,0.2998581799102746,0.15463768914841058,0.2186631019310896,0.2598173644691901,0.21910172491951935,0.1795565531992269,-0.15397947077242097,-0.12837345383073615,,,,,
5105150,JUINA,MT,24,162,1,0,-0.14143550355394538,-0.16892952935280608,-0.13345547139132583,-0.0954027425759891,0.18060701940778048,-0.14356850721551082,-0.1511670118591232,-0.14558367013382342,-0.15397947077242097,-0.12837345383073615,,,,,
5105176,JURUENA,MT,24,99,0,0,-0.1861519640877848,-0.2725613512861428,-0.06687604991972704,0.05808157881214023,0.35815394597346345,,,,,,,,,,
5105259,LUCAS DO RIO VERDE,MT,24,1032,7,1,-0.08328962887717972,-0.2144571671737274,0.14004209264347914,0.20983140128933034,0.4284400556818684,0.26705609599291186,0.031129465762674294,-0.2653740628582457,0.5569415428618216,0.17577923837777054,-0.16816225395433357,-0.17745307757998113,-0.17365294618974278,-0.18415070799100533,-0.18610323617140284
5105507,VILA BELA DA SANTISSIMA TRINDADE,MT,24,162,1,0,-0.013006449655803052,-0.15008631065271041,0.02225808126907301,0.2600414449532777,0.11815739738889501,-0.14361283900820412,-0.1512186664008184,-0.14564381625088382,0.30810095628217815,,,,,,
5105580,MARCELANDIA,MT,24,30,0,0,-0.06344967241627772,0.08472728462225264,-0.04871518533092735,0.18470414503526528,0.19898385241655253,,,,,,,,,,
5105606,MATUPA,MT,24,189,3,0,-0.09192280612217608,-0.22158346570342086,-0.00891435170791008,-0.0036190574668364373,0.467699324615995,0.11374277026166914,0.3676801012113154,0.015255734283945048,-0.26728636328851496,0.17851650353691714,,,,,
5105622,MIRASSOL D'OESTE,MT,24,74,0,0,0.1680662950885494,-0.13018291522191583,0.052186649611018085,-0.14961643163633337,-0.3334909154029939,,,,,,,,,,
5105903,NOBRES,MT,24,96,4,0,-0.18534980709542936,-0.03908497100830449,-0.4040479741273026,0.20424963754803258,0.4431592109015637,-0.11362758396114171,-0.11914060266234876,-0.1252144257397936,0.3497430134235657,0.3960590171906697,,,,,
5106000,NORTELANDIA,MT,24,55,0,0,-0.35709051079067655,0.09499226872507144,-0.08761272456001408,-0.1126257686250765,-0.31134313621352605,,,,,,,,,,
5106109,NOSSA SENHORA DO LIVRAMENTO,MT,24,54,1,1,0.21871849056383272,0.04330879339883493,0.06947771779812326,0.2940050288113478,0.22658436043360092,-0.14361283900820412,0.3402419994018414,0.3537064108950036,0.44014422326025443,0.35337091141177956,-0.14361283900820412,-0.1512186664008184,,,
5106216,NOVA CANAA DO NORTE,MT,24,30,0,0,-0.2711831756529093,-0.25788267492247563,-0.2856654636002059,-0.0005590271268334475,0.45880766667587497,,,,,,,,,,
5106224,NOVA MUTUM,MT,24,731,6,1,-0.25610310225216226,-0.3862659186742241,0.009503337240436442,0.06245934958919546,0.5874737939174586,-0.3328675381411251,-0.12878547036240123,-0.09746014694818132,-0.07596714068284549,0.1309231003641268,0.25974269357686797,-0.1642739187739858,-0.15960582506597942,-0.16903085094570333,0.07698214791400605
5106232,NOVA OLIMPIA,MT,24,86,1,0,0.2737029975504069,0.1696432249515308,0.3256263143745272,0.21562013662287696,0.025956547297700826,0.44536594457558853,-0.11129646084817227,0.48557141454423713,0.5385677753252459,-0.08560080883635282,,,,,
5106240,NOVA UBIRATA,MT,24,32,0,0,0.06702768225185785,0.09198637474978734,0.18304748990591546,0.12277836638635807,0.09804570375261855,,,,,,,,,,
5106257,NOVA XAVANTINA,MT,24,63,0,0,0.3178383414053942,0.06496918055707161,-0.19848960202924912,0.0022025630279930907,,,,,,,,,,,
5106307,PARANATINGA,MT,24,61,0,0,0.23659591772393423,0.25038357996091376,0.1116200530817593,0.2404334453917555,-0.11010122872608484,,,,,,,,,,
5106372,PEDRA PRETA,MT,24,231,0,0,0.13474539357456536,0.16650579609152152,0.012988419412385,0.05186743651429814,-0.3387428700742553,,,,,,,,,,
5106422,PEIXOTO DE AZEVEDO,MT,24,57,0,0,-0.20279742787478222,-0.4409125143578096,-0.10246058433478104,-0.20986515162985075,-0.08823072218670129,,,,,,,,,,
5106752,PONTES E LACERDA,MT,24,407,2,0,0.4504510517445538,0.46869208530708395,0.38839517626149417,0.28296466842275264,,-0.09276856296835104,-0.09726832530780989,-0.08643572325155013,-0.09096678634074566,,,,,,
5106802,PORTO DOS GAUCHOS,MT,24,36,0,0,0.0431806805954141,0.042299830801015195,0.23052636168695717,0.1029221959002128,-0.08104426188116923,,,,,,,,,,
5107040,PRIMAVERA DO LESTE,MT,24,623,8,1,-0.0037190582790309437,-0.11650974081005412,0.23632976054511226,0.0643853241138096,0.06282028370170424,0.027310835566214556,0.23541737557308542,0.02288143809781378,-0.26650261225206984,0.17108469379751842,0.336578676733382,-0.12481171852545074,-0.11709949273674157,0.4447366610415861,
5107065,QUERENCIA,MT,24,80,0,0,0.14500487372898843,0.06243786840517229,0.1608070941460615,0.29257841650556143,0.2658008843548011,,,,,,,,,,
5107107,SAO JOSE DOS QUATRO MARCOS,MT,24,50,1,0,0.09997500937109546,-0.0781463714053557,0.04191544687391757,0.14326618309068512,-0.12007302660701855,-0.10603951061323537,-0.11129646084817227,-0.10222556095668148,,,,,,,
5107305,SAO JOSE DO RIO CLARO,MT,24,69,3,0,0.2488061176065855,-0.003132577748731044,-0.0008531671680211864,0.08548891858171813,-0.247863587935994,0.19786768266256313,0.2924808091083626,-0.14797085841925586,-0.15609177071190494,-0.08560080883635282,,,,,
5107602,RONDONOPOLIS,MT,24,1724,23,11,-0.1336232469869654,-0.15105228368903842,0.04447301214916459,0.01973487429247948,-0.0037813196854895588,-0.2262336889773458,-0.23543839696060806,-0.11417517059266744,0.26344609068698754,0.2204155075111935,0.0014153084911425336,-0.2383897169160538,0.35333725670997096,0.136439988313422,-0.1572587274139424
5107701,ROSARIO OESTE,MT,24,37,0,0,0.1373521493748825,-0.17733232626372272,-0.42225189113476835,-0.07298242076394108,-0.15892605846024935,,,,,,,,,,
5107768,SANTA RITA DO TRIVELATO,MT,24,33,0,0,-0.05463429638185839,-0.26376620040414034,-0.15991544466148036,-0.19826197068181675,0.34054262147473846,,,,,,,,,,
5107792,SANTO ANTONIO DO LESTE,MT,24,36,0,0,-0.12463203844114476,-0.09440222017016514,-0.2586749262353813,-0.023550790120183785,-0.08093702576100405,,,,,,,,,,
5107800,SANTO ANTONIO DO LEVERGER,MT,24,25,0,0,0.411342733152653,0.5261478521832132,0.47741983663577137,0.48111116627939904,0.22634795467253563,,,,,,,,,,
5107859,SAO FELIX DO ARAGUAIA,MT,24,27,0,0,0.30994116291983514,0.5701380602329709,0.28489366502520574,0.3565270345517152,0.020257038248758314,,,,,,,,,,
5107875,SAPEZAL,MT,24,408,3,0,0.0637133486721115,-0.10105073494899275,-0.22350078281541091,0.14784096393751375,0.20240517831801014,-0.13401627110983003,0.22932027068056104,-0.12511516736054804,-0.13182339722538647,-0.08560080883635282,,,,,
5107909,SINOP,MT,24,1786,24,4,0.05927647798669894,-0.029911343304760085,0.2318274037562835,0.19201499311601658,0.29494293546818556,0.22404379657070425,0.13185240041498358,0.07268163577967329,0.0770368178859687,-0.27227797986676844,0.1367894009277969,-0.20933216936880633,-0.18672250315754654,0.14800099955392376,-0.12478354962115545
5107925,SORRISO,MT,24,838,11,4,0.10101869018668676,-0.004209706812672992,0.23325739446412572,0.28543567591061153,0.4464353691178762,0.0861991709439456,0.13898550548197217,-0.15278568337901527,0.3843951905581384,0.5936890600275779,-0.15584561614612077,0.21903189169864767,0.21945800946572175,-0.16903085094570333,
5107958,TANGARA DA SERRA,MT,24,505,3,1,0.38270038239803167,0.3891361039490194,0.2064541129396592,0.24292249836292915,,-0.13401627110983003,0.29658755008019233,0.2729785469684684,0.3075879268592351,,-0.09276856296835104,-0.09726832530780989,-0.08643572325155013,-0.09096678634074566,
5108006,TAPURAH,MT,24,96,4,0,-0.07274238308671549,-0.30455929958588934,-0.21590898539652378,0.1641711629902205,0.39816249311055607,0.22543446755211635,0.2925089696508522,-0.15990989435489308,-0.16939133514902585,0.39034738450619433,,,,,
5108055,TERRA NOVA DO NORTE,MT,24,30,1,0,-0.06392328579536535,-0.09640034480668716,0.17143058652057444,-0.11522977141518904,0.4932102996834714,-0.14361283900820412,-0.1512186664008184,-0.14558367013382342,-0.15397947077242097,-0.1670466199882679,,,,,
5108402,VARZEA GRANDE,MT,24,1065,11,6,-0.15058137833132065,-0.09536758099603364,0.15896736257573724,0.08320649701694054,0.0333748991517645,-0.2384158242717079,-0.023939897152069494,0.021862098471639887,0.009590659532513068,0.09135402712638693,-0.1135528043650453,-0.11905473555017615,-0.12511516736054804,0.30549549198264164,0.395574541147319
5108501,VERA,MT,24,117,0,1,-0.07470214389006873,-0.07334512072241928,0.16948794134152403,0.07934975078004926,0.4988066306488656,,,,,,0.04751342003699628,0.1341491335192369,-0.21671809314923093,0.34610508865713924,
5108857,NOVA MARILANDIA,MT,24,58,0,0,0.293960900414703,0.24062846149018327,-0.05974873768351965,0.032628330261498174,-0.3783976215729015,,,,,,,,,,
5108956,NOVA MONTE VERDE,MT,24,42,0,0,0.008947040328906978,0.09806740231549234,0.13204392932732636,0.37047852799736725,0.3592815440399547,,,,,,,,,,
5200050,ABADIA DE GOIAS,GO,24,54,0,0,-0.10863549653307814,-0.08802813547155122,-0.12760831074937193,-0.014191504257578619,0.6408060335483552,,,,,,,,,,
5200100,ABADIANIA,GO,24,32,0,0,-0.2516616410390799,0.0350026240006795,0.2227689505360117,-0.19179561875616866,0.029003313993582105,,,,,,,,,,
5200134,ACREUNA,GO,24,76,0,0,0.286650266477852,0.09098374071365502,0.11980798381856925,0.21096889656794368,0.2618882665646791,,,,,,,,,,
5200258,AGUAS LINDAS DE GOIAS,GO,24,231,2,1,-0.25713418588730996,-0.24825536186873468,0.32719108613533415,0.17112534361087497,0.4450213587907339,-0.07860336953666276,-0.08233397804228353,-0.08643572325155013,-0.09096678634074566,0.5396676670441443,-0.07860336953666276,-0.08233397804228353,-0.08643572325155013,-0.09096678634074566,
5200308,ALEXANIA,GO,24,63,0,0,-0.13521107837604104,-0.09950820910182703,0.22507365702942161,0.15389409021616202,0.2531127401485601,,,,,,,,,,
5201108,ANAPOLIS,GO,24,3288,16,10,-0.030324668665376118,0.04336191622590151,0.15975481843560008,0.1481968730789667,0.238171638047053,-0.22915334260639178,-0.25894378606920426,0.14393926341554175,-0.4716876830979013,0.19467778444931963,-0.08834928672824859,0.0018348654740628202,0.2875760542381103,0.21844167703191822,0.27632433078332996
5201306,ANICUNS,GO,24,122,0,0,-0.388456018784183,0.11345668247908221,-0.0791434028391821,-0.05165915376574137,0.2692786686746352,,,,,,,,,,
5201405,APARECIDA DE GOIANIA,GO,24,2823,16,5,0.0109043591552638,0.04133128188310641,0.1835004400465303,0.11366028456361235,0.26659209631281366,-0.002831193533151272,0.1446343517079813,-0.03732521542961531,0.12085618066819033,0.12530337018388313,-0.1633396519441412,-0.006833917946866632,0.3008565613621722,-0.058795729428616356,0.5480880714314021
5201504,APORE,GO,24,27,0,0,0.08658589931503827,-0.17968062981475316,0.20668937144207572,0.2531113935251204,0.3578058091370715,,,,,,,,,,
5202502,ARUANA,GO,24,88,0,0,-0.11650532935885724,0.1783638134802384,0.4950630204846033,0.18701563278772265,0.40873949775442553,,,,,,,,,,
5203203,BARRO ALTO,GO,24,48,1,0,0.06042791516176097,0.10085546404832106,0.38286713286713286,0.3686985093607337,0.24824053609836003,-0.1312968084757456,-0.13810125124221703,-0.14564381625088382,0.19806490046711453,0.5028842431250666,,,,,
5203302,BELA VISTA DE GOIAS,GO,24,173,2,0,-0.37670337645656327,-0.38153424423519916,-0.2028809841818974,-0.33282173428573963,0.5694199467326906,0.16867477123499666,0.3829232779476474,-0.014455675886984463,0.12262786789699316,0.2992528008322899,,,,,
5204250,CACHOEIRA DOURADA,GO,24,46,0,0,-0.14500338045816522,-0.08441989499876712,-0.1330250796702124,-0.06960172994891743,0.18398330652094833,,,,,,,,,,
5204300,CACU,GO,24,63,0,0,-0.24406952794822223,0.1972947549672925,0.4622978991556063,0.05029880618423276,0.44364103115384856,,,,,,,,,,
5204508,CALDAS NOVAS,GO,24,340,2,1,-0.3896929907457678,-0.24402432260641807,-0.30917186689889553,-0.2491199363458313,0.3939794825136605,-0.1342123198723443,-0.1408749938779911,0.8350484199783863,-0.09096678634074566,-0.10793353340882884,-0.09281641882036987,-0.0973233880494449,-0.08643572325155013,-0.09096678634074566,
5205000,CARMO DO RIO VERDE,GO,24,36,0,0,-0.11754231263461778,0.03883678186903087,0.05083892993724976,0.2401450620760882,0.256268118280218,,,,,,,,,,
5205109,CATALAO,GO,24,593,3,1,-0.10070557184404312,-0.2005894991613349,0.13163817292941574,0.08059200561214648,-0.023863879194634313,-0.1424807070437933,0.2326599312557098,0.22734614130848899,-0.16608186954193074,-0.19901960193908091,-0.07860336953666276,-0.08233397804228353,-0.08643572325155013,-0.09096678634074566,-0.10793353340882884
5205406,CERES,GO,24,137,0,2,0.03088750966196202,-0.11502506818661326,0.15045702696783642,0.3979371774373636,0.23151594449881185,,,,,,-0.10603951061323537,-0.11129646084817227,-0.10222556095668148,-0.10771355506504919,
5205455,CEZARINA,GO,24,28,1,0,0.24232964994606854,0.10906251084884687,-0.07426485516876914,-0.029209795738902707,-0.26934512992451964,-0.09281641882036987,0.3892935521977796,-0.0865042958313569,-0.09104654680003262,-0.05882352941176471,,,,,
5205471,CHAPADAO DO CEU,GO,24,90,1,0,-0.08460581948475152,-0.1266347807397091,-0.13622878082440296,0.30321653936053994,0.1389765737191745,-0.16834484060307353,0.10660035817780521,-0.18806551428793047,,,,,,,
5205497,CIDADE OCIDENTAL,GO,24,91,0,0,-0.062397473459540144,-0.16910033501240995,-0.19283292171539085,0.027429042940139127,0.14166444744497966,,,,,,,,,,
5205901,CORUMBAIBA,GO,24,48,0,0,0.09646365469420948,0.03783198960290386,0.15348287328167345,0.07379569742231155,0.020720369905175392,,,,,,,,,,
5206206,CRISTALINA,GO,24,153,3,3,-0.24354959088268466,-0.3314316827463828,0.35190867894333466,0.3235666257366227,0.23843464880287418,0.08878496115036913,-0.18047744680791858,-0.19030152176409712,0.21402364927497985,0.23915165534757107,-0.17161120007588127,-0.18047744680791858,0.2573395578400859,0.15013599277498588,0.1913213242780569
5206404,CRIXAS,GO,24,46,0,0,0.16751510545801923,0.0706508585799632,0.24392224384566952,0.08195483406572372,-0.0649405416832664,,,,,,,,,,
5207402,EDEIA,GO,24,78,0,0,-0.33181345053422584,-0.5628992643808888,-0.231248967069553,-0.0596081733851895,-0.17988149332175615,,,,,,,,,,
5208004,FORMOSA,GO,24,337,1,1,-0.22945788030447498,-0.23050717087348274,-0.07949249048168498,-0.07111952782096732,0.22353333000878,-0.10603951061323537,-0.11129646084817227,-0.11709949273674157,0.4447366610415861,0.5028842431250666,-0.10603951061323537,-0.11129646084817227,-0.11709949273674157,0.3953214764814098,-0.14790713033090194
5208400,GOIANAPOLIS,GO,24,29,0,0,-0.15930468523624253,-0.2924177291880592,-0.1643158519488152,-0.29990879900142403,0.247194056802443,,,,,,,,,,
5208608,GOIANESIA,GO,24,320,3,0,-0.10912920563199886,-0.33559660284066434,0.10857865226227668,-0.03918687252833659,0.15877132402714708,0.03398792510220617,0.023883812675879617,-0.23939718786127775,0.08451542547285167,0.4181818181818181,,,,,
5208707,GOIANIA,GO,24,10923,46,55,-0.2437163087556002,-0.38733339928954796,0.026011489926217057,0.1913029758936825,0.30181175826193474,-0.3205448737960749,-0.16058078560245834,0.03197510809999391,-0.02503288652333788,0.15389462625522876,-0.3944563394537349,-0.29553640905476136,-0.07707676112923338,0.06929858894350441,0.2952887276002375
5208806,GOIANIRA,GO,24,100,0,0,-0.13045273521435782,-0.2800416353536341,0.1515153033410236,0.02934596449790657,0.14133273745123726,,,,,,,,,,
5208905,GOIAS,GO,24,29,0,0,-0.011517672670130817,-0.12640961494190087,-0.039006356458642824,0.21899784716142975,-0.22634795467253563,,,,,,,,,,
5209101,GOIATUBA,GO,24,295,2,0,0.16394227935473588,0.37267265339733,0.15053632667711667,0.3789425429445298,0.16378781791513836,0.2515183507962272,-0.14079529090477774,0.2922669469924352,-0.09096678634074566,-0.05882352941176471,,,,,
5209705,HIDROLANDIA,GO,24,112,1,0,-0.35830887934145933,-0.4196859153734379,-0.034801101509385535,0.19423808554706665,0.4838821223332994,0.03127960592323921,-0.23209210055749657,-0.23169663139912886,0.3420345309433452,,,,,,
5209952,INDIARA,GO,24,38,0,0,0.35470898424947733,0.402809566738263,0.20308300743630567,0.03908821161448397,-0.06223710548066434,,,,,,,,,,
5210000,INHUMAS,GO,24,250,3,0,0.08933528474881963,0.24414410623109334,0.22272552987422115,0.12893864653549378,0.052617793055810054,-0.21532964562319706,-0.22673174627345843,0.04264601778286328,0.43606029263322005,-0.23670895294574149,,,,,
5210109,IPAMERI,GO,24,47,0,0,0.1058350893305234,0.3640795383882555,0.18261756709373184,0.3094596097481752,0.368617601230685,,,,,,,,,,
5210208,IPORA,GO,24,59,1,0,0.23825269532036344,0.07680856900561682,0.1689879467841094,-0.012899268535890449,-0.10519303099774151,0.39627275131416195,-0.1249151679576533,0.44521122833513455,0.49443939397966213,-0.08574929257125442,,,,,
5210406,ITABERAI,GO,24,238,4,0,0.09171978649774788,0.006187974534320522,0.11835953747335518,0.15382125444451447,0.09087107497621133,0.06557110611958629,-0.20183764796716716,0.0949612262200501,-0.19613894464455778,-0.10793353340882884,,,,,
5210901,ITAPACI,GO,24,65,3,0,-0.006473490312611652,0.049064861199498454,0.33630111127382756,0.4562105151261844,-0.021510662015666482,0.14934260618002562,0.06472649940030387,-0.25145092361525634,0.348617329679968,-0.14802951937156295,,,,,
5211503,ITUMBIARA,GO,24,694,3,0,-0.2852853222980814,-0.22667396187167707,-0.08645169669614111,0.07745623403694031,0.3247397683524727,0.03588827427053285,-0.22673174627345843,0.42559500064227146,-0.253546276418555,-0.01818181818181818,,,,,
5211701,JANDAIA,GO,24,92,0,0,0.13682392408398034,0.03577502394303599,0.1787085191709472,0.11584249264148128,0.07115791872140369,,,,,,,,,,
5211800,JARAGUA,GO,24,98,0,0,-0.3780604155381922,-0.41557546304337334,0.07291052192338374,-0.024537074914577243,0.03272099955018442,,,,,,,,,,
5211909,JATAI,GO,24,533,4,1,0.19214604625852572,0.19471269433271537,0.14691553743094657,0.1986091634967245,0.16395745837274373,0.16724192046924136,0.1047661784757979,-0.15701828886553715,0.20245406548451983,-0.1080657239463167,-0.09276856296835104,-0.09726832530780989,-0.08643572325155013,-0.09096678634074566,
5212204,JUSSARA,GO,24,46,0,0,-0.06471976836038325,-0.03543542051398449,-0.3128691672876116,-0.08167692975058961,-0.32585736385003455,,,,,,,,,,
5212501,LUZIANIA,GO,24,511,9,2,-0.22549290530396876,-0.26777336166649585,0.006298439309093546,0.057826062085911206,0.15264983598087462,-0.007264966110222969,-0.306621244661431,-0.2832712600661251,0.1501993763980061,0.11363358520719817,-0.10603951061323537,-0.11129646084817227,-0.10222556095668148,-0.10771355506504919,
5213004,MAURILANDIA,GO,24,22,0,0,-0.16731656735076175,0.3243144962081654,0.1598663020397379,-0.024379896187252854,0.05095346855822623,,,,,,,,,,
5213087,MINACU,GO,24,44,0,0,-0.2630278843912857,-0.20787611944948198,0.09005007962679511,0.19533780443059368,0.28478062365430645,,,,,,,,,,
5213103,MINEIROS,GO,24,285,2,0,-0.41585055820681033,-0.4433891586207875,-0.13961416485381886,0.09590196924141833,-0.04368874919286592,-0.09082312484645105,-0.09513965790405156,-0.09988655696858585,-0.10513149660756936,0.4679383110793329,,,,,
5213707,MONTES CLAROS DE GOIAS,GO,24,36,0,0,-0.07855868841033031,0.049577467778526216,0.08995725793143856,0.1556495305443376,0.2670115892529058,,,,,,,,,,
5213756,MONTIVIDIU,GO,24,29,0,0,-0.15785469673683725,-0.3245454963386167,0.2457687179602891,-0.0370619630286645,-0.055225637896517334,,,,,,,,,,
5213806,MORRINHOS,GO,24,213,2,0,-0.1049911281585728,-0.13517018502039665,-0.05984992548688915,0.1377051401937641,0.47777466242451166,-0.09276856296835104,-0.09726832530780989,-0.08643572325155013,-0.09096678634074566,,,,,,
5214002,MOZARLANDIA,GO,24,198,1,0,-0.60070563541461,-0.502134321952749,0.014139193387069024,0.05673259703281734,0.3598673062843453,-0.15584561614612077,-0.1642739187739858,-0.15960582506597942,-0.16903085094570333,0.28226787568468886,,,,,
5214408,NAZARIO,GO,24,19,0,0,-0.16336686537152664,-0.12817278630099124,-0.22543374202225372,0.017065384022480205,0.3683222071013771,,,,,,,,,,
5214507,NEROPOLIS,GO,24,105,3,0,-0.19218436071503686,-0.2264438084160183,-0.08179869194950208,0.017703139388039146,0.5406095642684885,-0.08892114224034038,0.008333622700256466,-0.015235282830078776,-0.1486085698815971,0.32462824300212334,,,,,
5214606,NIQUELANDIA,GO,24,62,0,0,0.04487463480844632,-0.13412579560781612,0.08973457561695107,-0.058454189947305474,-0.49088897429480793,,,,,,,,,,
5215009,NOVA VENEZA,GO,24,76,1,0,-0.1342885049054027,-0.18684647235896373,0.34176951348928725,-0.022781798097035778,0.16419528376245154,0.15495187715990683,-0.06577814836789594,0.26486423168198797,-0.07541355177598516,-0.30818726941763475,,,,,
5215231,NOVO GAMA,GO,24,57,0,0,-0.21541865982207445,0.04406453479135871,-0.01790585516576257,0.28847154415515647,0.24404918907291226,,,,,,,,,,
5215306,ORIZONA,GO,24,40,0,0,-0.07071751787503029,-0.07568619893736073,0.19040536831703053,0.329348975533039,0.3036164411067606,,,,,,,,,,
5215504,OUVIDOR,GO,24,30,0,0,-0.2618334541840484,-0.02872328946478809,-0.12023891159508404,-0.14404699386912886,0.31934570359239384,,,,,,,,,,
5215603,PADRE BERNARDO,GO,24,37,0,0,0.13753648066888113,0.045461135291638664,0.13334355305277684,0.1186526131553737,0.05888899802347058,,,,,,,,,,
5215702,PALMEIRAS DE GOIAS,GO,24,159,0,0,0.3816663059099865,0.20631115322713292,0.0788104289793198,0.10852832111928097,-0.2826857084589273,,,,,,,,,,
5216403,PARAUNA,GO,24,47,1,0,0.21126915053217613,0.1545594414055556,-0.10491633786188774,-0.31187308643324724,0.2504526150909793,0.3565113737240914,0.3537796647864166,0.49207556815988557,-0.10778802002732395,-0.05882352941176471,,,,,
5217104,PIRACANJUBA,GO,24,38,0,0,0.3734329301112011,0.17975973342816592,0.420088451976917,0.031954477080445305,-0.03704396022070957,,,,,,,,,,
5217302,PIRENOPOLIS,GO,24,50,0,0,-0.20645948091060262,0.02391986701686091,-0.009764945205508836,0.09117196576657001,0.08178248888873979,,,,,,,,,,
5217401,PIRES DO RIO,GO,24,70,0,0,-0.16617941418448975,-0.10396424299878151,0.030627549266797727,0.42984335931567574,0.3712247336314028,,,,,,,,,,
5217609,PLANALTINA,GO,24,78,0,2,-0.11797702410924588,0.07161364870556913,0.35256391715024726,0.3912504791494475,-0.002925947265551239,,,,,,-0.09276856296835104,-0.09726832530780989,0.48557141454423713,-0.10771355506504919,
5217708,PONTALINA,GO,24,22,0,0,-0.1131405751209406,-0.14204304607914275,0.033852190356770936,0.38957932789581295,0.4338108826652684,,,,,,,,,,
5218003,PORANGATU,GO,24,88,0,0,-0.030962987416682124,-0.10096591859986655,0.08392633745010622,0.1667462389883582,0.23385890854984748,,,,,,,,,,
5218300,POSSE,GO,24,42,1,0,0.11476279050411413,-0.012806097713057327,0.1567773716452579,-0.16017144677316117,-0.07430344513960906,0.22511033443328554,-0.1642739187739858,-0.15960582506597942,0.3803194146278325,,,,,,
5218508,QUIRINOPOLIS,GO,24,228,3,0,0.19659521080854706,0.2801095384858068,0.29241833802574785,0.4954928967840244,0.268110746825789,-0.15318788335166178,0.19172187008538605,0.2912331607607581,0.2523379056040752,0.43425605536332174,,,,,
5218607,RIALMA,GO,24,34,0,0,-0.038910626064836154,-0.027197271904305396,-0.10522648921466922,0.09378692186343686,0.08660401647603752,,,,,,,,,,
5218789,RIO QUENTE,GO,24,55,0,0,-0.04316080146300384,-0.31187291841266995,-0.02957373299820223,-0.22938259391156807,-0.05536710328147596,,,,,,,,,,
5218805,RIO VERDE,GO,24,1381,11,1,-0.25651802640360655,-0.24812450276844147,0.2665538646464998,0.05607940161280398,0.3204668433452401,0.047905241340529106,-0.22701899732961223,-0.19117970603992024,0.10274580785086969,0.13142836282984685,-0.07860336953666276,-0.08233397804228353,-0.06892827280530912,0.7245688373094719,
5218904,RUBIATABA,GO,24,61,0,0,0.1254443729503905,0.04858404738348732,0.12652160771601426,0.07455648195664354,0.16674545770149696,,,,,,,,,,
5219308,SANTA HELENA DE GOIAS,GO,24,206,1,0,0.16913007745467176,0.237598841082846,0.1555300852823011,0.037120786035663524,,-0.06281001030561872,0.6572716413465648,-0.04761904761904761,-0.05000000000000001,,,,,,
5219704,SANTA TEREZINHA DE GOIAS,GO,24,33,0,1,-0.16551443298616578,-0.3451229116133529,0.22691804722393866,0.09955364634127215,0.17365717791179694,,,,,,-0.09276856296835104,-0.09726832530780989,-0.08643572325155013,0.545800718044474,-0.08560080883635282
5219712,SANTO ANTONIO DA BARRA,GO,24,31,0,0,-0.005023345360161604,0.16100928911889087,0.15136713787995795,-0.11900688585191503,0.46017899330842227,,,,,,,,,,
5219753,SANTO ANTONIO DO DESCOBERTO,GO,24,45,0,1,-0.5522247222969683,-0.27717876836239497,-0.2367454357646808,-0.080960355279757,0.43513379770107274,,,,,,-0.1312525635516668,-0.1380498647283479,-0.13146966923801662,-0.13887301496588275,0.47329875663342574
5220108,SAO LUIS DE MONTES BELOS,GO,24,95,0,0,-0.06609927067659872,0.2355108006250336,0.29704074504587086,0.22012942023473775,0.28807644073834776,,,,,,,,,,
5220207,SAO MIGUEL DO ARAGUAIA,GO,24,100,0,0,-0.06315465836220498,0.0629474388543021,-0.06035530634927837,-0.07466964912929383,0.27589895398234526,,,,,,,,,,
5220405,SAO SIMAO,GO,24,78,2,0,-0.34502407245862415,-0.17769873235109046,0.1178879446760538,0.03092208432180439,0.3653013245432147,-0.06281001030561872,-0.06572716413465648,-0.06892827280530912,-0.07245688373094719,,,,,,
5220454,SENADOR CANEDO,GO,24,662,2,0,-0.18911081087276935,-0.3583102191700585,-0.13067050078019612,-0.021681689782266953,0.47991462118522255,-0.11450715310358611,-0.31554254795050946,0.09159918645328739,-0.3347880291506327,-0.03510272829006818,,,,,
5220504,SERRANOPOLIS,GO,24,53,0,0,-0.19948506842448352,0.18437193872134391,-0.09379538162532106,-0.18116113526871916,-0.16116781297336924,,,,,,,,,,
5220603,SILVANIA,GO,24,38,0,1,-0.04506370451765737,-0.1495726341598588,0.07587801627508675,0.2225163302395846,0.0,,,,,,0.48703495558384285,-0.09726832530780989,-0.08643572325155013,-0.09096678634074566,-0.08560080883635282
5221403,TRINDADE,GO,24,344,1,0,-0.16877784154006134,-0.2904629454425715,0.22388400798422697,0.09783945352034565,0.37095192301156876,0.3937576906550004,-0.1380498647283479,-0.13146966923801662,0.3703280399090206,,,,,,
5221551,TURVELANDIA,GO,24,38,0,0,-0.03587931191903177,0.1506465465943084,-0.06480049886936415,0.24253400382514834,0.34416981360411797,,,,,,,,,,
5221601,URUACU,GO,24,267,2,1,-0.058636588100775495,-0.0006082671047613608,0.27330279502237853,0.011444464578242433,0.20011768081608086,0.054225969522401815,-0.1998263134713633,-0.1905176507625011,0.23508117299081363,-0.12837345383073615,-0.1312525635516668,0.19721409246906846,-0.13146966923801662,-0.13887301496588275,
5221858,VALPARAISO DE GOIAS,GO,24,259,0,5,0.030906554960047794,-0.23596002834736574,-0.13984278493270771,-0.1280900918686383,0.08528183713519762,,,,,,0.12277553098652758,0.3034400976422576,0.21220292665188714,-0.30000000000000004,0.06738332659594455
5222005,VIANOPOLIS,GO,24,38,0,0,-0.20635756043228487,-0.0014570116977983267,0.045191602621563354,-0.18341407111223215,0.01143449463079206,,,,,,,,,,
5222054,VICENTINOPOLIS,GO,24,36,0,0,0.24648805591181833,0.027556912421780863,0.0012043613257553718,-0.21376271027992988,-0.10744918662412799,,,,,,,,,,
5300108,BRASILIA,DF,24,17432,66,473,-0.37092982194253954,-0.28523061444375514,0.0330930027800744,-0.08465642822715963,0.12169225932204501,-0.20482123696683016,-0.15841110283366464,-0.1748954336936899,0.12545114902001367,0.27131225512104323,-0.30007493082295816,-0.2300465462912402,-0.12535496020940462,-0.028536507276767483,0.20077683132922522
